slug	title	type	missing_low	nums	n_sid	verdict	recover_isbn
17sai	17歳	standard	[1]	[2]	1	RECOVERABLE	{"1": "9784091827258"}
air-gear-unlimited	エア・ギアUNLIMITED	standard	[1, 2, 3, 4, 5, 6]	[7, 8, 9, 10, 11, 12, 13, 14, 15, 16, 17, 18, 19]	2	RECOVERABLE	{"1": "9784063770049", "2": "9784063770438", "3": "9784063770636", "4": "9784063770780", "5": "9784063770872", "6": "9784063771053"}
alfheim-no-kishi	妖精国の騎士	bunkobon	[1, 2, 3, 4, 5]	[6, 7, 8, 9, 10, 11, 12, 13, 14, 15, 16, 17, 18, 19, 20, 21, 22, 23, 24, 25, 26, 27]	1	RECOVERABLE	{"1": "9784253073882", "2": "9784253073899", "3": "9784253073905", "4": "9784253073912", "5": "9784253073929"}
ame-no-hi-wa-koi-o-suru	雨の日は恋をする	standard	[1]	[2, 3, 4, 5, 6, 7]	1	RECOVERABLE	{"1": "9784087851427"}
angel	Angel	standard	[1, 2, 3, 4, 5, 6]	[7]	1	RECOVERABLE	{"1": "9784915858758", "2": "9784915858789", "3": "9784915858819", "4": "9784915858840", "5": "9784915858871", "6": "9784915858901"}
aoi-fuyuko	アオイ冬子	standard	[1]	[2]	1	RECOVERABLE	{"1": "9784904312698"}
bastard	BASTARD!!	aizoban	[1]	[2, 3, 4, 5, 6, 7, 8, 9]	1	RECOVERABLE	{"1": "9784081063727"}
bats-terry	バツ＆テリー	wideban	[1]	[2, 4]	1	RECOVERABLE	{"1": "9784845822157"}
besuteia	ベスティア	standard	[1, 2, 3]	[4]	1	RECOVERABLE	{"1": "9784063349252", "2": "9784063349429", "3": "9784063349627"}
biba-usagi-kozou	ビバ☆うさぎ小僧	standard	[1, 2, 3, 4]	[5]	1	RECOVERABLE	{"1": "9784056003642", "2": "9784056006032", "3": "9784056007909", "4": "9784056010107"}
black-jack-oavban	BLACK JACK OAV版	bunkobon	[1]	[2]	1	RECOVERABLE	{"1": "9784253174152"}
blush-dc	/Blush-DC	aizoban	[1, 2, 3, 4, 5, 6, 7, 8, 9]	[10]	1	RECOVERABLE	{"7": "9784087925289", "8": "9784087927320", "9": "9784087927351"}
botsu-chan-no-jidai	『坊っちゃん』の時代	standard	[1]	[2, 3, 5]	2	RECOVERABLE	{"1": "9784575712292"}
byakuyou-no-musume	白妖の娘	aizoban	[1, 2]	[3]	1	RECOVERABLE	{"1": "9784253077064", "2": "9784253193993"}
cool	COOL	bunkobon	[1, 2, 3]	[4]	1	RECOVERABLE	{"1": "9784086188753", "2": "9784086188760", "3": "9784088725772"}
coyote	コヨーテ	standard	[1]	[2, 3, 4]	1	RECOVERABLE	{"1": "9784861349492"}
crown	CROWN	standard	[1]	[2, 3, 4, 5]	1	RECOVERABLE	{"1": "9784861272950"}
daruma-tanaka-2004	達摩	standard	[1, 2]	[3]	1	RECOVERABLE	{"1": "9784063520651"}
deki-no-ii-kiss-warui-kiss	できのいいキス悪いキス	standard	[1]	[2]	1	RECOVERABLE	{"1": "9784575725414"}
dokkiri-doctor	どっきりドクター	wideban	[1]	[2]	1	RECOVERABLE	{"1": "9784091257512"}
dorabeesu-doraemon-super-baseball-gaiden	ドラベース ドラえもん超野球外伝	standard	[1, 2, 3, 4, 5, 6, 7, 8, 9, 10, 11]	[12, 13, 14, 15, 16, 17, 18, 19, 20, 21, 22, 23]	3	RECOVERABLE	{"1": "9784091428516", "2": "9784091428523", "3": "9784091428530", "4": "9784091428547", "5": "9784091428554", "6": "9784091428561", "7": "9784091428578", "8": "9784091428585", "9": "9784091428592", "10": "9784091400680", "11": "9784091401847"}
doridorikyasusan	ドリドリキャス子さん	standard	[1]	[2]	1	RECOVERABLE	{"1": "9784797311105"}
dr-typhoon-1996	Dr.Typhoon	standard	[1, 2]	[3, 5, 6, 8]	1	RECOVERABLE	{"2": "9784575934564"}
fight-2006	ファイト!	standard	[1, 2]	[3]	1	RECOVERABLE	{"1": "9784420150873", "2": "9784420150880"}
flcl	フリクリ	bunkobon	[1, 2]	[3]	1	RECOVERABLE	{"1": "9784063490343"}
fujiko-efu-fujio-ishoku-tanpenshuu	藤子・F・不二雄 異色短編集	bunkobon	[1]	[2]	1	RECOVERABLE	{"1": "9784091971715"}
fushigi-no-mori-no-monogatari	不思議の森の物語	bunkobon	[1, 2]	[3]	1	RECOVERABLE	{"1": "9784086114073", "2": "9784086115940"}
g-defend	G・defend	bunkobon	[1, 2, 3]	[4, 5, 6, 7, 8, 9, 10, 11, 12, 13, 14, 15, 16, 17, 18, 19, 20, 21, 22, 23, 24, 25, 28, 29, 30, 31]	1	RECOVERABLE	{"1": "9784864232593", "2": "9784864232609", "3": "9784864232616"}
g-taste	G-taste	standard	[1, 2, 3]	[4, 5, 6, 7]	1	RECOVERABLE	{"1": "9784063198263", "2": "9784063339536", "3": "9784063342123"}
gakuran-hachinengumi	ガクラン八年組	wideban	[1, 2]	[3]	1	RECOVERABLE	{"1": "9784061727861", "2": "9784061727939"}
gessekai-ryokou	月世界旅行	standard	[1]	[2, 3]	1	RECOVERABLE	{"1": "9784797373394"}
ginga-tetsudou-no-yoru	銀河鉄道の夜	standard	[1]	[2]	1	RECOVERABLE	{"1": "9784904732816"}
girl	ガール	standard	[1]	[2]	1	RECOVERABLE	{"1": "9784063406429"}
gou-himetachi-no-sengoku	江姫たちの戦国	standard	[1, 2]	[3, 4, 5]	1	RECOVERABLE	{"1": "9784063656350", "2": "9784063760453"}
haguhagu	はぐはぐ	standard	[1, 2]	[3]	1	RECOVERABLE	{"1": "9784575725674"}
hamster-club	ハムスター倶楽部	standard	[1, 2, 3]	[4, 6]	1	RECOVERABLE	{"1": "9784840124461", "2": "9784840124478", "3": "9784840124737"}
hanagoromo-yumegoromo	花衣夢衣	standard	[1, 2, 3, 4]	[5, 6, 7, 8, 9, 10, 11, 12, 13, 14, 15, 16, 17]	2	RECOVERABLE	{"1": "9784087850185", "2": "9784087850277", "3": "9784087850284", "4": "9784087850291"}
happy-hama-1994	ハッピー!	standard	[1, 2, 3, 4, 5, 6, 7, 8, 9, 10, 11, 12, 13, 14, 15, 16, 17, 18, 19, 20, 21, 22, 23]	[24, 25, 26, 27, 28, 29, 30, 31, 32, 33]	1	RECOVERABLE	{"1": "9784063177237", "2": "9784063177435", "3": "9784063177664", "4": "9784063177909", "5": "9784063178098", "6": "9784063178296", "7": "9784063178517", "8": "9784063178821", "9": "9784063179026", "10": "9784063179286", "11": "9784063189513", "12": "9784063189711", "13": "9784063189957", "14": "9784063190120", "15": "9784063190304", "16": "9784063190502", "17": "9784063190700", "18": "9784063191028", "19": "9784063191202", "20": "9784063191301", "21": "9784063191448", "22": "9784063191578", "23": "9784063191752"}
haru-yo-kuruna	春よ来るな	standard	[1, 2]	[3, 4, 5]	1	RECOVERABLE	{"1": "9784063774832", "2": "9784063930535"}
heiwa-no-kane-series	平和の鐘シリーズ	standard	[1, 2, 3, 4, 5, 6, 7, 8, 9, 10, 11, 12, 13, 14, 15, 16, 17, 18, 19]	[20]	1	RECOVERABLE	{"1": "9784593897018", "2": "9784593897025", "3": "9784593897032", "4": "9784593897049", "5": "9784593897056", "6": "9784593897063", "7": "9784593897070", "8": "9784593897087", "9": "9784593897094", "10": "9784593897100", "11": "9784593897117", "12": "9784593897124", "13": "9784593897131", "14": "9784593897148", "15": "9784593897155", "16": "9784593897162", "17": "9784593897179", "18": "9784593897186", "19": "9784593897193"}
hi-hi-hi	Hi Hi Hi!	standard	[1]	[2]	1	RECOVERABLE	{"1": "9784785927059"}
high	High	standard	[1]	[2, 3]	1	RECOVERABLE	{"1": "9784088654041"}
hitsukurikaetsuta-omochiyabako	ひっくりかえったおもちゃ箱	aizoban	[1]	[2]	1	RECOVERABLE	{"1": "9784088550237"}
hop-suteppushou-selection	ホップ☆ステップ賞SELECTION	standard	[1, 2, 3, 4, 5, 6, 7, 8, 9, 10, 11, 12, 13, 14, 15]	[16, 17, 18, 19]	2	RECOVERABLE	{"6": "9784088711164", "7": "9784088711171", "8": "9784088711188", "9": "9784088711195", "12": "9784088711225", "13": "9784088711232", "14": "9784088711249", "15": "9784088711256"}
hotel-ishimori-1998	HOTEL	standard	[1]	[2, 37]	2	RECOVERABLE	{"1": "9784091094933"}
houkago-hokenshitsu	放課後保健室	bunkobon	[1]	[2, 3, 4, 5]	1	RECOVERABLE	{"1": "9784253180924"}
inakappe-taishou	いなかっぺ大将	bunkobon	[1, 2]	[3, 4, 5]	1	RECOVERABLE	{"1": "9784537073003", "2": "9784537073010"}
joker	JOKER	standard	[1, 2, 3, 4, 5]	[6, 7, 8, 9, 10]	1	RECOVERABLE	{"3": "9784403622793", "4": "9784403623097", "5": "9784403623202"}
joker-2000-2	ジョーカー	standard	[1, 2]	[3]	1	RECOVERABLE	{"1": "9784063189520", "2": "9784063189674"}
jun-1997	純	standard	[1]	[2]	1	RECOVERABLE	{"1": "9784063281538"}
k-shitsuki-1988	K	bunkobon	[1]	[2]	1	RECOVERABLE	{"1": "9784575721133"}
kaiki-shinsatsushitsu	怪奇診察室	bunkobon	[1]	[2]	1	RECOVERABLE	{"1": "9784845815678"}
kaishain-no-merodii	かいしゃいんのメロディー	standard	[1]	[2]	1	RECOVERABLE	{"1": "9784812437834"}
kakushigoto	かくしごと	standard	[1, 2, 3, 4]	[5, 6, 7, 8, 9, 10, 11, 12]	1	RECOVERABLE	{"1": "9784063774856", "2": "9784063930290", "3": "9784063931488", "4": "9784063932096"}
kamui-den	カムイ伝	aizoban	[1]	[2, 4]	1	RECOVERABLE	{"1": "9784091920317"}
kanon	Kanon	standard	[1]	[2, 8]	1	RECOVERABLE	{"1": "9784840216784"}
kantai-collection-kancolle-comic-arakaruto	艦隊これくしょん-艦これ-コミックアラカルト	standard	[1, 2]	[3, 4, 5, 6, 7, 8, 9, 10, 11, 12, 13, 14, 15, 16, 17, 18, 19]	5	RECOVERABLE	{"1": "9784041209714"}
karen-osakabe-2011	花恋	standard	[1, 2, 3, 4, 5]	[6, 7]	1	RECOVERABLE	{"1": "9784091337849", "2": "9784091340986", "3": "9784091341051", "4": "9784091345486", "5": "9784091348364"}
kirikiritei-no-buraun-sensei	きりきり亭のぶら雲先生	standard	[1, 2, 3, 4, 5]	[6, 7, 8, 9]	1	RECOVERABLE	{"1": "9784344816183", "2": "9784344816190", "3": "9784344817197", "4": "9784344817203", "5": "9784789783262"}
kishibe-no-uta	岸辺の唄	bunkobon	[1]	[2, 3]	1	RECOVERABLE	{"1": "9784834261622"}
kochira-tsubaki-sanfujinka	こちら椿産婦人科	bunkobon	[1, 2, 3, 4, 5, 6, 7, 8, 9, 10, 11, 12]	[13]	1	RECOVERABLE	{"1": "9784088621630", "2": "9784087850147", "3": "9784087850154", "4": "9784087850161", "5": "9784087850178", "6": "9784087850208", "7": "9784087850376", "8": "9784087850468", "9": "9784087850611", "10": "9784087850703", "11": "9784087850840", "12": "9784087852035"}
kootaroo-makaritooru	コータローまかりとおる!	bunkobon	[1]	[2, 3, 4, 5, 6, 7, 8, 9, 10, 11, 12, 13, 14, 15, 16]	1	RECOVERABLE	{"1": "9784061728745"}
kyou-kara-ore-wa	今日から俺は!!	wideban	[1]	[2, 4, 5, 11, 12, 13, 14, 15, 16, 17, 18, 19]	1	RECOVERABLE	{"1": "9784091095312"}
kyoufu-shinbun	恐怖新聞	bunkobon	[1, 2, 3]	[4]	1	RECOVERABLE	{"1": "9784253031356", "2": "9784253108010", "3": "9784253031370"}
last-man	ラストマン	standard	[1, 2, 3]	[4, 5, 6]	2	RECOVERABLE	{"1": "9784864105101", "2": "9784864105163", "3": "9784864105361"}
lupin-iii	ルパン三世	aizoban	[1]	[2, 3]	1	RECOVERABLE	{"1": "9784120018190"}
magic-knight-rayearth	魔法騎士レイアース	standard	[1]	[2]	1	RECOVERABLE	{"1": "9784063195309"}
magic-naito-rayearth-2	魔法騎士レイアース2	standard	[1, 2]	[3]	1	RECOVERABLE	{"1": "9784063196108", "2": "9784063196634"}
maifurendo-doubutsubyouin-nisshi	MF動物病院日誌	standard	[1, 2, 3, 4, 5, 6, 7, 8, 9, 10, 11, 12, 13, 14, 15, 16, 17]	[18]	1	RECOVERABLE	{"1": "9784785947019", "2": "9784785947026", "3": "9784785947033", "4": "9784785947040", "5": "9784785947057", "6": "9784785947064", "7": "9784785947071", "8": "9784785947088", "9": "9784785947095", "10": "9784785947101", "11": "9784785947118"}
mama	ママ	wideban	[1, 2]	[3, 4, 5, 6]	1	RECOVERABLE	{"1": "9784091510518", "2": "9784091510525"}
mama-ha-tenparist	ママはテンパリスト	standard	[1, 2, 3]	[4]	1	RECOVERABLE	{"1": "9784087821888", "2": "9784087822403", "3": "9784087822731"}
mangaban-nobushi-no-gourmet	漫画版野武士のグルメ	standard	[1, 2]	[3]	1	RECOVERABLE	{"1": "9784344424760"}
manka	漫歌	standard	[1]	[2]	1	RECOVERABLE	{"1": "9784575726367"}
manmaru-highschool	まんまるハイスクール	wideban	[1, 2, 3, 4]	[5]	1	RECOVERABLE	{"2": "9784088495224", "3": "9784088496894", "4": "9784088480169"}
medarot-2	メダロット2	standard	[1]	[2, 3, 4]	1	RECOVERABLE	{"1": "9784063342109"}
meiji-no-ibuki	明治の息吹	standard	[1]	[2]	1	RECOVERABLE	{"1": "9784861971013"}
mii-chan-to-yamada-san	みいちゃんと山田さん	standard	[1, 2, 3, 4, 5]	[6]	1	RECOVERABLE	{"1": "9784065379431", "2": "9784065387498", "3": "9784065397305", "4": "9784065406427", "5": "9784065417928"}
miuman	みうまん	standard	[1]	[2]	1	RECOVERABLE	{"1": "9784087821994"}
miyazawa-kenji-mangakan-1996	宮澤賢治・漫画館	standard	[1]	[2, 3, 4, 5]	2	RECOVERABLE	{"1": "9784267010392"}
mizushina-takayuki-no-mizu-cinema	みずしな孝之のミズシネマ	standard	[1]	[2, 3]	1	RECOVERABLE	{"1": "9784087820591"}
nanahan-rider	750ライダー	bunkobon	[1]	[2, 4]	1	RECOVERABLE	{"1": "9784253171953"}
nandemo-tsurukame	なんでもツルカメ	bunkobon	[1, 2]	[3]	1	RECOVERABLE	{"1": "9784063000986", "2": "9784063001150"}
nikushimi-ni-hohoende	憎しみに微笑んで	standard	[1, 2]	[3]	1	RECOVERABLE	{"1": "9784796296076"}
nina-to-usagi-to-mahou-no-sensha	ニーナとうさぎと魔法の戦車	standard	[1]	[2, 3]	1	RECOVERABLE	{"1": "9784087824285"}
nouzui-jungle	脳髄ジャングル	standard	[1]	[2]	1	RECOVERABLE	{"1": "9784091341013"}
nui-dara-zetsurin	脱いだら絶倫!?	standard	[1]	[2, 3, 4, 5, 6, 7, 8, 9, 10, 11, 12, 13]	1	RECOVERABLE	{"1": "9784864952859"}
nurse-station	ナース・ステーション	standard	[1, 2, 3, 4]	[5, 6, 7, 8, 9, 10, 11, 12, 13, 14, 15, 16, 17, 18, 19, 20]	1	RECOVERABLE	{"1": "9784087850253", "2": "9784087850390", "3": "9784087850482", "4": "9784087850697"}
oishii-otoko-no-tsukurikata	おいしい男の作り方	standard	[1]	[2]	1	RECOVERABLE	{"1": "9784086181136"}
onna-no-ko-monogatari	おんなのこ物語	aizoban	[1]	[2]	1	RECOVERABLE	{"1": "9784120025426"}
orfina	Orfina	standard	[1]	[2, 3, 4, 5, 6, 7, 8, 9, 10, 11, 12]	2	RECOVERABLE	{"1": "9784047123878"}
otoko-do-ahou-koshien	男どアホウ甲子園	bunkobon	[1]	[2, 5, 16]	1	RECOVERABLE	{"1": "9784253062053"}
oyakodeka	おやこ刑事	wideban	[1]	[2]	1	RECOVERABLE	{"1": "9784061013360"}
oz-itsuki-2004	OZ	bunkobon	[1, 2, 3, 4, 5]	[6, 7, 8, 9]	1	RECOVERABLE	{"1": "9784592134114", "2": "9784592134121", "3": "9784592134138", "4": "9784592134145"}
paradise	パラダイス	standard	[1]	[2, 3, 4, 5, 6, 7, 8, 9, 10, 11, 12, 13]	1	RECOVERABLE	{"1": "9784091527615"}
pet	ペット	standard	[1]	[2, 3, 4, 5]	1	RECOVERABLE	{"1": "9784091866516"}
piece	Piece	standard	[1]	[2, 3, 4, 5, 6, 7, 8, 9, 10]	1	RECOVERABLE	{"1": "9784091321572"}
pit-bull	PIT BULL	standard	[1, 2]	[3]	1	RECOVERABLE	{"1": "9784088590257", "2": "9784088590479"}
q-e-d	Q.E.D.	standard	[1]	[2, 3, 4, 5, 6, 7, 8, 9, 10, 11, 12, 13, 14, 15, 16, 17, 18, 19, 20, 21, 22, 23, 24, 25, 26, 27, 28, 29, 30, 31, 32, 33, 34, 35, 36, 37, 38, 39, 40, 41, 42, 43, 44, 45, 46, 47, 48, 49, 50]	1	RECOVERABLE	{"1": "9784063771299"}
r-4443774	前線と銃後	standard	[1]	[2]	1	RECOVERABLE	{"1": "9784874443767"}
re-birth	RE-BIRTH	standard	[1]	[2, 3]	1	RECOVERABLE	{"1": "9784056006612"}
rifrein	Rifrein	standard	[1]	[2, 3, 4]	1	RECOVERABLE	{"1": "9784061021457"}
ruten-no-teruma	流転のテルマ	standard	[1]	[2, 3]	1	RECOVERABLE	{"1": "9784063951820"}
sai	菜	standard	[1]	[2, 3, 4, 5, 6, 7, 8, 9, 10, 11, 12]	2	RECOVERABLE	{"1": "9784063193824"}
sakigake-otokojuku	魁!!男塾	aizoban	[1, 2, 3, 4, 5, 6, 7, 8, 9, 10, 11, 12, 13, 14]	[15]	1	RECOVERABLE	{"1": "9784081061846", "2": "9784086175227", "3": "9784086175234", "4": "9784086175241", "5": "9784086175258", "6": "9784086175265", "7": "9784086175272", "8": "9784086175289", "9": "9784086175296", "10": "9784086175302", "11": "9784086175319", "12": "9784086175326", "13": "9784086175333", "14": "9784086175340"}
satonaka-machiko-sakuhinshuu	里中満智子作品集	standard	[1]	[2]	1	RECOVERABLE	{"1": "9784122024274"}
sayonara	さよなら!!岸壁先生	standard	[1, 2, 3, 4]	[5]	1	RECOVERABLE	{"4": "9784253038355"}
seishun-kijinden-240-o-gakuen	青春奇人伝!240学園	standard	[1]	[2]	1	RECOVERABLE	{"1": "9784065101193"}
sengoku-jieitai-2014	戦国自衛隊	standard	[1, 2]	[3, 4]	1	RECOVERABLE	{"1": "9784845846689", "2": "9784845846696"}
shii-chan-to-mitsu-chan	しーちゃんとみっちゃん	standard	[1]	[2]	1	RECOVERABLE	{"1": "9784088643106"}
shippo-ga-tomodachi	シッポがともだち	bunkobon	[1]	[2, 3, 4]	1	RECOVERABLE	{"1": "9784087850239"}
shitou-sensen-iiekkusu	死島戦線EX	standard	[1]	[2, 3]	1	RECOVERABLE	{"1": "9784063958164"}
silent-m-bius	サイレントメビウス	bunkobon	[1, 2]	[3, 4, 5, 6, 7, 8]	1	RECOVERABLE	{"1": "9784821171101", "2": "9784821171439"}
sugar	シュガー	standard	[1, 2, 3, 4, 5, 6]	[7]	1	RECOVERABLE	{"1": "9784253017145", "2": "9784253017152", "3": "9784253017169", "4": "9784253017176", "5": "9784253017183", "6": "9784253017190"}
suikoden-2000	水滸伝	standard	[1, 2, 3]	[4, 5]	1	RECOVERABLE	{"1": "9784845840960", "2": "9784122036062", "3": "9784122036239"}
suimeikyuu	水迷宮	bunkobon	[1]	[2, 3, 4]	1	RECOVERABLE	{"1": "9784063602180"}
suna-to-iris	砂とアイリス	standard	[1]	[2, 3, 4, 5]	1	RECOVERABLE	{"1": "9784087825190"}
syd-lid	Syd ＆ Lid	bunkobon	[1]	[2, 3, 4, 5]	1	RECOVERABLE	{"1": "9784344824218"}
tales-of-destiny-inomata-2000	Tales of Destiny	standard	[1, 2]	[3, 4]	1	RECOVERABLE	{"1": "9784757202191", "2": "9784757203419"}
tales-of-destiny2	Tales of Destiny2	standard	[1, 2]	[3, 4]	1	RECOVERABLE	{"1": "9784757202191", "2": "9784757203419"}
tama-sensei-ni-kike	たま先生に訊け!	bunkobon	[1]	[2]	1	RECOVERABLE	{"1": "9784575294064"}
tasokare-no-yume	たそかれの夢	standard	[1]	[2]	1	RECOVERABLE	{"1": "9784088590592"}
teida-neenee	太陽娘	standard	[1]	[2, 3]	2	RECOVERABLE	{"1": "9784821171422"}
tempest-1993	テンペスト	bunkobon	[1, 2]	[3]	1	RECOVERABLE	{"1": "9784122029095", "2": "9784063175875"}
tenkuu-shinpan	天空侵犯	standard	[1, 2, 3, 4, 5, 6, 7, 8, 9, 10, 11, 12, 13, 14]	[15, 16, 17, 18, 19, 20, 21]	1	RECOVERABLE	{"1": "9784063769791", "2": "9784063770568", "3": "9784063771114", "4": "9784063771909", "5": "9784063772920", "6": "9784063773491", "7": "9784063774221", "8": "9784063774610", "9": "9784063774993", "10": "9784063930733", "11": "9784063931372", "12": "9784063931877", "13": "9784065100288", "14": "9784065102626"}
tenshi-no-omou-tsubo	天使の思う壺	standard	[1, 2]	[3]	1	RECOVERABLE	{"1": "9784334780661", "2": "9784334780678"}
tezuka-osamu-manga-zenshuu-mishuuroku-sakuhinshuu	手塚治虫漫画全集未収録作品集	bunkobon	[1]	[2, 3]	1	RECOVERABLE	{"1": "9784063738940"}
tim-tim-circus	ティム・ティム・サーカス	standard	[1]	[2]	1	RECOVERABLE	{"1": "9784122027916"}
tomodachi-nannin-nakusukana	ともだちなんにんなくすかな	standard	[1]	[2]	1	RECOVERABLE	{"1": "9784088642673"}
trinity-seven	トリニティセブン	standard	[1]	[2, 3, 15, 16, 17, 18, 19, 20, 21, 22, 23, 24, 25, 26, 27, 28, 29, 30, 31, 32, 33]	6	RECOVERABLE	{"1": "9784047127371"}
uchuusen-red-shark	宇宙船レッドシャーク	standard	[1, 2]	[3]	1	RECOVERABLE	{"1": "9784063608458"}
umi-no-ouji-2009	海の王子	standard	[1]	[2, 3]	1	RECOVERABLE	{"1": "9784091434166"}
unchiku-manga	蘊蓄漫画	bunkobon	[1]	[2]	1	RECOVERABLE	{"1": "9784120021923"}
v8-kid	V8キッド	standard	[1]	[2, 3, 4, 5]	1	RECOVERABLE	{"1": "9784063216097"}
w3	W3	aizoban	[1, 2]	[3]	1	RECOVERABLE	{"1": "9784061087392", "2": "9784061087408"}
watashi-no-kyoufutaiken	宜保愛子の私の恐怖体験	standard	[1, 2]	[3]	1	RECOVERABLE	{"1": "9784063193428"}
watashi-o-tsuki-made-tsuretette	私を月まで連れてって!	aizoban	[1]	[2]	1	RECOVERABLE	{"1": "9784120021060"}
with-2000	ウィズ	standard	[1]	[2]	1	RECOVERABLE	{"1": "9784063258998"}
yamafuji-shouji-no-black-anguru	山藤章二のブラック=アングル	standard	[1]	[2, 3, 4, 5, 6, 7, 8, 9, 10, 11, 12, 13, 14, 15, 16, 17, 18, 19, 20, 21, 22]	2	RECOVERABLE	{"1": "9784101237022"}
young-shima-kousaku-shuninhen	ヤング島耕作 主任編	standard	[1]	[2, 3, 4]	2	RECOVERABLE	{"1": "9784063750317"}
yume-de-aetara-2000	夢で逢えたら	bunkobon	[1, 2, 3, 4, 5, 6, 7, 8, 9]	[10, 11, 12, 13, 14, 15, 16, 17]	1	RECOVERABLE	{"1": "9784840115636", "2": "9784840115643", "3": "9784840115902", "4": "9784840115919", "5": "9784840117029", "6": "9784840117036", "7": "9784840117180", "8": "9784840117197"}
yume-no-sousou	夢の葬送	standard	[1, 2, 3, 4, 5]	[6]	1	RECOVERABLE	{"1": "9784257721727"}
za-doraemonzusupesharu	ザ・ドラえもんズスペシャル	standard	[1, 2, 3, 4, 5, 6, 7, 8, 9, 10]	[11, 12]	1	RECOVERABLE	{"1": "9784091493019", "2": "9784091493026", "3": "9784091493033", "4": "9784091493040", "5": "9784091493057", "10": "9784091493101"}
zero-yamazaki-2009	ZERO	bunkobon	[1, 2, 3, 4, 5, 6, 7, 8, 9, 10]	[11, 12, 13, 14, 15, 16]	1	RECOVERABLE	{"1": "9784091917959", "2": "9784091917966", "3": "9784091917973", "4": "9784091917980", "5": "9784091917997", "6": "9784091918000"}
16-nen-kimi-o-omou-to-konnani-ookiku	16年、君を想うとこんなに大きく…♡	standard	[1]	[2, 3, 4, 5]	3	SOURCE_GAP	{}
3-three	3 THREE	bunkobon	[1, 2, 3, 4]	[5, 6, 7, 8]	1	SOURCE_GAP	{}
4-zun-yon	シーズン4	standard	[1, 2, 3]	[4]	1	SOURCE_GAP	{}
5-nenburi-ni-tsunagaru-moto-kare-ishi-kara-tsutawaru-atsui-netsu	5年ぶりに繋がる元カレ医師から伝わる熱い熱	standard	[1]	[2]	1	SOURCE_GAP	{}
adonisu-no-yuuutsu-na-hibi	アドニスの憂欝な日々	standard	[1, 2]	[3, 4, 5]	1	SOURCE_GAP	{}
agapes-1999	Agapes	standard	[1, 2, 3, 4, 5]	[6, 7, 8, 9]	1	SOURCE_GAP	{}
ahoudori-no-tomarigi	あほう鳥の止り木	standard	[1]	[2, 3]	1	SOURCE_GAP	{}
ai-1995	愛	standard	[1]	[2, 4]	1	SOURCE_GAP	{}
ai-no-fujitsubo	愛のふじつぼ	standard	[1]	[2]	0	SOURCE_GAP	{}
akagawa-jirou-mystery-mikeneko-holmes-to-meitanteitachi	赤川次郎ミステリー三毛猫ホームズと名探偵たち	standard	[1, 2]	[3, 4, 5, 6, 7]	2	SOURCE_GAP	{}
aku-no-hana-2011	悪の華	standard	[1, 2]	[3]	1	SOURCE_GAP	{}
akumade-majo-no-yuuwaku-desu-kara	あくまで魔女の誘惑ですから	standard	[1]	[2, 3, 4]	1	SOURCE_GAP	{}
akuyaku-reijou-ni-tensei-shitara-risou-no-heya-ga-te-ni-hairimashita	悪役令嬢に転生したら理想の部屋が手に入りました!	standard	[1]	[2]	1	SOURCE_GAP	{}
akuyaku-reijou-route-kara-kaihou-saremashita	悪役令嬢ルートから解放されました!	standard	[1]	[2, 3, 4]	1	SOURCE_GAP	{}
anata-ni-mo-angel	アナタにもAngel	standard	[1]	[2, 4]	1	SOURCE_GAP	{}
ano-hi-no-aozora	あの日の青空	standard	[1, 2, 3, 4, 5, 6]	[7]	1	SOURCE_GAP	{}
ariel-comic	ARIEL COMIC	standard	[1]	[2, 3, 4, 5, 8]	1	SOURCE_GAP	{}
ashita-e-hashire	明日へ奔れ	standard	[1, 2]	[3, 4]	1	SOURCE_GAP	{}
atai-to-nechikoyan	あたいとネチコヤン	standard	[1]	[2]	1	SOURCE_GAP	{}
ateuma-chara-no-kuseshite-supadari-ouji-ni-chouai-sarete-imasu	当て馬キャラのくせして、スパダリ王子に寵愛されています。	standard	[1]	[2, 3, 4]	1	SOURCE_GAP	{}
atori-show	アトリ抄	standard	[1, 2, 3]	[4, 6]	1	SOURCE_GAP	{}
b-boy-luv	B-boy luv	standard	[1]	[2]	1	SOURCE_GAP	{}
b-boy-petit	B-boyぷち	standard	[1]	[2]	1	SOURCE_GAP	{}
baito-kun	バイトくん	standard	[1]	[2, 3]	0	SOURCE_GAP	{}
bake-bake-bake	ベイク・ベイク・ベイク	standard	[1]	[2, 3]	1	SOURCE_GAP	{}
banchou-kami-eshi-koitsu-desu	番長!神絵師コイツです!	standard	[1]	[2]	1	SOURCE_GAP	{}
baroque-2017	バロック	standard	[1, 2]	[3]	1	SOURCE_GAP	{}
barubaro	バルバロ!	standard	[1]	[2, 3]	1	SOURCE_GAP	{}
batchiri-scratch	ばっちりスクラッチ	standard	[1]	[2, 3]	1	SOURCE_GAP	{}
batsutsu	バツッ!!	standard	[1]	[2]	1	SOURCE_GAP	{}
biiparu-kozou-no-autodoa-kyouhon	ビーパル小僧のアウトドア教本	standard	[1]	[2]	1	SOURCE_GAP	{}
bikkuriman-omoshiro-land	ビックリマンおもしろランド	standard	[1, 2, 3]	[4, 9]	1	SOURCE_GAP	{}
bird-black-maaketto	バード	standard	[1, 2]	[3, 4, 5, 6, 7, 8, 9]	2	SOURCE_GAP	{}
black-sweep-sisters	ブラック・スイープ・シスターズ	standard	[1, 2]	[3]	1	SOURCE_GAP	{}
blife	BLife	standard	[1]	[2, 3, 4]	3	SOURCE_GAP	{}
bloody-monday-season-2-zetsubou-no-hako	Bloody Monday season 2 絶望ノ匣	standard	[1, 2, 3, 4, 5, 6, 7]	[8]	1	SOURCE_GAP	{}
boku-to-senpai-no-tekken-kousai	僕と先輩の鉄拳交際	standard	[1]	[2, 3, 4]	2	SOURCE_GAP	{}
bolts-and-nuts-prologue	BOLTS AND NUTS!Prologue	standard	[1, 2, 3, 4, 5, 6, 7, 8, 9, 10, 11, 12, 13, 14, 15, 16, 17, 18, 19]	[20]	1	SOURCE_GAP	{}
bon	Bon	standard	[1, 2]	[3, 5]	1	SOURCE_GAP	{}
bon-kudo	ボン	standard	[1]	[2]	1	SOURCE_GAP	{}
booska-plus	ブースカプラス	standard	[1]	[2, 3]	1	SOURCE_GAP	{}
botsu-chan-no-jidai-1989	坊ちゃんの時代	standard	[1]	[2, 3, 4, 5]	2	SOURCE_GAP	{}
bouken-kyouryuukan	まんが 冒険恐竜館	standard	[1]	[2, 3, 4, 5]	1	SOURCE_GAP	{}
bushigin	武士銀	standard	[1]	[2, 3, 4, 5]	1	SOURCE_GAP	{}
buya-jitsuroku-andou-gumi	ブヤ 実録・安藤組	standard	[1, 2]	[3, 4, 5, 6, 7, 8]	1	SOURCE_GAP	{}
c-live	C-live	standard	[1]	[2, 5]	2	SOURCE_GAP	{}
cafe	cafe	standard	[1, 2, 3, 4, 5]	[6, 7, 8, 9, 10]	2	SOURCE_GAP	{}
captain-harlock-jigen-koukai	キャプテンハーロック	standard	[1, 2, 3, 4, 5, 6, 7]	[8, 9, 10]	2	SOURCE_GAP	{}
chi-chotto-dake-kaettekita-kita-dokutaa-slump	ちちょっとだけかえってきたDr.SLUMP	standard	[1]	[2]	1	SOURCE_GAP	{}
chibi-hontou-ni-atta-waraeru-hanashi	ちび本当にあった笑える話	standard	[1, 2, 3, 4, 5, 6, 7, 8, 9, 10, 11, 12, 13, 14, 15, 16, 17, 18, 19, 20, 21, 22, 23, 24, 25, 26, 27, 28, 29, 30, 31, 32, 33, 34, 35, 36]	[37, 38, 39, 40, 41, 42, 43, 109, 111, 113, 114, 115, 116, 117, 118, 119, 120, 121, 122, 123, 124, 125, 126, 127, 128, 129, 130, 131, 132, 133, 134, 135, 136, 137, 138, 139, 140, 141, 142, 143, 144, 145, 146, 147, 148, 149, 150, 151, 152, 154, 155, 156, 157, 158, 159, 160, 161, 162, 163, 164, 165, 166, 167, 168, 169, 170, 171, 172, 173, 174, 175, 176, 177, 178, 179, 180, 181, 182, 183, 184, 185, 186, 187, 188, 189, 190, 191, 192, 193, 194, 195, 196, 197, 198, 199, 200, 201, 202, 203, 206, 209, 210, 211, 212, 213, 214, 215, 216, 217, 218, 219, 223, 224, 225, 226, 227, 228]	6	SOURCE_GAP	{}
chibi-hontou-ni-atta-waraeru-hanashi-girls-collection	ちび本当にあった笑える話ガールズコレクション	standard	[1, 2, 3, 4, 5, 6, 7, 8, 9, 10, 11, 12, 13, 14, 15, 16, 17, 18, 19, 20, 21, 22, 23, 24, 25, 26, 27, 28, 29, 30, 31, 32, 33, 34, 35, 36, 37]	[38, 39, 40, 41, 42, 43]	2	SOURCE_GAP	{}
chicken-iguchi-2024	チキン	standard	[1, 2, 3, 4, 5, 6, 7, 8, 9, 10, 11, 12, 13, 14, 15, 16, 17, 18, 19, 20, 21, 22, 23]	[24, 25, 26, 27, 28, 29, 30, 31, 32, 33, 34, 35, 36, 37, 38, 39, 40, 41, 43, 44, 45, 46]	3	SOURCE_GAP	{}
chippai-joshi-to-osuppai-otoko	ちっぱい女子と雄っぱい男子	standard	[1]	[2, 3, 4, 5]	1	SOURCE_GAP	{}
choco-banana	チョコバナナ	standard	[1, 2]	[3, 4, 5, 6, 7, 8, 9, 10, 11, 12, 13, 14, 15, 16]	1	SOURCE_GAP	{}
chotto-morimashita	ちょっと盛りました。	standard	[1, 2]	[3, 4]	1	SOURCE_GAP	{}
chou-ka-han-ka	蝶か犯か	standard	[1, 2, 3]	[4]	0	SOURCE_GAP	{}
chou-ten-chan	超てんちゃん!	standard	[1]	[2, 3]	2	SOURCE_GAP	{}
chuchu-hunter	Chu❤chuハンター	standard	[1]	[2, 3]	1	SOURCE_GAP	{}
cielo	Cielo	standard	[1, 2]	[3]	1	SOURCE_GAP	{}
clover-1997	Clover	standard	[1, 2]	[3, 4]	1	SOURCE_GAP	{}
cmyk-sameda-kazuo-wa-chuunibyou-ga-naosenai	CMYK鮫田和王は厨二病が治せない	standard	[1]	[2, 3, 4, 5]	1	SOURCE_GAP	{}
collar-me	Collar me	standard	[1]	[2, 3]	1	SOURCE_GAP	{}
colorful-antinomy	カラフルアンチノミー	standard	[1]	[2, 3]	1	SOURCE_GAP	{}
comic-bii-tarou	コミックビー太郎	standard	[1]	[2, 3, 4, 5]	4	SOURCE_GAP	{}
comic-chuurippu-1988	コミックチューリップ	standard	[1]	[2, 4, 6, 11, 14, 16]	5	SOURCE_GAP	{}
comic-cue	Comic cue	standard	[1]	[2, 3]	1	SOURCE_GAP	{}
comic-hero	Comic HERO	standard	[1, 2, 3, 4, 5]	[6]	1	SOURCE_GAP	{}
comic-image-special	コミックイマージュ・スペシャル	standard	[1]	[2, 3]	1	SOURCE_GAP	{}
comic-indeep	COMIC INDEEP	standard	[1, 2]	[3]	1	SOURCE_GAP	{}
comic-luna	コミックルナ	standard	[1, 2, 3, 4]	[5, 6]	1	SOURCE_GAP	{}
comic-shin-3-goku-musou-san-battle-iryuujon	コミック真・三國無双3バトルイリュージョン	standard	[1, 2, 3, 4, 5, 6]	[7, 8]	1	SOURCE_GAP	{}
comic-shin-genjitsu	Comic新現実	standard	[1]	[2, 3, 4, 5]	4	SOURCE_GAP	{}
comic-tulip	コミックチューリップ	standard	[1]	[2, 4, 6, 11, 16]	4	SOURCE_GAP	{}
craibu	C-live	standard	[1, 2, 3]	[4]	1	SOURCE_GAP	{}
crash-junky-spirit	Crash junky × spirit	standard	[1]	[2, 3]	2	SOURCE_GAP	{}
crew-1994	Crew 1994	standard	[1, 2, 3, 4, 5, 6]	[7, 9, 10]	3	SOURCE_GAP	{}
da-capo-3	D.C.Ⅲ～ダ・カーポⅢ～	standard	[1]	[2, 3]	1	SOURCE_GAP	{}
dai-chouhen-doraemon	大長編ドラエもん	standard	[1]	[2]	1	SOURCE_GAP	{}
dai-kaizoku-jidai	大海賊時代	standard	[1]	[2, 9]	1	SOURCE_GAP	{}
daikazoku-gohan-monogatari	大家族ごはん物語	standard	[1]	[2]	1	SOURCE_GAP	{}
daiki-no-baka-h-special	大紀のバカHスペシャル	standard	[1]	[2, 10]	1	SOURCE_GAP	{}
dainiji-chousen-sensou-yugio	第二次朝鮮戦争ユギオ	standard	[1]	[2]	1	SOURCE_GAP	{}
dakarete-tamaruka	抱かれてたまるか!	standard	[1]	[2]	1	SOURCE_GAP	{}
dakasete-kudasai-furutaka-shunin	抱かせてください古高主任	standard	[1]	[2, 3]	1	SOURCE_GAP	{}
danna-sama-kaseide-rikon-sasete-itadakimasu	旦那様、稼いで離婚させていただきます!	standard	[1]	[2, 3]	1	SOURCE_GAP	{}
danshaku-kouchou-hai	男爵校長high!	standard	[1]	[2]	1	SOURCE_GAP	{}
danshikou-no-hime	男子校の姫	standard	[1]	[2, 3]	1	SOURCE_GAP	{}
daphne	ダフネー	standard	[1, 2, 3, 4, 5, 6, 7, 8, 9, 10, 11, 12, 13, 14, 15, 16, 17, 18, 19, 20, 21, 22, 23, 24, 25, 26, 27, 28]	[29]	1	SOURCE_GAP	{}
dare-nimo-ienai-hi	誰にも言えない(秘)	standard	[1, 2, 3, 4, 5]	[6, 9, 16, 21, 25, 26, 27, 28, 32, 33, 36, 38, 43, 44]	8	SOURCE_GAP	{}
david	David	standard	[1]	[2]	1	SOURCE_GAP	{}
dfk	DFK	standard	[1]	[2]	1	SOURCE_GAP	{}
doesu-kishidanchou-no-go-houshi-maid-ni-ninmei-saremashita-ga-watashi-nandesukedo	ドS騎士団長のご奉仕メイドに任命されましたが、私××なんですけど!?	standard	[1]	[2, 3]	1	SOURCE_GAP	{}
doragonkuesuto-1p-comic-gekijou	ドラゴンクエスト1Pコミック劇場	standard	[1]	[2, 4, 5, 6, 7, 8, 9, 10, 11]	1	SOURCE_GAP	{}
dotou-no-saikyou-suit-suima-kun	怒涛の最強戦士睡魔くん	standard	[1]	[2, 3, 4]	1	SOURCE_GAP	{}
doughnuts-books	Doughnuts books	standard	[1, 2, 3, 4, 5, 6, 7, 8, 9, 10, 11, 12, 13, 14, 15]	[16, 17, 18, 19, 20, 21, 22, 23, 24, 25, 26, 27, 29, 32, 34]	1	SOURCE_GAP	{}
dr-typhoon-1996	Dr.Typhoon	wideban	[1]	[2]	1	SOURCE_GAP	{}
dramatic-maestro	ドラマチック・マエストロ	standard	[1]	[2, 3]	1	SOURCE_GAP	{}
drcl	#DRCL	standard	[1, 2, 3, 4]	[5]	0	SOURCE_GAP	{}
eguchi-hisashi-jump-works	江口寿史JUMP WORKS	standard	[1]	[2, 3, 4]	1	SOURCE_GAP	{}
ei-kun-wa-okuchi-ga-ojouzu	英くんはおくちがお上手	standard	[1]	[2, 3, 4]	1	SOURCE_GAP	{}
elysion	エリュシオン	standard	[1, 2, 3, 4]	[5]	1	SOURCE_GAP	{}
evangelion-anthology-comic	エヴァンゲリオン・アンソロジィコミック	standard	[1]	[2, 4]	2	SOURCE_GAP	{}
f1-sokuhou-guranpuri-tengoku	F1速報グランプリ天国	standard	[1, 2, 3, 4, 5, 6]	[7]	1	SOURCE_GAP	{}
fate-grand-order	Fate/grand order	standard	[1]	[2, 3, 4, 5]	3	SOURCE_GAP	{}
fate-grand-order-turas-r-alta	Fate/Grand Order-turas réalta-	standard	[1]	[2, 5, 6, 7, 8, 9, 10, 11, 12, 13, 14, 15, 16, 17, 20, 21]	2	SOURCE_GAP	{}
fate-kishi	Fate騎士	standard	[1]	[2, 4, 5, 6, 7, 8, 9, 10, 11]	1	SOURCE_GAP	{}
feauei-no-samurai	フェアウェイの侍	standard	[1]	[2]	1	SOURCE_GAP	{}
feroumerou	フェロウメロウ	standard	[1]	[2]	1	SOURCE_GAP	{}
fluidrat	フルイドラット	standard	[1]	[2, 3]	1	SOURCE_GAP	{}
foot-gear	Foot gear	standard	[1, 2]	[3, 4, 5, 6]	1	SOURCE_GAP	{}
fudanshi-no-ore-ga-youkya-osananajimi-ni-semarareteru-ken	腐男子の俺が陽キャ幼馴染に迫られてる件	standard	[1]	[2]	1	SOURCE_GAP	{}
fusoku-no-renjou	不測ノ恋情	standard	[1, 2]	[3]	1	SOURCE_GAP	{}
gakken-manga-sekai-no-rekishi	学研まんが 世界の歴史	standard	[1, 2, 3, 4, 5, 6]	[7, 11]	1	SOURCE_GAP	{}
gakkou-kachinukisen-jikken-taiketsu	学校勝ち抜き戦 実験対決	standard	[1, 2, 3, 4, 5, 6, 7, 8]	[9, 10, 11, 12, 13, 16, 18, 19, 20]	1	SOURCE_GAP	{}
gakkou-kachinukisen-jikken-taiketsu-2016	学校勝ちぬき戦 実験対決	standard	[1, 2, 3, 4, 5, 6, 7, 8, 9, 10, 11, 12, 13, 14, 15, 16, 17, 18, 19, 20]	[21, 22, 23, 24, 25]	2	SOURCE_GAP	{}
gal-ga-sylvanian-family-o-dekiai-shitara	ギャルがシルバニアファミリーを溺愛したら。	standard	[1]	[2, 3, 5, 6, 7]	3	SOURCE_GAP	{}
game-comic-collection	ゲームコミックコレクション	standard	[1]	[2]	1	SOURCE_GAP	{}
garou-densetsu-kumocho-1996	餓狼伝説	standard	[1, 2]	[3]	1	SOURCE_GAP	{}
garu	天馬の空	standard	[1, 2, 3]	[4]	1	SOURCE_GAP	{}
gekiga-hiroike-chikurou	劇画広池千九郎	standard	[1]	[2, 3, 4, 5]	1	SOURCE_GAP	{}
generous-kiss	GENEROUS KISS	standard	[1]	[2, 4, 6]	3	SOURCE_GAP	{}
gensou-fantasy	幻想ファンタジー	standard	[1, 2, 3]	[4, 5]	1	SOURCE_GAP	{}
gensou-labyrinth	幻想ラビリンス	standard	[1, 2, 3, 4]	[5, 6]	1	SOURCE_GAP	{}
giant-killing-extra-giant-killing-hatsu-sakkaa-entaateinmento-magazine	GIANT KILLING extra ジャイアントキリング発サッカーエンターテインメントマガジン	standard	[1]	[2, 3, 4, 5, 6, 7, 8, 9, 10, 11, 12, 13, 14]	4	SOURCE_GAP	{}
ginga-tetsudou-999-andoromedahen	銀河鉄道999アンドロメダ編	standard	[1, 2, 3, 4]	[5, 6, 7, 8, 9, 10]	1	SOURCE_GAP	{}
gokuraku-houshinden	極楽封神伝	standard	[1, 2]	[3]	1	SOURCE_GAP	{}
grand-vacances	グラン・バカン	standard	[1]	[2]	1	SOURCE_GAP	{}
grayscale-children	グレースケールチルドレン	standard	[1]	[2]	1	SOURCE_GAP	{}
greed-packet-unlimited	グリードパケット∞	standard	[1, 2, 3]	[4]	0	SOURCE_GAP	{}
green-no-kifujin	芝の貴婦人	standard	[1]	[2]	1	SOURCE_GAP	{}
guruguru-shoukougun	ぐるぐる症候群	standard	[1, 2, 3, 4, 5, 6, 7, 8, 9]	[10, 13]	1	SOURCE_GAP	{}
guy-saito-1990	ガイ	standard	[1]	[2]	1	SOURCE_GAP	{}
hai-to-gin-no-hane	灰と銀の羽根	standard	[1]	[2, 3]	1	SOURCE_GAP	{}
hal-ayase-2017	ハル	standard	[1]	[2]	1	SOURCE_GAP	{}
hamster-family	ハムスターファミリー	standard	[1, 2]	[3, 4]	1	SOURCE_GAP	{}
hamster-no-kyuukyuubako	ハムスターの救急箱	standard	[1, 2]	[3]	1	SOURCE_GAP	{}
hana-ichimonme	花いちもんめ	standard	[1]	[2]	1	SOURCE_GAP	{}
hanna-of-the-z	はんなof the Z	standard	[1]	[2]	1	SOURCE_GAP	{}
happy-birthday-komikku	ハッピーバースデー	standard	[1, 2]	[3]	1	SOURCE_GAP	{}
haramu-made-midare-ike	孕むまで乱れいけ	standard	[1]	[2, 4, 5]	2	SOURCE_GAP	{}
haruki-murakami-manga-stories	HARUKI MURAKAMI MANGA STORIES	standard	[1]	[2, 3]	2	SOURCE_GAP	{}
hate-my-mia	Hate my Mia!	standard	[1]	[2, 3, 4]	2	SOURCE_GAP	{}
hayato-kun-to-saho-chan-wa-honjitsu-mo-ichaama	隼人くんと早穂ちゃんは本日もいちゃ甘。	standard	[1]	[2, 3]	1	SOURCE_GAP	{}
hereteku-no-ana	ヘレテクの穴	standard	[1]	[2, 3]	1	SOURCE_GAP	{}
hero-special	ヒーロースペシャル	standard	[1]	[2]	1	SOURCE_GAP	{}
hi-no-ataru-sakamichi	陽のあたる坂道	standard	[1, 2]	[3]	1	SOURCE_GAP	{}
higurashi-no-naku-koi-ni-all-you-need-is-love	ひぐらしのなく恋に All you need is love	standard	[1]	[2, 3]	1	SOURCE_GAP	{}
higurashi-no-nakukoro-ni	ひぐらしのなく頃に	standard	[1, 2, 3, 4]	[5, 6, 10, 11, 12]	3	SOURCE_GAP	{}
hiiragi-buchou-no-panst-line	柊部長のパンストライン	standard	[1]	[2]	1	SOURCE_GAP	{}
hikikomori-reijou-wa-kouhi-ni-nante-naritakunai	引きこもり令嬢は皇妃になんてなりたくない!	standard	[1, 2]	[3, 4]	1	SOURCE_GAP	{}
himegimi-no-tou-kizukurugan	姫君の塔-キズクルガン-	standard	[1, 2]	[3]	1	SOURCE_GAP	{}
hinako	HINAKO !!!	standard	[1]	[2]	1	SOURCE_GAP	{}
hirotta-inui-kun-to-koi-o-suru	拾った戌井くんと恋をする	standard	[1]	[2, 3, 4]	1	SOURCE_GAP	{}
hito-wa-sore-o-furin-to-yobu	人はそれを不倫と呼ぶ	bunkobon	[1]	[2]	1	SOURCE_GAP	{}
hitomi-ni-utsuru-kimi-wa-zenbu-ore-no-mono	瞳に映るキミは、全部オレのもの	standard	[1]	[2]	1	SOURCE_GAP	{}
hitozuma-no-kuchibiru-wa-kan-chuuhai-no-aji-ga-shite	人妻の唇は缶チューハイの味がして	standard	[1]	[2, 3]	1	SOURCE_GAP	{}
hodogaya-saichuusokuha-seven	保土ヶ谷最中速派セブン	standard	[1]	[2, 3]	1	SOURCE_GAP	{}
holy-maruo-1996	Holy	standard	[1]	[2]	1	SOURCE_GAP	{}
honba-joshikou-manual	本場ぢょしこうマニュアル	standard	[1]	[2]	1	SOURCE_GAP	{}
honnyara-gokko-kariage-kun	ほんにゃらごっこ かりあげクン	standard	[1, 2, 3, 4, 5, 6, 7, 8, 9, 10, 11, 12, 13, 14, 15, 16, 17, 18, 19, 20, 21, 22, 23, 24, 25, 26, 27, 28, 29, 30, 31, 32, 33, 34, 35, 36, 37, 38, 39, 40, 41, 42, 43, 44, 45, 46, 47, 48, 49, 50]	[51, 52, 53, 54, 55, 56, 57, 58, 59, 60]	1	SOURCE_GAP	{}
honomi-bureikutsu	ほのみぶれいくっ!	standard	[1]	[2]	1	SOURCE_GAP	{}
hontoni-atta-noroi-no-video-comic	ほんとにあった!呪いのビデオcomic	standard	[1, 2]	[3, 4, 5]	1	SOURCE_GAP	{}
hontou-ni-atta-chibi-waraeru-hanashi	本当にあったちび笑える話	standard	[1, 2, 3, 4, 5, 6, 7, 8, 9, 10, 11, 12, 13, 14, 15, 16, 17, 18, 19, 20, 21, 22, 23, 24, 25, 26, 27, 28, 29, 30, 31, 32, 33, 34, 35, 36, 37, 38, 39, 40, 41, 42, 43, 44, 45, 46, 47, 48, 49, 50, 51, 52, 53, 54, 55, 56, 57, 58, 59, 60, 61, 62, 63, 64, 65, 66, 67, 68, 69, 70, 71, 72, 73, 74, 75, 76, 77, 78, 79, 80, 81, 82, 83, 84, 85, 86, 87, 88, 89, 90, 91, 92, 93, 94, 95, 96, 97, 98, 99, 100, 101, 102, 103, 104, 105, 106, 107, 108, 109, 110, 111, 112, 113, 114, 115, 116, 117, 118, 119, 120, 121, 122, 123, 124, 125, 126, 127, 128, 129, 130, 131, 132, 133, 134, 135, 136, 137, 138, 139, 140, 141, 142, 143, 144, 145, 146, 147, 148, 149, 150, 151, 152, 153, 154, 155, 156, 157, 158, 159, 160, 161, 162, 163, 164, 165, 166, 167, 168, 169, 170, 171, 172, 173, 174, 175, 176, 177, 178, 179, 180, 181, 182, 183, 184, 185, 186, 187, 188, 189, 190, 191, 192, 193, 194, 195, 196, 197, 198, 199, 200, 201, 202, 203]	[204, 205, 207, 208]	1	SOURCE_GAP	{}
hontou-ni-atta-nama-maji-giretsu-byouin-esupii	本当にあった〔○生〕マジギレッ病院SP	standard	[1]	[2]	1	SOURCE_GAP	{}
hoshizora-o-mitsumeta-sono-ato-de	星空を見つめたそのあとで	standard	[1]	[2, 3]	1	SOURCE_GAP	{}
hot-komyunikeeshiyon	あったかファミリー ホット・コミュニケーション	standard	[1]	[2]	1	SOURCE_GAP	{}
houkago-pedal	放課後ペダル	standard	[1, 2, 3, 4, 5]	[6, 7, 8]	1	SOURCE_GAP	{}
igaguri-kun	イガグリくん	bunkobon	[1, 2, 3, 4, 5, 6, 7, 8]	[9]	0	SOURCE_GAP	{}
ijippari-na-senpai-no-shitsukekata	意地っ張りな先輩のしつけ方	standard	[1]	[2]	1	SOURCE_GAP	{}
ijiwaru-na-tsugai	いじわるな番	standard	[1]	[2]	1	SOURCE_GAP	{}
ikinari-shinrensai	いきなり新連載	standard	[1]	[2]	1	SOURCE_GAP	{}
ikukyuu-maou-to-nise-yuusha	育休魔王とニセ勇者	standard	[1]	[2, 3]	1	SOURCE_GAP	{}
inaka-no-kuro-gal-jieikee-to-kekkon-shimashita	田舎の黒ギャルJKと結婚しました	standard	[1]	[2, 3]	1	SOURCE_GAP	{}
incubus-datte-junai-shitai	インキュバスだって純愛したい	standard	[1]	[2, 3]	1	SOURCE_GAP	{}
inukko-club	犬っこ倶楽部	standard	[1, 2, 3, 4, 5]	[6, 7]	1	SOURCE_GAP	{}
invincible-iron-man-ironheart	インビンシブル・アイアンマン:アイアンハート	standard	[1]	[2]	1	SOURCE_GAP	{}
isekai-kara-elf-san-ga-ochitekita-nodesuga	異世界からエルフさんが落ちてきたのですが!?	standard	[1]	[2]	1	SOURCE_GAP	{}
jin	JIN	bunkobon	[1, 2, 3, 4, 5, 6]	[7, 8, 9, 10, 11, 12, 13]	1	SOURCE_GAP	{}
jiraikei-kareshi-suzu-kun	地雷系彼氏すずくん	standard	[1]	[2, 4]	1	SOURCE_GAP	{}
junai	純愛	standard	[1, 2]	[3]	1	SOURCE_GAP	{}
junai-yakuza-to-dousei-seikatsu	純愛ヤクザと同棲生活	standard	[1]	[2]	1	SOURCE_GAP	{}
jungle	ジャングル	standard	[1, 2]	[3]	1	SOURCE_GAP	{}
kaika-ansatsuchou-tenpousen	開化暗殺帳天保銭	standard	[1]	[2]	1	SOURCE_GAP	{}
kaikyaku-sengen	海客宣言	standard	[1, 2, 3, 4, 5, 6, 7, 8, 9, 10, 11]	[12, 13, 14, 15]	1	SOURCE_GAP	{}
kairanban-no-etchi-na-rule-wa-zettai-desu	回覧板のエッチなルールは絶対です。	standard	[1]	[2]	1	SOURCE_GAP	{}
kaisei-no-ketsumeisha	廻生の血盟者	standard	[1]	[2, 3, 4, 5, 6]	1	SOURCE_GAP	{}
kandouou-rendetsu	感動王列伝	standard	[1]	[2, 3]	2	SOURCE_GAP	{}
kantai-collection-kancolle-4-koma-comic	艦隊これくしょん-艦これ-4コマコミック	standard	[1, 2, 3, 4, 5, 6, 7, 8, 9]	[10, 12, 13, 14, 15, 16, 17]	1	SOURCE_GAP	{}
kantai-collection-kancolle-comic-a-ra-carte-kai	艦隊これくしょん-艦これ-コミックアラカルト改	standard	[1, 2, 3, 4, 5, 6, 7, 8, 9, 10, 11, 12, 13, 14, 15, 16, 17, 18, 19]	[20, 21]	1	SOURCE_GAP	{}
karabuki-shitene	からぶき♥してね	standard	[1]	[2]	1	SOURCE_GAP	{}
karutetto	かるってと	standard	[1]	[2]	1	SOURCE_GAP	{}
kasei-no-hatsu-chan	火星の八ちゃん	bunkobon	[1, 2]	[3]	0	SOURCE_GAP	{}
kasei-yakiyoku	華星夜曲	standard	[1]	[2, 3, 4, 5, 6, 7, 8, 9]	1	SOURCE_GAP	{}
kasumigaseki-furiimeeson	霞ヶ関フリーメーソン	standard	[1]	[2]	1	SOURCE_GAP	{}
kasuribana	掏摸花	standard	[1]	[2, 3, 4]	1	SOURCE_GAP	{}
katakoi-kekkon	片恋結婚	standard	[1]	[2, 3, 4, 5, 6]	1	SOURCE_GAP	{}
katei-kyoushi-hitman-reborn-chaos-destiny	家庭教師ヒットマンreborn!カオスデスティニー	standard	[1]	[2]	1	SOURCE_GAP	{}
kawaii-kimi	かわいいきみ	standard	[1]	[2, 3, 4]	3	SOURCE_GAP	{}
kayou-manga-daizenshuu	歌謡マンガ大全集	standard	[1]	[2]	1	SOURCE_GAP	{}
kaze-no-tenpei	風の天兵	standard	[1]	[2]	0	SOURCE_GAP	{}
keishichou-0-ka-no-onna	警視庁0課の女	standard	[1, 2, 3, 4, 5]	[6]	1	SOURCE_GAP	{}
kemono-friends-comic-arakaruto	けものフレンズコミックアラカルト	standard	[1, 2]	[3, 4]	1	SOURCE_GAP	{}
kemono-otoko-to-yuutousei-joshi	ケモノ男子と優等生女子	standard	[1, 2]	[3, 4]	1	SOURCE_GAP	{}
kemonomichi-kagemaru-1980	けものみち	standard	[1]	[2, 3, 4, 5, 6, 7, 8, 9, 10]	1	SOURCE_GAP	{}
kick-ass	キック・アス	standard	[1]	[2, 3]	1	SOURCE_GAP	{}
kiken-na-chouai	危険な寵愛	standard	[1]	[2, 3]	1	SOURCE_GAP	{}
kikou-kiden-hiwou-senki	機巧奇伝ヒヲウ戦記	standard	[1]	[2, 3, 4]	2	SOURCE_GAP	{}
kimi-no-shita-wa-dolce	君の舌はドルチェ	standard	[1]	[2]	1	SOURCE_GAP	{}
kimi-o-mae-ni-shitara-ore-wa-moutsu-nikushokuha-otoko-no-junjouna-yokujou	君を前にしたら俺はもうっ…肉食派男子の純情な欲情	standard	[1]	[2]	1	SOURCE_GAP	{}
kimi-to-natsu-no-naka	君と夏のなか	standard	[1]	[2, 3]	1	SOURCE_GAP	{}
kiraware-reijou-wa-gin-no-ouji-ni-amayakasareru	嫌われ令嬢は銀の王子に甘やかされる	standard	[1]	[2, 3]	1	SOURCE_GAP	{}
kirishima-kun-wa-ijimetai	桐島くんはいじめたい	standard	[1, 2]	[3]	1	SOURCE_GAP	{}
kisaki-to-kawa	后と河	standard	[1]	[2]	1	SOURCE_GAP	{}
kizuato	痕	standard	[1]	[2, 4, 5]	1	SOURCE_GAP	{}
koala-enikki	コアラ絵日記	standard	[1]	[2, 3, 4, 5]	2	SOURCE_GAP	{}
koi-kara-wa-nigerarenai	恋からは逃げられない	standard	[1, 2]	[3]	1	SOURCE_GAP	{}
koi-to-junrei	恋と巡礼	standard	[1, 2, 3, 4, 5, 6, 7]	[8]	1	SOURCE_GAP	{}
koisuru-milk-crown	恋するミルククラウン	standard	[1]	[2]	1	SOURCE_GAP	{}
kokou-no-ou-to-yotogi-no-jouai	孤高の王と夜伽の情愛	standard	[1]	[2]	1	SOURCE_GAP	{}
kore-wa-kitto-unmei-no-koi	これはきっと、運命の恋	standard	[1]	[2, 3]	1	SOURCE_GAP	{}
kotoza-no-regashii	こと座のレガシー	standard	[1]	[2]	1	SOURCE_GAP	{}
koukidou-gensou-ganpareedo-march-4-koma-manga-gekijou	高機動幻想ガンパレード・マーチ 4コママンガ劇場	standard	[1]	[2]	1	SOURCE_GAP	{}
koukoukyoushimonogatari	高校教師物語	standard	[1]	[2]	1	SOURCE_GAP	{}
koyoi-omae-to	今宵おまえと	standard	[1]	[2, 3]	1	SOURCE_GAP	{}
kureyon-shin-chan-gemu-book	クレヨンしんちゃんゲームブック	standard	[1, 2, 3]	[4, 5, 6]	2	SOURCE_GAP	{}
kuusou-kagaku-dai-bouken-katsugeki-kyousaku-dai-zenshuu	空想科学大冒険活劇競作大全集	standard	[1, 2, 3, 4, 5, 6, 7]	[8, 9]	1	SOURCE_GAP	{}
kuwata-kigurumi-gekijou-damekko-doubutsu	桑田着ぐるみ劇場だめっこどうぶつ	standard	[1, 2, 3, 4, 5]	[6, 7, 8, 9, 10, 11]	2	SOURCE_GAP	{}
kuzu-no-ha	葛の葉	standard	[1, 2, 3, 4, 5, 6, 7, 8]	[9]	1	SOURCE_GAP	{}
kyoufu-kaiki	恐怖怪奇	standard	[1]	[2]	1	SOURCE_GAP	{}
kyuukoku-no-seijo-desu-kokugai-tsuihousareta-sarechaimashita	救国の聖女ですが、国外追放されちゃいましたー!?	standard	[1]	[2, 3]	1	SOURCE_GAP	{}
l-gion	LÉGION	standard	[1, 2]	[3]	1	SOURCE_GAP	{}
let-s-go-nirvana	Let's go nirvana	standard	[1]	[2, 3]	1	SOURCE_GAP	{}
like-the-beast	Like the beast	standard	[1, 2, 3, 4, 5, 6, 7, 8, 9, 10, 11, 12, 13]	[14]	1	SOURCE_GAP	{}
linkman	リンクマン	standard	[1]	[2, 3, 4]	1	SOURCE_GAP	{}
love-drug	ラブドラッグ	standard	[1, 2, 3]	[4, 9]	2	SOURCE_GAP	{}
love-neko	ラブ・ネコ	standard	[1, 2, 3]	[4]	1	SOURCE_GAP	{}
lovers	Lovers	standard	[1]	[2]	1	SOURCE_GAP	{}
mabo-chan-dei-bai-dei	マボちゃんDAY BY DAY	standard	[1, 2, 3, 4]	[5, 6, 7, 8]	1	SOURCE_GAP	{}
machi	街	bunkobon	[1, 2, 3, 4, 5, 6, 7, 8, 9, 10, 11, 12, 13, 14, 15, 16, 17, 18, 19, 20, 21, 22, 23, 24, 25, 26, 27, 28, 29, 30, 31, 32, 33, 34, 35, 36, 37, 38, 39, 40, 41, 42, 43, 44, 45, 46, 47, 48, 49, 50, 51, 52, 53, 54, 55, 56, 57, 58, 59, 60, 61]	[62]	0	SOURCE_GAP	{}
mahiru-no-tsuki	真昼の月	standard	[1]	[2]	1	SOURCE_GAP	{}
majikyuu-4-koma-maji-de-watashi-ni-koishinasai-s	マジキュー4コマ真剣で私に恋しなさい!S	standard	[1, 2, 3, 4]	[5, 6]	1	SOURCE_GAP	{}
majikyuu-4-koma-steins-gate	マジキュー4コマ STEINS;GATE	standard	[1, 2]	[3, 5, 6]	1	SOURCE_GAP	{}
makai-densetsu	魔界伝説	standard	[1]	[2]	1	SOURCE_GAP	{}
makinonansensu	佐々木マキのナンセンサス世界	standard	[1, 2, 3, 4, 5]	[6]	1	SOURCE_GAP	{}
manga-de-shitashimu-izumo-shinwa	マンガで親しむ出雲神話	standard	[1, 2, 3]	[4]	1	SOURCE_GAP	{}
manga-heiki-saibaa-comics	漫画兵器サイバーコミックス	standard	[1, 2, 3]	[4]	1	SOURCE_GAP	{}
manga-zankoku-nippon-banashi-inagaki	まんが残酷日本むかしばなし	standard	[1, 2]	[3]	1	SOURCE_GAP	{}
mangataimumini	まんがタイムmini	standard	[1, 2, 3, 4]	[5]	1	SOURCE_GAP	{}
manhattan-op	マンハッタン・オプ	bunkobon	[1, 2]	[3]	0	SOURCE_GAP	{}
mansion-neko-no-kyoumi-shinshin	マンションネコの興味シンシン	standard	[1]	[2]	1	SOURCE_GAP	{}
marii-to-ellie-no-atelier-zaaruburugu-no-renkinjutsushi-sekando-season	マリーとエリーのアトリエザールブルグの錬金術士 Second Season	standard	[1, 2, 3]	[4, 5, 6, 7, 8]	2	SOURCE_GAP	{}
matador	マタドール	standard	[1]	[2]	1	SOURCE_GAP	{}
matamoya-daikichi	またもや大吉	standard	[1]	[2, 3]	1	SOURCE_GAP	{}
matatabisou-wa-nekoyashiki	またたび荘は猫屋敷	standard	[1]	[2, 3]	1	SOURCE_GAP	{}
matsuoka-the-incredible	Matsuoka the incredible	standard	[1]	[2]	1	SOURCE_GAP	{}
matte-suki	まって、好き。	standard	[1]	[2]	1	SOURCE_GAP	{}
mayonaka-no-raburetaa	真夜中のラブレター	standard	[1]	[2]	1	SOURCE_GAP	{}
megurikuruharu	めぐりくるはる	standard	[1]	[2]	1	SOURCE_GAP	{}
meitantei-conan-tokubetsuhen-2016	名探偵コナン 特別編	standard	[1, 2, 3, 4, 5, 6, 7, 8, 9, 10, 11, 12, 13, 14, 15]	[16, 18, 21, 24, 27, 28, 30, 32, 34, 36, 38, 39, 40, 41, 42]	4	SOURCE_GAP	{}
meme	メメ	standard	[1]	[2]	1	SOURCE_GAP	{}
meshi-baka	めしバカ	standard	[1, 2, 3, 4]	[5]	1	SOURCE_GAP	{}
miaki-hitamuki	みあき♥ひたむき	standard	[1, 2, 3]	[4]	1	SOURCE_GAP	{}
miboujin-wa-ogenkijirushi	未亡人はお元気印	standard	[1]	[2, 3, 4]	1	SOURCE_GAP	{}
mikoto-chan-wa-kirawaretakunai	みことちゃんは嫌われたくない!	standard	[1]	[2, 3, 4, 5]	1	SOURCE_GAP	{}
milky-comic	milky comic	standard	[1, 2, 3, 4, 5, 6, 7]	[8, 10, 23, 26, 30]	2	SOURCE_GAP	{}
milky-way	ミルキーウェイ	standard	[1, 2]	[3]	0	SOURCE_GAP	{}
minami-kun-wa-sono-koe-ni-jirasaretai	南くんはその声に焦らされたい	standard	[1]	[2, 3]	1	SOURCE_GAP	{}
mitarai	ミタライ	standard	[1]	[2, 3]	1	SOURCE_GAP	{}
miyama-to-nanase-wa-mada-tomodachi	深山と七瀬はまだ友達?	standard	[1]	[2]	1	SOURCE_GAP	{}
mobile-suit-gundam-emuesuvui-aaru	機動戦士ガンダムMSV-R	standard	[1, 2, 3, 4, 5, 6]	[7, 17, 18, 19, 20, 21, 22, 23, 24, 25, 26]	1	SOURCE_GAP	{}
mobile-suit-zeta-gundam-difain-char-azunaburu-aka-no-bunsuirei	機動戦士ΖガンダムDefineシャア・アズナブル赤の分水嶺	standard	[1, 2, 3, 4, 5, 6, 7, 8, 9, 10, 11, 12]	[13, 14, 15, 16, 17, 18, 19]	2	SOURCE_GAP	{}
mobile-suit-zeta-gundam-difain-char-azunaburu-guripusu-seneki	機動戦士ΖガンダムDefineシャア・アズナブルグリプス戦役	standard	[1, 2, 3, 4, 5, 6, 7, 8, 9, 10, 11, 12, 13, 14, 15, 16, 17, 18, 19]	[20, 21, 22]	1	SOURCE_GAP	{}
moeyo-sensha-gakkou	萌えよ!戦車学校	standard	[1]	[2, 3, 5, 6]	1	SOURCE_GAP	{}
momopan-clover-2012	MOMOPAN	standard	[1, 2, 3, 4, 5, 6, 7, 8, 9, 10, 11, 12, 13, 14, 15, 16, 17, 18, 19, 20, 21, 22, 23, 24]	[25]	1	SOURCE_GAP	{}
mondeki	モンでき。	standard	[1]	[2, 3, 4, 5, 6, 7]	1	SOURCE_GAP	{}
monkey-peak-the-rock	Monkey peak the rock	standard	[1, 2, 3]	[4, 5, 6, 7, 8, 9]	1	SOURCE_GAP	{}
morohoshi-daijirou-tanpen-shuusei	諸星大二郎短編集成	standard	[1]	[2, 3]	1	SOURCE_GAP	{}
moto-yakuza-wa-shinshi-de-moujuu	(元) ヤクザは紳士で猛獣	standard	[1]	[2, 3, 4, 5]	1	SOURCE_GAP	{}
moto-yan-ooeru-wa-kojirase-elite-no-iinari-omocha	元ヤンOLはこじらせエリートのいいなりおもちゃ♡	standard	[1]	[2, 3]	1	SOURCE_GAP	{}
mousou-suit	妄想戦士	standard	[1, 2]	[3, 4]	1	SOURCE_GAP	{}
muchashi	無茶四	bunkobon	[1, 2, 3]	[4]	1	SOURCE_GAP	{}
munou-no-akudou-ouji-wa-ikinokoritai	無能の悪童王子は生き残りたい	standard	[1]	[2, 3]	1	SOURCE_GAP	{}
mushi-to-gankyuu-to-tedibea	蟲と眼球とテディベア	standard	[1, 2]	[3, 4, 5, 6]	1	SOURCE_GAP	{}
mushoku-kakutou-niito-konbatto	無職格闘-ニート・コンバット-	standard	[1]	[2, 3]	1	SOURCE_GAP	{}
nakayoshi-orijinaruban-sakuhinshuu	なかよしオリジナル版作品集	bunkobon	[1]	[2, 3, 4, 5]	1	SOURCE_GAP	{}
nanda-kanda-de-onna-no-hashori-michi	なんだかんだで!女のはしょり道	standard	[1, 2, 3, 4, 5]	[6]	1	SOURCE_GAP	{}
nanimo-kikazu-ni-dakasetekure	何も聞かずに抱かせてくれ	standard	[1]	[2, 3, 4, 5]	1	SOURCE_GAP	{}
nante-suteki-ni-japanesuku-hitozumahen	なんて素敵にジャパネスク人妻編	bunkobon	[1, 2, 3, 4]	[5, 6]	1	SOURCE_GAP	{}
nefirimu-kusakabe-2008	ネフィリム	standard	[1, 2]	[3]	1	SOURCE_GAP	{}
neko-banashi	ねこばなし	standard	[1, 2]	[3]	1	SOURCE_GAP	{}
neko-punch	ねこぱんち	standard	[1, 2, 3, 4, 5, 6, 7, 8, 9]	[10, 14, 17, 18, 23, 30, 33]	2	SOURCE_GAP	{}
neko-puni	ねこぷに	standard	[1, 2]	[3, 6, 7, 8, 9, 26]	2	SOURCE_GAP	{}
nekokko-club	猫っこ倶楽部	standard	[1, 2]	[3, 4, 5, 6, 7]	1	SOURCE_GAP	{}
nekomata-to-asagohan	ねこまたとあさごはん	standard	[1]	[2, 3, 4]	1	SOURCE_GAP	{}
neongai-comics	ネオン街コミックス	standard	[1]	[2]	1	SOURCE_GAP	{}
nihonnorekishi	日本の歴史	bunkobon	[1, 2, 3, 4, 5, 6]	[7]	1	SOURCE_GAP	{}
ningen-no-jouken	人間の條件	standard	[1]	[2, 4]	2	SOURCE_GAP	{}
ninja-ninbetsuchou	忍者人別帖	standard	[1, 2]	[3]	0	SOURCE_GAP	{}
ninkuu-2nd-stage	忍空2nd stage	standard	[1]	[2]	1	SOURCE_GAP	{}
nippon-jinbutsushi	日本人物史	standard	[1, 2, 3]	[4]	1	SOURCE_GAP	{}
nodarutanyan	風のダルタニヤン	standard	[1]	[2, 3, 4]	1	SOURCE_GAP	{}
non-sutoppu-kyouhei	NON STOP!恭平	standard	[1, 2, 3, 4, 5, 6, 7, 8, 9]	[10, 11]	1	SOURCE_GAP	{}
nonke-joushi-30-nichi-no-kaihatsu-mesoddo	ノンケ上司、30日の開発メソッド	standard	[1]	[2, 3, 4, 5]	1	SOURCE_GAP	{}
nono-chan-zenshuu	ののちゃん 全集	standard	[1, 2, 3, 4, 5]	[6, 7, 8]	1	SOURCE_GAP	{}
nuclear	Nuclear	standard	[1]	[2, 3, 4, 5]	1	SOURCE_GAP	{}
nurse-station-kozan-1990	ナースステーション	standard	[1, 2, 3, 4]	[5]	1	SOURCE_GAP	{}
ohanashi-chouhyakka-pocket-monster	おはなし超ひゃっかポケットモンスター	standard	[1]	[2, 3, 4, 5, 6, 7, 8]	1	SOURCE_GAP	{}
oji-sama-shinshi-wa-kedamono-joushi	オジサマ紳士はケダモノ上司	standard	[1]	[2, 3, 4, 5, 6, 7, 8]	1	SOURCE_GAP	{}
oku-sama-hi-no-youjin	奥様火の用心!	standard	[1]	[2]	1	SOURCE_GAP	{}
omakase-spirits	おまかせ精霊	standard	[1]	[2, 3, 4]	1	SOURCE_GAP	{}
omega-senyou-kareshi	Ω専用カレシ	standard	[1]	[2]	1	SOURCE_GAP	{}
onape	オナぺ	standard	[1]	[2, 5]	2	SOURCE_GAP	{}
onetsu-wa-nando	お熱は何度?	standard	[1, 2, 3]	[4, 5]	1	SOURCE_GAP	{}
onikogi	オニコギ	standard	[1]	[2, 3]	1	SOURCE_GAP	{}
ookami-sama-no-ichizu-na-bouai	オオカミ様の一途な暴愛	standard	[1]	[2]	1	SOURCE_GAP	{}
ookisugite-kare-no-are-ga-sakitcho-shika-hairimasen	大きすぎて、 (彼のアレが) 先っちょしか入りません!	standard	[1]	[2, 3, 4]	1	SOURCE_GAP	{}
operation-g-g	オペレーションG.G	standard	[1]	[2, 3, 5]	1	SOURCE_GAP	{}
oppai-no-tatsujin	おっぱいの達人	standard	[1]	[2, 3]	1	SOURCE_GAP	{}
optional-tour	オプショナル・ツアー	standard	[1]	[2, 3]	1	SOURCE_GAP	{}
ore-o-tatasete-miroyo	俺を、たたせてみろよ	standard	[1]	[2, 3, 4, 5, 6]	1	SOURCE_GAP	{}
osaka-geijutsu-daigaku-daigaku-manga	大阪芸術大学 大学漫画	standard	[1, 2]	[3, 5, 6]	1	SOURCE_GAP	{}
osaka-geijutsu-daigaku-kanan-bungei-manga-hen	大阪芸術大学河南文藝 漫画篇	standard	[1, 2, 3, 4]	[5]	1	SOURCE_GAP	{}
osananajimi-no-koukousei-no-aida-ni-nikutai-kankei-wa-seiritsu-suruka	幼なじみの高校生のあいだに肉体関係は成立するか。	standard	[1]	[2, 3]	1	SOURCE_GAP	{}
oshi-kimono	推し着物	standard	[1]	[2]	1	SOURCE_GAP	{}
oshie-danna-sama	教え❤旦那サマ	standard	[1, 2, 3, 4, 5]	[6]	1	SOURCE_GAP	{}
osusume-furiten-kun	おすすめフリテンくん	bunkobon	[1]	[2, 3]	1	SOURCE_GAP	{}
otokoun-ga-ii-rank-nanode-isekai-no-yamiochi-kami-sama-ni-metoraremashita	男運がEランクなので異世界の闇落ち神様に娶られました	standard	[1]	[2, 4, 5]	1	SOURCE_GAP	{}
pachisuro-de-atta-zenbu-umai-hanashi-zetto	パチスロであった全部旨い話Z	standard	[1, 2, 3, 4, 5, 6, 7, 8]	[9, 10]	1	SOURCE_GAP	{}
pairon	白龍	standard	[1]	[2, 3]	1	SOURCE_GAP	{}
pakupaku-desuwa-tsuihousareta-sareta-ojousama	〈パクパクですわ〉追放されたお嬢様の『モンスターを食べるほど強くなる』スキルは、1食で1レベルアップする前代未聞の最強スキルでした。3日で人類最強になりましたわ～!	standard	[1]	[2, 3, 4, 5, 6]	2	SOURCE_GAP	{}
palm	パーム	standard	[1, 2, 3, 4, 5, 6, 7, 8, 9, 10, 11, 12, 13, 14, 15, 16, 17, 18, 19, 20, 21, 22, 23, 24, 25, 26, 27, 28, 29, 30, 31, 32, 33, 34, 35, 36, 37, 38, 39]	[40, 41, 42, 43, 44, 45]	2	SOURCE_GAP	{}
papa-no-kokoro	パパのココロ	standard	[1]	[2]	1	SOURCE_GAP	{}
peace-mashuko	PEACE	standard	[1]	[2, 3]	1	SOURCE_GAP	{}
perfect-angel-lip	Perfectエンジェルリップ	standard	[1]	[2, 4]	1	SOURCE_GAP	{}
pet-boy-s	Pet-boy's	standard	[1]	[2]	1	SOURCE_GAP	{}
piisu-maker-kurogane	PEACE MAKER鐡	standard	[1, 2, 3, 4, 5, 6, 7, 8, 9, 10, 11]	[12, 13, 14, 15, 16, 17]	2	SOURCE_GAP	{}
pittosporum	ピットスポルム	standard	[1, 2, 3]	[4, 5]	2	SOURCE_GAP	{}
platinum-boys	PLATINUM BOYS	standard	[1, 2]	[3]	1	SOURCE_GAP	{}
pokettomonsutaa-diamond-pearl-ohanashi-series	ポケットモンスターダイヤモンド・パール　おはなしシリーズ	standard	[1, 2, 3]	[4, 5]	1	SOURCE_GAP	{}
pumpkin	パンプキン	standard	[1]	[2, 3, 4, 5, 6, 7, 9, 10, 11, 12, 13, 14, 15, 16, 17, 18, 19, 20, 21, 22, 23]	7	SOURCE_GAP	{}
r-3611193	蒼の男	standard	[1, 2]	[3]	1	SOURCE_GAP	{}
r-3966128	Mindy land	standard	[1]	[2]	1	SOURCE_GAP	{}
rakushou-hyper-doll-1996	楽勝!ハイパー★ドール	standard	[1, 2, 3]	[4, 5]	1	SOURCE_GAP	{}
rasubosu-tachi-no-kakushi-go	ラスボスたちの隠し仔	standard	[1]	[2, 3]	1	SOURCE_GAP	{}
re-virgin	リヴァージン	standard	[1]	[2, 3]	1	SOURCE_GAP	{}
rekitan	レキタン!	standard	[1, 2, 3, 4, 5]	[6, 7, 8]	1	SOURCE_GAP	{}
repeat-after-me-fuwa-2010	リピート・アフター・ミー?	standard	[1]	[2]	1	SOURCE_GAP	{}
riot-tsukada-2025	RIOT	standard	[1]	[2, 3]	1	SOURCE_GAP	{}
riutagao	りうたがお	standard	[1]	[2, 3]	1	SOURCE_GAP	{}
romeo	Romeo	standard	[1]	[2, 3, 4, 5]	1	SOURCE_GAP	{}
rouran-mappou-emaki	狼蘭末法絵巻	standard	[1]	[2, 3]	1	SOURCE_GAP	{}
ryuu-to-tora	龍と虎	standard	[1]	[2]	1	SOURCE_GAP	{}
sadistic-sayaka-chan	サディスティックさやかちゃん!	standard	[1]	[2]	1	SOURCE_GAP	{}
sagesumareta-reijou-wa-daini-no-jinsei-de-akogare-no-renkinjutsushi-no-michi-o-erabu	蔑まれた令嬢は、第二の人生で憧れの錬金術師の道を選ぶ	standard	[1]	[2, 3]	1	SOURCE_GAP	{}
saibaa-comics	サイバーコミックス	standard	[1, 2, 3, 4]	[5, 11]	0	SOURCE_GAP	{}
saibara-rieko-no-jinsei-ichinensei	西原理恵子の人生一年生	standard	[1]	[2]	1	SOURCE_GAP	{}
saigo-no-natsu-o-hitozuma-to	最後の夏を人妻と	standard	[1]	[2, 3]	1	SOURCE_GAP	{}
saishinban-heisei-tensai-bakabon	最新版平成天才バカボン	standard	[1]	[2, 3, 4]	0	SOURCE_GAP	{}
saiteihen-de-agaku-boku-wa-isekai-de-kibou-ni-deau	最底辺であがく僕は、異世界で希望に出会う	standard	[1]	[2, 3, 4]	1	SOURCE_GAP	{}
saitsuyo-akuyaku-reijou-nikki	さいつよ☆悪役令嬢日記	standard	[1]	[2]	1	SOURCE_GAP	{}
samenyan	サメにゃん	standard	[1]	[2, 3]	1	SOURCE_GAP	{}
samurai-musou	サムライ無双	standard	[1]	[2, 3, 4]	1	SOURCE_GAP	{}
sandoman	サンドマン	standard	[1, 2]	[3]	1	SOURCE_GAP	{}
sange	散華	standard	[1, 2, 3, 4, 5, 6, 7, 8, 9, 10, 11, 12, 13, 14, 15, 16, 17]	[18]	1	SOURCE_GAP	{}
sarasa	Sarasa	standard	[1]	[2]	1	SOURCE_GAP	{}
saurus-no-mini-yonku-super-tekunikku	ザウルスのミニ四駆スーパーテクニック	standard	[1]	[2]	1	SOURCE_GAP	{}
school-zone-2021	School zone	standard	[1, 2, 3]	[4, 5]	1	SOURCE_GAP	{}
seifuku-shinya-2-ji	制服、深夜2時。	standard	[1]	[2]	1	SOURCE_GAP	{}
seishun-porunogurafutei	青春ぽるのぐらふてい	standard	[1, 2]	[3, 4]	1	SOURCE_GAP	{}
sekai-no-meisaku-opera	世界の名作オペラ	standard	[1, 2, 3, 4, 5, 6, 7, 8, 9]	[10]	1	SOURCE_GAP	{}
senkou-shoujo	閃光少女	standard	[1, 2]	[3]	1	SOURCE_GAP	{}
senmonogatari	千物語	standard	[1, 2, 3, 4, 5, 6]	[7, 8]	1	SOURCE_GAP	{}
sensei-ga-suki	先生が好き	standard	[1, 2]	[3, 4, 5, 6]	1	SOURCE_GAP	{}
shachiku-joushi-no-koi-to-kairaku	社畜上司の恋と快楽	standard	[1]	[2]	1	SOURCE_GAP	{}
shakaikamanganihonnonbiriryokou	社会科まんが日本のんびり旅行	standard	[1, 2, 3]	[4, 6]	1	SOURCE_GAP	{}
shanai-bitch-chan-wa-kyou-mo-tokimeki-ga-tomerarenai	社内ビッチちゃんは今日もときめきが止められない	standard	[1, 2]	[3, 4, 5]	1	SOURCE_GAP	{}
shiba-inu-pon-chan-kyou-mo-wagamichi-o-yuku	柴犬ぽんちゃん、今日もわが道を行く	standard	[1]	[2]	1	SOURCE_GAP	{}
shigatsu-ni-nareba-kanojo-wa	四月になれば彼女は	standard	[1, 2, 3, 4, 5]	[6]	1	SOURCE_GAP	{}
shiharu-genesis	しはるじぇねしす	standard	[1, 2]	[3, 4, 5, 6]	1	SOURCE_GAP	{}
shima-kousaku-zenshuu	島耕作全集	standard	[1]	[2, 5, 9]	1	SOURCE_GAP	{}
shimaji	嶋二	standard	[1]	[2]	1	SOURCE_GAP	{}
shimogari-hanjirou	下苅り半次郎	bunkobon	[1]	[2, 3]	0	SOURCE_GAP	{}
shin-bikkuriman-omoshiro-land	新・ビックリマンおもしろランド	standard	[1]	[2, 3, 5, 6]	1	SOURCE_GAP	{}
shin-manga-bungaku-zenshuu	新漫画文学全集	standard	[1]	[2]	0	SOURCE_GAP	{}
shin-mimibukuro-kaidan-hyakumonogatari	新耳袋 怪談百物語	standard	[1]	[2, 3, 4]	2	SOURCE_GAP	{}
shina-dark	シャイナ・ダルク	standard	[1, 2]	[3]	0	SOURCE_GAP	{}
shinigami-alice-izumiya-2011	死神アリス	standard	[1]	[2]	1	SOURCE_GAP	{}
shinno-kun-wa-suki-darake-na-kanojo-ga-sukisugiru	神野くんはスキだらけな彼女が好きすぎる	standard	[1]	[2]	1	SOURCE_GAP	{}
shinohara-udou-senshuu	篠原烏童選集	standard	[1, 2, 3, 4, 5]	[6, 7]	1	SOURCE_GAP	{}
shinseiki-evangelion-koutetsu-no-girlfriend-2nd-4-koma-manga-gekijou	新世紀エヴァンゲリオン鋼鉄のガールフレンド2nd4コママンガ劇場	standard	[1]	[2, 3]	1	SOURCE_GAP	{}
shinshi-na-kare-wa-tondemonai-mashou-no-kyo-pii-deshita	紳士な彼はとんでもない魔性の巨●(ピー)でした	standard	[1]	[2]	1	SOURCE_GAP	{}
shinshin-agatte-nanbo-taichi-yo-nakuna-2006	新々上がってなンボ!!太一よ泣くな	standard	[1, 2, 3]	[4]	1	SOURCE_GAP	{}
shinuhodo-kisu-shite	死ぬほどKISSして	standard	[1]	[2]	1	SOURCE_GAP	{}
shio-taiou-na-watashi-no-danna-sama-wa-haisupekku-na-osananajimi	塩対応な私の旦那様はハイスペックな幼馴染!?	standard	[1]	[2, 3]	2	SOURCE_GAP	{}
shisaku-nansensu-senshuu	思索ナンセンス選集	standard	[1]	[2, 4, 5, 7, 8]	5	SOURCE_GAP	{}
shitsuji-emu	執事M	standard	[1, 2]	[3, 4]	1	SOURCE_GAP	{}
shoki-sakuhin-shuu	レフトアンドライト	standard	[1, 2, 3, 4, 5, 6, 7, 8, 9, 10, 11, 12, 13, 14, 15, 16, 17, 18, 19, 20, 21, 22, 23, 24, 25, 26, 27]	[28]	1	SOURCE_GAP	{}
shounan-bousouzoku	湘南暴走族	standard	[1, 2, 3, 4]	[5]	1	SOURCE_GAP	{}
shounangurafutei	湘南グラフティ	standard	[1]	[2]	1	SOURCE_GAP	{}
shounen-shoujo-jinbutsu-nippon-no-rekishi	少年少女人物日本の歴史	standard	[1, 2, 3]	[4, 5, 7, 8, 15, 18, 20, 25]	3	SOURCE_GAP	{}
shousetsu-ace-o-nerae	小説エースをねらえ!	bunkobon	[1, 2]	[3]	1	SOURCE_GAP	{}
shousetsu-fajji	小説FUDGE	standard	[1, 2, 3]	[4, 8, 11]	2	SOURCE_GAP	{}
shuuen-no-majo-to-sekai-no-tabi	終焉の魔女と世界の旅	standard	[1]	[2, 3, 4]	1	SOURCE_GAP	{}
sidekick-fighting-rule	サイドキック☆ファイティングルール	standard	[1]	[2, 3]	1	SOURCE_GAP	{}
skip-kiss	SKIP-KISS	standard	[1]	[2]	1	SOURCE_GAP	{}
sora-made-itchau	空までイっちゃう	standard	[1]	[2, 3, 4, 5, 6, 7]	1	SOURCE_GAP	{}
sora-no-ue-no-aren	空の上のアレン	standard	[1]	[2, 4]	1	SOURCE_GAP	{}
souteigai-no-sweet-marriage	想定外のスウィートマリッジ	standard	[1]	[2]	1	SOURCE_GAP	{}
star-ocean-second-story	スターオーシャン セカンドストーリー	standard	[1]	[2, 4, 6]	3	SOURCE_GAP	{}
star-ocean-sekando-story	スターオーシャン セカンドストーリー	standard	[1, 2]	[3, 5, 6, 7]	4	SOURCE_GAP	{}
suki-dayo-good-boy	好きだよグッドボーイ	standard	[1]	[2, 3]	1	SOURCE_GAP	{}
super-mario-land	スーパーマリオランド	standard	[1]	[2, 3, 4]	1	SOURCE_GAP	{}
supooshon-kid	スポーションKID	standard	[1]	[2]	1	SOURCE_GAP	{}
sushi-damashii-shouwa-44-nen-special	寿司魂昭和44年スペシャル	standard	[1, 2, 3, 4, 5, 6, 7, 8, 9, 10]	[11]	1	SOURCE_GAP	{}
suteki-na-kekkon	すてきな結婚	bunkobon	[1, 2]	[3, 4]	2	SOURCE_GAP	{}
suteki-na-shufutachi	すてきな主婦たち	bunkobon	[1]	[2]	1	SOURCE_GAP	{}
taishou-gakusei-aisaika	大正學生愛妻家	standard	[1]	[2, 3, 4]	1	SOURCE_GAP	{}
tajuu-jinkaku-tantei-psycho	多重人格探偵サイコ	aizoban	[1, 2, 3, 4, 5, 6, 7, 8, 9]	[10, 11, 12]	0	SOURCE_GAP	{}
takahashi-meijin-monogatari	高橋名人物語	standard	[1, 2, 3, 4, 5]	[6]	1	SOURCE_GAP	{}
takamari-shisuu-esukareeshon	たかまり指数エスカレーション	standard	[1]	[2]	1	SOURCE_GAP	{}
takeru-1997-2	タケル	standard	[1, 2, 3, 4]	[5, 6, 7, 8, 9, 10]	5	SOURCE_GAP	{}
tales-of-symphonia-4-koma-kings	テイルズオブシンフォニア4コマkings	standard	[1, 2]	[3, 4, 5]	2	SOURCE_GAP	{}
tange-sazen	丹下左膳	standard	[1, 2, 3]	[4]	0	SOURCE_GAP	{}
tanimura-hitoshi-no-bakuretsu-tabiuchi-special	谷村ひとしの爆裂旅打ちスペシャル	standard	[1]	[2]	1	SOURCE_GAP	{}
tecchannotsubasa	てっちゃんのつばさ	standard	[1]	[2]	1	SOURCE_GAP	{}
teiaazu-tou-tiara	ティアーズ・トゥ・ティアラ	standard	[1]	[2, 3]	1	SOURCE_GAP	{}
tenka-musou	天下無双	standard	[1, 2, 3, 4, 5]	[6]	0	SOURCE_GAP	{}
tensei-idol-to-doruota-no-kishi	転生アイドルとドルオタの騎士	standard	[1]	[2, 3]	1	SOURCE_GAP	{}
tensei-ouji-wa-daraketai	転生王子はダラけたい	standard	[1]	[2, 3]	1	SOURCE_GAP	{}
tetsusabi-to-1000-karatto	鉄錆と1000カラット	standard	[1]	[2, 3]	1	SOURCE_GAP	{}
toaru-majutsu-no-baacharon	とある魔術の電脳戦機(バーチャロン)	standard	[1]	[2, 3]	1	SOURCE_GAP	{}
toaru-mei-tantei-to-joshu-no-rabukome-teki-nichijou-tantei-wa-mou-shinde-iru	とある名探偵と助手のラブコメ的日常@探偵はもう、死んでいる。	standard	[1]	[2]	1	SOURCE_GAP	{}
tokubetsu-ja-nai-hi	特別じゃない日	standard	[1]	[2, 3, 4, 5, 6]	1	SOURCE_GAP	{}
tokumorikobo-chan	特盛!コボちゃん	standard	[1, 2, 3]	[4, 5, 8, 9, 12, 13, 14, 15, 16]	1	SOURCE_GAP	{}
tokusen-otoboke-kachou	特選おとぼけ課長	standard	[1, 2, 3]	[4, 5, 6, 7, 8]	1	SOURCE_GAP	{}
tokyo-babylon	東京BABYLON	standard	[1, 2]	[3, 4]	1	SOURCE_GAP	{}
tokyo-debut	東京デビュー	standard	[1, 2]	[3]	1	SOURCE_GAP	{}
tomodachi-wa-kiss-shinai	友達はキスしない!	standard	[1]	[2]	1	SOURCE_GAP	{}
tonotatakai	豊臣秀吉と天下統一のたたかい	standard	[1, 2]	[3]	1	SOURCE_GAP	{}
toshizou	歳三	standard	[1, 2]	[3]	1	SOURCE_GAP	{}
touhou-tetsuwan-komachi-dokidoki-locomotion	東方鉄腕小町ドキドキ♡ロコモーション	standard	[1]	[2, 3]	1	SOURCE_GAP	{}
tousei-gensou-hakubutsushi	当世幻想博物誌	standard	[1]	[2, 3]	1	SOURCE_GAP	{}
transformers-classics	トランスフォーマークラシックス	standard	[1, 2, 3, 4]	[5, 6, 7, 8, 9, 10, 11]	3	SOURCE_GAP	{}
transistor-teaset-denki-gairozu	トランジスタティーセット	standard	[1, 2, 3, 4]	[5]	1	SOURCE_GAP	{}
tsuburaya-age	円谷英二	standard	[1]	[2]	1	SOURCE_GAP	{}
tsugi-no-kuuhaku-o-umeyo	次の空白を埋めよ。	standard	[1]	[2, 3]	2	SOURCE_GAP	{}
tsumari-souiu-koto-karada-wa-ai-ni-hairimasuka	つまりそういうコト。	standard	[1]	[2, 3]	2	SOURCE_GAP	{}
tv-animation-major-characters-handbook-heroes	TV ANIMATION MAJOR キャラクターズハンドブック HEROES	standard	[1]	[2, 3]	1	SOURCE_GAP	{}
uchira-wa-mabudachi	うちらはマブダチ	standard	[1]	[2, 3]	1	SOURCE_GAP	{}
ultra-q-2011	ウルトラQ	standard	[1, 2]	[3]	1	SOURCE_GAP	{}
ura-aka-otoko-wa-dakaretai-seme-sama-no-1-ni-xx-saretai	裏アカ男子は抱かれたい攻め様No.1にXXされたい	standard	[1, 2]	[3]	1	SOURCE_GAP	{}
usagi-1994	うさぎ	standard	[1]	[2, 3]	1	SOURCE_GAP	{}
valkyrie	ワルキューレ	standard	[1]	[2]	1	SOURCE_GAP	{}
valkyrie-profile-2000	VALKYRIE PROFILE	standard	[1]	[2]	1	SOURCE_GAP	{}
valkyrie-profile-2001	VALKYRIE PROFILE	standard	[1, 2, 3, 4]	[5]	1	SOURCE_GAP	{}
valkyrie-profile-2001-2	VALKYRIE PROFILE	standard	[1, 2, 3, 4, 5]	[6]	1	SOURCE_GAP	{}
wada-radio-no-jojo-ni-poiman	和田ラヂヲの徐々にポイマン	standard	[1]	[2, 3]	1	SOURCE_GAP	{}
watanabe-masako-kyoufu-gekijou-yashagaike	わたなべまさこ恐怖劇場 夜叉ヶ池	standard	[1]	[2]	1	SOURCE_GAP	{}
watashi-no-ojou-sama	わたしのお嬢様	standard	[1]	[2, 3]	1	SOURCE_GAP	{}
watashi-wa-akogare-no-koibito	わたしは憧れの恋人	standard	[1]	[2, 3]	1	SOURCE_GAP	{}
wei	Weiβ	standard	[1]	[2]	1	SOURCE_GAP	{}
wonder-three	WONDER THREE	standard	[1]	[2]	0	SOURCE_GAP	{}
x	X	standard	[1, 2, 3, 4]	[5]	0	SOURCE_GAP	{}
xxxholic	xxxHOLiC	standard	[1, 2, 3, 4, 5, 6, 7, 8, 9, 10, 11, 12, 13]	[14, 19]	1	SOURCE_GAP	{}
yakuza-ni-ofuro-de-hatarakasaretemasu	ヤクザにお風呂で働かされてます。	standard	[1]	[2, 3]	1	SOURCE_GAP	{}
yama-kaimashita	山、買いました	standard	[1]	[2, 3, 4]	1	SOURCE_GAP	{}
yamamoto-fuutarou-kun	山本風太郎くん	standard	[1]	[2]	1	SOURCE_GAP	{}
yatara-yarashii-fukami-kun	やたらやらしい深見くん	standard	[1]	[2, 3, 4]	2	SOURCE_GAP	{}
yoru-10-ji-kara-wa-sunao-ni-oborete	夜10時からは素直に溺れて	standard	[1]	[2, 3]	1	SOURCE_GAP	{}
yukai-na-shintouki	ゆかいな神統記	standard	[1]	[2]	1	SOURCE_GAP	{}
yume-ha-taafu-o-kakemeguru	夢はターフを駆けめぐる	standard	[1, 2, 3]	[4, 6, 8]	1	SOURCE_GAP	{}
yuri-shoujo	百合少女	standard	[1, 2]	[3]	1	SOURCE_GAP	{}
yuru-days	ゆるデイズ	standard	[1]	[2, 3]	2	SOURCE_GAP	{}
yuugiou-faibudiizu	遊☆戯☆王ファイブディーズ	standard	[1, 2]	[3, 4, 5, 6, 7, 8]	2	SOURCE_GAP	{}
yuujin-brand	遊人ブランド	standard	[1]	[2, 3, 4, 5, 6]	1	SOURCE_GAP	{}
yuureidensha	ゆうれい電車	bunkobon	[1]	[2]	0	SOURCE_GAP	{}
yuutousei-no-seifuku-no-naka	優等生の制服のなか	standard	[1]	[2]	1	SOURCE_GAP	{}
yuuwaku-recipe	誘惑レシピ	standard	[1]	[2, 3, 4, 5]	1	SOURCE_GAP	{}
zannenna-ouji-kun-to-fujoshi-no-noda-san	残念な皇子くんと腐女子の野田さん	standard	[1]	[2]	1	SOURCE_GAP	{}
zebra	ゼブラ	standard	[1, 2, 3, 4, 5, 6]	[7]	1	SOURCE_GAP	{}
zense-de-koroshita-aite-no-tantou-henshuu-ni-narimashita	前世で殺した相手の担当編集になりました	standard	[1]	[2, 3]	1	SOURCE_GAP	{}
zeruda-no-densetsu-4-koma-manga-gekijou	ゼルダの伝説 4コママンガ劇場	standard	[1]	[2, 4, 5, 6, 7, 8]	3	SOURCE_GAP	{}
zettai-reido	絶対麗奴	standard	[1]	[2, 3, 4, 5, 6, 7, 8, 9, 10, 11, 12, 13, 14, 15, 16, 17, 18, 19, 20, 21, 22, 23, 24, 25, 26, 27]	6	SOURCE_GAP	{}
zettai-shitai-eichi-na-koi	絶対したいHな恋!	standard	[1]	[2]	1	SOURCE_GAP	{}
zoku-kanaike-no-hitobito	続 金井家の人々	standard	[1]	[2]	1	SOURCE_GAP	{}
zoku-kindan-no-koi-o-shiyou	続・禁断の恋をしよう	standard	[1]	[2]	1	SOURCE_GAP	{}
