slug	title	edition	publishers	majority	minority_vols
0-sen-arashi	0戦あらし	standard	マンガショップ:1 | パンローリング:1	マンガショップ	[2]
10dance	10DANCE	standard	講談社:3 | 竹書房:2	講談社	[1, 2]
11-eyes	11 eyes	standard	KADOKAWA:2 | 角川書店:1	KADOKAWA	[1]
12-no-kekkon-monogatari	12の結婚物語	standard	講談社:3 | コミックス:2	講談社	[5, 6]
13gou-hasshinseyo	13号発進せよ	standard	マンガショップ:1 | パンローリング:1	マンガショップ	[3]
3-pun-seijo-no-shiawase-guutara-seikatsu	3分聖女の幸せぐーたら生活	standard	アース・スターエンターテイメント:3 | 株式会社アース・スター エンターテイメント:1	アース・スターエンターテイメント	[4]
300-nen-hikikomori-tsukuri-tsuzukete-shimatta-kottouhin-madougu-ga-nokinami-cheat-kyuu-no-madougu	300年引きこもり、作り続けてしまった骨董品《魔導具》が、軒並みチート級の魔導具だった件	standard	フレックスコミックス:4 | BookLive:1	フレックスコミックス	[5]
3b-no-koibito	3Bの恋人	standard	LINE Digital Frontier:3 | LINE　Digital　Frontier:1	LINE Digital Frontier	[1]
4p-tanaka-kun	4P田中くん	deluxe	コミックス:6 | 講談社コミッククリエイト:3	コミックス	[7, 8, 9]
5-2000	5	standard	集英社:14 | 大都社:1	集英社	[1]
80-bunch-no-inu	80番地の犬	standard	スコラ:5 | あおば出版:1	スコラ	[6]
81-bunch-no-inu	81番地の犬	standard	スコラ:3 | あおば出版:2	スコラ	[4, 5]
9to-koi-5to-ai	9to恋5to愛	standard	地方・小出版流通センター:1 | ビブロス:1	地方・小出版流通センター	[2]
aa-warera-ga-myao-shogun	あゝ我らがミャオ将軍	standard	ノース・スターズ・ピクチャーズ:2 | コアミックス:2	ノース・スターズ・ピクチャーズ	[3, 4]
achira-kochira-bokura	あちらこちらぼくら	standard	小学館:2 | ホーム社:1	小学館	[3]
adesugata-junjou-hanafubuki	艶姿純情花吹雪	standard	集英社:3 | 創美社:2 | 集英社クリエイティブ:2	集英社	[3, 4, 6, 7]
ahiru-no-ouji-sama	あひるの王子さま	standard	角川書店:5 | KADOKAWA:1	角川書店	[1]
ai-esu	あいえすっ!	standard	メディアファクトリー:1 | KADOKAWA:1	メディアファクトリー	[2]
aio-ageyou	愛をあげよう	standard	ソニー・ミュージックソリューションズ:3 | スコラ:2	ソニー・ミュージックソリューションズ	[1, 2]
aiura	あいうら	standard	角川書店:4 | KADOKAWA:3	角川書店	[5, 6, 7]
aiyoku-no-yuusuteia	穢翼のユースティア	standard	KADOKAWA:1 | 角川書店:1	KADOKAWA	[2]
ajia-he-no-michi	千里の道も-アジアへの道-	standard	集英社:32 | ホーム社（千代田区）:12	集英社	[34, 35, 36, 37, 38, 39, 40, 41, 42, 43, 44, 45]
aka-chan-ni-tensei-shita-hanashi	赤ちゃんに転生した話	standard	KADOKAWA　LifeDesign:2 | KADOKAWA:2	KADOKAWA　LifeDesign	[3, 4]
aka-tan-ao-tan	紅たん碧たん	standard	小学館:1 | 白泉社:1	小学館	[2]
akage-no-nyanko-to-mori-no-banken	赤毛のにゃんこと森の番犬	standard	三交社（台東区）:1 | CLAPコミックス:1	三交社（台東区）	[2]
akahishi-no-eleven	赤菱のイレブン	standard	株）アスペクト:2 | エンターブレイン:1	株）アスペクト	[1]
akai-kemono	アカイケモノ	aizoban	ホーム社（千代田区）:1 | ホーム社:1	ホーム社（千代田区）	[2]
akapan-sensei	赤パン先生!	standard	エンターブレイン:2 | KADOKAWA:2	エンターブレイン	[3, 4]
akarito-shirono-shinrei-yawa	あかりとシロの心霊夜話	standard	青泉社（千代田区）:27 | Bbmfマガジン:2	青泉社（千代田区）	[13, 14]
akera-to-magozou	明楽と孫蔵	standard	双葉社:7 | 小池書院:1	双葉社	[3]
akitsushima	秋津島	standard	大陸書房:3 | 朝日ソノラマ:2	大陸書房	[5, 6]
aku-no-hana	悪の華	standard	徳間書店:3 | 実業之日本社:2 | ゴマブックス:1	徳間書店	[3, 5, 6]
akumagari	悪魔狩り	standard	スクウェア・エニックス:6 | マッグガーデン:1	スクウェア・エニックス	[7]
akuryou-tai-san-daisakusen	悪霊退散大作戦	standard	朝日ソノラマ:1 | 朝日新聞出版:1 | 朝日新聞社:1	朝日ソノラマ	[2, 3]
alice-no-hanamichi	アリスの花道	standard	白泉社:2 | KADOKAWA:1	白泉社	[3]
all-naito-live	オールナイトライブ	standard	アスキー・メディアワークス:3 | エンターブレイン:2 | KADOKAWA:1	アスキー・メディアワークス	[3, 5, 6]
amagami	アマガミ	standard	白泉社:4 | エンターブレイン:1	白泉社	[1]
amagamisama	アマガミサマ	standard	エンターブレイン:1 | KADOKAWA:1	エンターブレイン	[2]
amaitamashii	アマイタマシイ	standard	集英社:2 | 復刊ドットコム:1	集英社	[3]
amaterasu	アマテラス	standard	KADOKAWA:3 | 角川書店:1	KADOKAWA	[4]
anata-o-korosu-tabi	あなたを殺す旅	standard	秋田書店:1 | 徳間書店:1	秋田書店	[3]
and-love	アンド、ラブ!	standard	ビブロス:1 | リブレ:1	ビブロス	[2]
android-wa-ai-no-yume-o-miruka	アンドロイドは愛の夢をみるか?	standard	三交社:2 | 三交社（台東区）:1 | CLAPコミックス:1	三交社	[1, 2]
andromeda-stories	アンドロメダ・ストーリーズ	standard	朝日ソノラマ:2 | コミックス:1	朝日ソノラマ	[3]
ane-ni-iwarerugamama-ni-totsu-kun-o-shite-itara-tondemonai-tsuyosa-ni-natte-ita-otouto	姉に言われるがままに特訓をしていたら、とんでもない強さになっていた弟	standard	アース・スターエンターテイメント:8 | 株式会社アース・スター エンターテイメント:1	アース・スターエンターテイメント	[9]
angel-arm	エンジェルアーム	standard	アスキー・メディアワークス:6 | 主婦の友社:1	アスキー・メディアワークス	[1]
angel-heart-2nd-season	エンジェル・ハート 2ndシーズン	standard	ノース・スターズ・ピクチャーズ:8 | 徳間書店:2	ノース・スターズ・ピクチャーズ	[1, 2]
angels	Angels	standard	フレックスコミックス:2 | ジャイブ:1	フレックスコミックス	[1]
anima	+ANIMA	standard	アスキー・メディアワークス:7 | KADOKAWA:3	アスキー・メディアワークス	[1, 9, 10]
animal-x	ANIMAL X	standard	角川書店:4 | 集英社:2 | ホーム社（千代田区）:2	角川書店	[5, 6, 7, 8]
ansangu-cinderella	アンサングシンデレラ	standard	コアミックス:12 | ノース・スターズ・ピクチャーズ:3	コアミックス	[1, 2, 3]
aoharu-tetsudou	青春鉄道	standard	KADOKAWA:3 | メディアファクトリー:1	KADOKAWA	[1]
aoi-hitsuji-no-yume	青い羊の夢	standard	日本文芸社:8 | 白泉社:1	日本文芸社	[1]
appare-tenka-gomen-oudou-rakudo	あっぱれ!天下御免櫻道楽都	standard	KADOKAWA:1 | 角川書店:1	KADOKAWA	[2]
aqua-step-up	アクア・ステップ・アップ	standard	ソニー・ミュージックソリューションズ:2 | 幻冬舎:1	ソニー・ミュージックソリューションズ	[4]
aquarion-evol	アクエリオンEVOL	standard	KADOKAWA:4 | メディアファクトリー:1	KADOKAWA	[2]
araburu-shishi	荒らぶる獅子	standard	ユサブル:4 | 竹書房:1	ユサブル	[1]
arafoo-kenja-no-isekai-seikatsu-nikki	アラフォー賢者の異世界生活日記	standard	スクウェア・エニックス:15 | KADOKAWA:1	スクウェア・エニックス	[1]
arafoo-riiman-no-cinderella-tensei	アラフォーリーマンのシンデレラ転生	standard	LINE Digital Frontier:3 | LINE　Digital　Frontier:1	LINE Digital Frontier	[1]
arashi-no-destiny	嵐のデスティニィ	standard	朝日新聞出版:3 | 集英社クリエイティブ:2 | 主婦と生活社:1 | 朝日新聞社:1	朝日新聞出版	[1, 2, 3, 4]
arekusandaa-daiou	アレクサンダー大王	standard	小学館:2 | KADOKAWA:1	小学館	[1]
arslan-senki	アルスラーン戦記	standard	角川書店:13 | 講談社:10	角川書店	[14, 15, 16, 17, 18, 19, 21, 22, 23, 24]
arte	アルテ	standard	ノース・スターズ・ピクチャーズ:12 | コアミックス:8	ノース・スターズ・ピクチャーズ	[13, 14, 15, 16, 17, 18, 19, 21]
aru-nichi-toaru-nichi-totoaru-nichi-no-kuru	ある日とある日ととある日のクル	standard	秋水社:2 | Gakken:1 | 大都社:1	秋水社	[1, 4]
asa-ninattemo-owa-ranaitsu	朝になっても終わらないっ!	standard	大都社:2 | 秋水社:1	大都社	[1]
asaha-furu	朝羽振る	standard	LINE Digital Frontier:2 | LINE　Digital　Frontier:2	LINE Digital Frontier	[2, 3]
asu-no-tameni	明日のために	standard	スコラ:2 | ソニー・ミュージックソリューションズ:1	スコラ	[3]
atagoul	アタゴオル	standard	KADOKAWA:2 | 朝日ソノラマ:1	KADOKAWA	[1]
atashinchi	あたしンち	standard	メディアファクトリー:18 | KADOKAWA:3	メディアファクトリー	[19, 20, 21]
aurora-housoukyoku	オーロラ放送局	standard	Gakken:2 | 朝日ソノラマ:1	Gakken	[2]
avnai-yatsura	AVない奴ら	standard	集英社:2 | 復刊ドットコム:1	集英社	[3]
azuki-no-chi	あずきの地!	standard	宙出版:13 | ネクストF:1	宙出版	[14]
b-boy	b-Boy	standard	ビブロス:3 | 集英社:1	ビブロス	[1]
b-t-x-1999	B'T X-ビート・エックス-	standard	ホーム社（千代田区）:8 | 角川書店:3	ホーム社（千代田区）	[13, 14, 15]
baacharu-kun-wa-otonari-san-kara-nigetai	バーチャルくんはおとなりさんから逃げたい	standard	コスミック出版:1 | KADOKAWA:1	コスミック出版	[2]
baaverian-quartet	バーヴェリアン四重奏	standard	ビブロス:8 | 地方・小出版流通センター:2	ビブロス	[1, 3]
baka-to-test-to-shoukanjuu	バカとテストと召喚獣	standard	角川書店:9 | KADOKAWA:6	角川書店	[10, 11, 12, 13, 14, 15]
bakumatsu-familia	幕末ファミリア	standard	ジャイブ:1 | ネクストF:1	ジャイブ	[2]
bakushou-suit-sd-gundam	爆笑戦士!SDガンダム	standard	復刊ドットコム:1 | 講談社:1	復刊ドットコム	[5]
bambi	バンビ	standard	アスキー・メディアワークス:3 | エンターブレイン:3	アスキー・メディアワークス	[4, 5, 6]
bangyaru-chan-no-nichijou	バンギャルちゃんの日常	standard	エンターブレイン:2 | KADOKAWA:2	エンターブレイン	[3, 4]
barientesu-date-no-oni-katakura-kojuurou	バリエンテス伊達の鬼片倉小十郎	standard	ノース・スターズ・ピクチャーズ:2 | 徳間書店:1	ノース・スターズ・ピクチャーズ	[1]
bato-supi	バトスピ!	standard	KADOKAWA:1 | 角川書店:1	KADOKAWA	[2]
battle-spirits-brave	バトルスピリッツブレイヴ	standard	KADOKAWA:1 | 角川書店:1	KADOKAWA	[2]
battle-spirits-shounen-gekiha-dan	バトルスピリッツ 少年激覇ダン	standard	KADOKAWA:2 | 角川書店:1	KADOKAWA	[3]
bb-suit-sangokuden-senjin-kettouhen	BB戦士三国伝 戦神決闘編	standard	角川書店:2 | KADOKAWA:1	角川書店	[3]
beast-of-east	Beast of East	deluxe	幻冬舎コミックス:2 | スコラ:1 | ソニー・ミュージックソリューションズ:1	幻冬舎コミックス	[1, 2]
beru-star-goutoudan	ベル☆スタア強盗団	standard	角川書店:2 | 富士見書房:1	角川書店	[1]
big-order	ビッグオーダー	standard	KADOKAWA:6 | 角川書店:4	KADOKAWA	[1, 2, 3, 4]
big-x	ビッグX	standard	秋田書店:2 | 復刊ドットコム:1	秋田書店	[5]
binbin-eyes	びんびんeyes	standard	大都社:3 | 少年画報社:1	大都社	[4]
binbin-monogatari	びんびん物語	standard	桜桃書房:2 | オーク出版サービス:1	桜桃書房	[1]
binbouhime-desu-nanika	貧乏姫ですが、何か?	standard	フレックスコミックス:3 | ほるぷ出版:1	フレックスコミックス	[4]
bite	Bite!	standard	角川書店:1 | KADOKAWA:1	角川書店	[2]
bkyuu-gourmet-club	B級グルメ倶楽部	standard	フロンティアワークス:4 | ムービック:1	フロンティアワークス	[1]
blood-alone	BLOOD ALONE	standard	講談社:7 | KADOKAWA:3	講談社	[1, 2, 3]
blood-lad	ブラッドラッド	standard	KADOKAWA:15 | 角川書店:1	KADOKAWA	[9]
blood-of-matools	マトゥルスの血族	standard	富士見書房:3 | 角川書店:3	富士見書房	[4, 5, 6]
blood	BLOOD+	standard	角川書店:4 | KADOKAWA:1	角川書店	[5]
blue-drop	BLUE DROP	standard	KADOKAWA:1 | 秋田書店:1	KADOKAWA	[2]
blue-inferior	ブルー・インフェリア	standard	潮出版社:2 | 角川書店:2	潮出版社	[3, 4]
boku-no-koe	僕の声	standard	ビブロス:1 | リブレ:1	ビブロス	[2]
boku-no-sorushieeru	僕のソルシエール	standard	LINE Digital Frontier:6 | LINE　Digital　Frontier:1	LINE Digital Frontier	[1]
boku-otariiman	ぼく、オタリーマン。	standard	KADOKAWA:5 | 中経出版:1	KADOKAWA	[1]
boku-to-kanojo-no-koirogu	ボクとカノジョの恋愛目録	standard	KADOKAWA:2 | 富士見書房:1	KADOKAWA	[3]
boku-to-ojii-chan-to-mahou-no-tou	僕とおじいちゃんと魔法の塔	standard	角川書店:2 | KADOKAWA:1	角川書店	[3]
boku-to-shippo-to-kagurazaka	僕とシッポと神楽坂	standard	集英社クリエイティブ:10 | 集英社:2	集英社クリエイティブ	[1, 2]
boku-wa-tomodachi-ga-sukunai	僕は友達が少ない	standard	KADOKAWA:18 | メディアファクトリー:2	KADOKAWA	[3, 7]
bokura-no-oukoku	僕らの王国	standard	ビブロス:5 | リブレ:1	ビブロス	[6]
bokura-wa-itai-ikimono-da	僕らはイタい生き物だ。	standard	アスキー・メディアワークス:2 | KADOKAWA:1	アスキー・メディアワークス	[3]
bonkura-onmyouji-no-oniyome	ぼんくら陰陽師の鬼嫁	standard	秋田書店:10 | KADOKAWA:3	秋田書店	[1, 2, 3]
boogiepop-wa-warawanai	ブギーポップは笑わない	standard	アスキー・メディアワークス:2 | KADOKAWA:1	アスキー・メディアワークス	[3]
border-break-na	ボーダーブレイクNA	standard	KADOKAWA:1 | 角川書店:1	KADOKAWA	[2]
bou-kun-vaaderu-no-hanayome-shoya-hen	暴君ヴァーデルの花嫁 初夜編	standard	宙出版:12 | ネクストF:5	宙出版	[17, 18, 19, 20, 21]
bouei-mantama-nikki	防衛漫玉日記	standard	アスキー・メディアワークス:1 | エンターブレイン:1	アスキー・メディアワークス	[2]
bozu-life	ボーズ☆ライフ!	standard	Gakken:1 | 学研プラス:1	Gakken	[2]
brave-10	BRAVE 10	standard	KADOKAWA:4 | メディアファクトリー:4	KADOKAWA	[3, 4, 5, 6]
brave10s	BRAVE10S	standard	KADOKAWA:8 | メディアファクトリー:1	KADOKAWA	[3]
break-age	ブレイク-エイジ	standard	アスキー・メディアワークス:3 | エンターブレイン:1	アスキー・メディアワークス	[8]
break-hands	ブレイクハンズ	standard	KADOKAWA:2 | メディアファクトリー:1	KADOKAWA	[2]
brutal-satsujin-keisatsukan-no-kokuhaku	ブルータル殺人警察官の告白	standard	竹書房:4 | コアミックス:1	竹書房	[5]
buddha-o-meguru-hitobito	ブッダをめぐる人々	standard	佼成出版社:1 | 中央公論新社:1	佼成出版社	[2]
bukiyouna-silent	不器用なサイレント	standard	リブレ:5 | リブレ出版:1	リブレ	[1]
bukkake	ぶっ★かけ	standard	青泉社（千代田区）:9 | Bbmfマガジン:2	青泉社（千代田区）	[8, 9]
bukubuku-hour	ブクブクアワー	standard	メディアファクトリー:1 | KADOKAWA:1	メディアファクトリー	[2]
bunchou-sama-to-watashi	文鳥様と私	standard	青泉社（千代田区）:17 | あおば出版:4 | 青泉社:1	青泉社（千代田区）	[4, 5, 7, 8, 26]
bungaku-shojo	文学処女	standard	LINE Digital Frontier:7 | LINE　Digital　Frontier:1	LINE Digital Frontier	[8]
buredeyuuru-ke-no-musumetachi	ブレデュール家の娘たち	standard	LINE Digital Frontier:2 | LINE　Digital　Frontier:1	LINE Digital Frontier	[1]
bushidou-sixteen	武士道シックスティーン	standard	講談社:2 | 集英社:2	講談社	[3, 4]
canaan	CANAAN	standard	角川書店:2 | KADOKAWA:1	角川書店	[1]
captain-kid	キャプテンキッド	standard	コミックス:9 | 講談社:3	コミックス	[7, 8, 9]
carbuncle	カーバンクル	standard	新書館:5 | Gakken:1	新書館	[1]
cardfight-vanguard	カードファイト!!ヴァンガード	standard	KADOKAWA:6 | ブシロードワークス:6	KADOKAWA	[7, 8, 9, 10, 11, 12]
chandelier	シャンデリア	standard	集英社:1 | ホーム社（千代田区）:1	集英社	[2]
change	チェンジ	standard	講談社:3 | 大都社:1	講談社	[3]
charisma	カリスマ	standard	ビブロス:3 | 大正屋出版:1	ビブロス	[1]
cherish-bokkusu	ちぇりっしゅBOX	standard	文苑堂:1 | Fox出版:1	文苑堂	[2]
chihiro	ちひろ	standard	講談社:1 | 秋田書店:1	講談社	[3]
chiisai-onee-san	ちいさいお姉さん	standard	アスキー・メディアワークス:6 | KADOKAWA:6	アスキー・メディアワークス	[7, 8, 9, 10, 11, 12]
chiisana-koi-no-monogatari	小さな恋のものがたり	standard	立風書房:22 | Gakken:4 | 学研プラス:3 | 学研パブリッシング:1	立風書房	[39, 40, 41, 42, 43, 44, 45, 46]
chikita-gugu	チキタ・gugu	standard	朝日ソノラマ:7 | 朝日新聞出版:1	朝日ソノラマ	[8]
chikyuu-bouei-shoujo-iko-chan	地球防衛少女イコちゃん	standard	角川書店:1 | 白泉社:1	角川書店	[2]
chikyuuzeronen	地球0年	standard	秋田書店:1 | 世界文化社:1	秋田書店	[3]
chimamire-sukeban-chainsaw	血まみれスケバンチェーンソー	standard	KADOKAWA:9 | エンターブレイン:4	KADOKAWA	[3, 4, 5, 6]
chiruran-shinsengumi-requiem	ちるらん新撰組鎮魂歌	standard	ノース・スターズ・ピクチャーズ:26 | コアミックス:10	ノース・スターズ・ピクチャーズ	[27, 28, 29, 30, 31, 32, 33, 34, 35, 36]
chittai-ore-no-makikomare-isekai-seikatsu	ちったい俺の巻き込まれ異世界生活	standard	双葉社:4 | SBクリエイティブ:1	双葉社	[3]
chizuka-map	ちづかマップ	standard	小学館:2 | 講談社:1	小学館	[1]
cho-hakkai	Cho八戒	standard	スコラ:2 | リイド社:1	スコラ	[1]
choco-banana	チョコバナナ	standard	ベストセラ-ズ:4 | ティーツー出版:2	ベストセラ-ズ	[10, 14]
chocolate-kiss	チョコレート・キス	standard	二見書房:2 | リヨン社:1	二見書房	[3]
chotto-kawaii-iron-maiden	ちょっとかわいいアイアンメイデン	standard	角川書店:2 | KADOKAWA:2	角川書店	[3, 4]
chou-dokyuu-kuubo-yamato	超弩級空母大和	standard	Gakken:2 | ゴマブックス:2	Gakken	[2, 4]
choujigen-geimu-neputeyuunu	超次元ゲイムネプテューヌ	standard	エンターブレイン:3 | KADOKAWA:1	エンターブレイン	[4]
chouken-leap	超犬リープ	standard	朝日ソノラマ:1 | マンガショップ:1	朝日ソノラマ	[3]
choukyuu-mobile-butouden-g-gundam-bakunetsu-neo-honkon-stage-3	超級!機動武闘伝Gガンダム爆熱・ネオホンコン! STAGE 3	standard	KADOKAWA:6 | 角川書店:1	KADOKAWA	[1]
choukyuu-mobile-butouden-g-gundam-shinjuku-touhou-fuhai-stage-2	超級!機動武闘伝Gガンダム 新宿・東方不敗! STAGE 2	standard	KADOKAWA:7 | 角川書店:1	KADOKAWA	[4]
chounin-ee-wa-akuyaku-reijou-o-doushitemo-sukuitai	町人Aは悪役令嬢をどうしても救いたい	standard	アース・スターエンターテイメント:8 | 株式会社アース・スター エンターテイメント:1	アース・スターエンターテイメント	[9]
choutetsu-taitei-tesura	超鉄大帝テスラ	standard	アスキー・メディアワークス:1 | 角川書店:1	アスキー・メディアワークス	[3]
chouyaku-hyakunin-isshu-utakoi	超訳百人一首 うた恋い。	standard	メディアファクトリー:2 | KADOKAWA:1	メディアファクトリー	[4]
cinderella-express	シンデレラ・エクスプレス	standard	集英社:3 | 講談社:1	集英社	[1]
citrus-encount	四姉妹エンカウント	standard	エンターブレイン:4 | KADOKAWA:3	エンターブレイン	[2, 6, 7]
clear-qualia	クリア・クオリア	standard	角川書店:1 | KADOKAWA:1	角川書店	[2]
cobra-1995	Cobra	standard	KADOKAWA:8 | 集英社:1	KADOKAWA	[7]
code-geass-soubou-no-oz	コードギアス 双貌のオズ	standard	KADOKAWA:2 | 角川書店:1	KADOKAWA	[3]
coji-coji	COJI‐COJI	standard	ソニー・ミュージックソリューションズ:3 | 幻冬舎コミックス:1	ソニー・ミュージックソリューションズ	[4]
color-recipe	カラーレシピ	standard	KADOKAWA:1 | 新書館:1	KADOKAWA	[3]
colors-2001	Colors	standard	実業之日本社:3 | エンターブレイン:1	実業之日本社	[4]
comic-fruits-mitsumame	Comicフルーツみつまめ	standard	オーク出版:3 | オ-ク出版:1	オーク出版	[4]
comic-higashino-keigo-mystery-2014	コミック東野圭吾ミステリー	standard	実業之日本社:1 | 秋田書店:1	実業之日本社	[2]
comic-higashino-keigo-mystery	コミック東野圭吾ミステリー	standard	実業之日本社:1 | 秋田書店:1	実業之日本社	[2]
comic-party	こみっくパーティー	standard	アスキー・メディアワークス:4 | KADOKAWA:1	アスキー・メディアワークス	[5]
concierge	コンシェルジュ	standard	新潮社:19 | 講談社:2	新潮社	[1, 2]
coral	コーラル	standard	朝日新聞社:3 | 朝日新聞出版:2	朝日新聞社	[4, 5]
corseltel-no-ryuujitsushi	コーセルテルの竜術士	standard	一迅社:6 | 集英社クリエイティブ:4	一迅社	[1, 2, 3, 4]
cream-lemon	くりいむレモン	standard	ABC出版:6 | 徳間ジャパンコミュニケ-ションズ:2	ABC出版	[13, 14]
cronos-haze	クロノスヘイズ	standard	KADOKAWA:2 | 双葉社:1	KADOKAWA	[3]
cyborg-009	サイボーグ009	standard	秋田書店:8 | KADOKAWA:8 | メディアファクトリー:7	秋田書店	[22, 23, 24, 25, 26, 27, 28, 29, 30, 31, 32, 33, 34, 35, 36]
cyborg-009	サイボーグ009	bunkobon	秋田書店:7 | 小学館:2	秋田書店	[8, 12]
d-no-gorugota	Dの十字架(ゴルゴタ)	standard	LINE:2 | LINE Digital Frontier:2 | LINE　Digital　Frontie:1 | LINE　Digital　Frontier:1	LINE	[3, 4, 5, 6]
d4-princess	D4プリンセス	standard	KADOKAWA:3 | アスキー・メディアワークス:1	KADOKAWA	[2]
dai-sword	ダイ・ソード	standard	徳間書店:5 | 角川書店:2	徳間書店	[1, 2]
daikagaku-shoujo	大科学少女	standard	双葉社:2 | KADOKAWA:1	双葉社	[3]
daikichi-soba	大吉蕎麦	standard	日本文芸社:1 | リイド社:1	日本文芸社	[2]
dance-in-za-vampire-bund-sledge-hammer-no-tsuioku	ダンスインザヴァンパイアバンドスレッジ・ハマーの追憶	standard	KADOKAWA:2 | メディアファクトリー:1	KADOKAWA	[1]
dangan-honey	弾丸ハニー	standard	ほるぷ出版:1 | フレックスコミックス:1	ほるぷ出版	[2]
danganronpa-kibou-no-gakuen-to-zetsubou-no-koukousei-ji-animation	ダンガンロンパ希望の学園と絶望の高校生THE ANIMATION	standard	KADOKAWA:3 | 角川書店:1	KADOKAWA	[1]
dante-no-mon	ダンテの門	standard	アスキー・メディアワークス:3 | エンターブレイン:1	アスキー・メディアワークス	[4]
dare-nimo-aisarenai	誰にも愛されない	standard	リブレ出版:1 | 竹書房:1	リブレ出版	[3]
dareka-ii-hito-imasenka	誰かいい人いませんか?	standard	LINE Digital Frontier:2 | LINE　Digital　Frontier:1	LINE Digital Frontier	[2]
dark-edge	DARK EDGE	standard	KADOKAWA:9 | アスキー・メディアワークス:6	KADOKAWA	[6, 7, 8, 9, 10, 11]
dark-whisper	ダークウィスパー	standard	アスキー・メディアワークス:1 | KADOKAWA:1	アスキー・メディアワークス	[3]
darker-than-black-okamura-2007	Darker than black	standard	角川書店:2 | スクウェア・エニックス:2	角川書店	[3, 4]
darling-wa-gaikokujin	ダーリンは外国人	standard	メディアファクトリー:1 | KADOKAWA:1	メディアファクトリー	[2]
daruma-tanaka-2004	達摩	standard	集英社:1 | 講談社:1	集英社	[3]
daydream-nation	デイドリームネイション	standard	KADOKAWA:4 | メディアファクトリー:1	KADOKAWA	[5]
dd-hokuto-no-ken	DD北斗の拳	standard	ノース・スターズ・ピクチャーズ:7 | 徳間書店:1	ノース・スターズ・ピクチャーズ	[1]
dears	DearS	standard	アスキー・メディアワークス:5 | KADOKAWA:3	アスキー・メディアワークス	[6, 7, 8]
debu-to-love-to-ayamachi-to	デブとラブと過ちと!	standard	ハーパーコリンズ・ジャパン:6 | Jパブリッシング:5	ハーパーコリンズ・ジャパン	[1, 2, 3, 4, 5]
defense-line	ディフェンスライン	standard	リブレ:2 | ビブロス:1	リブレ	[1]
dennou-nao-san	電脳なをさん	standard	アスキー・メディアワークス:3 | アスキー総研（旧アスキー）:1	アスキー・メディアワークス	[2]
denpa-onna-to-seishun-otoko	電波女と青春男	standard	KADOKAWA:3 | 角川書店:1	KADOKAWA	[1]
detatoko-princess	でたとこプリンセス	standard	角川書店:5 | 富士見書房:1	角川書店	[1]
dethrone	ディスローン	standard	KADOKAWA:2 | メディアファクトリー:1	KADOKAWA	[1]
devil-may-cry-5	Devil May Cry 5	standard	LINE Digital Frontier:4 | LINE　Digital　Frontier:1	LINE Digital Frontier	[2]
devil-summoner-soul-hackers	デビルサマナーソウルハッカーズ	standard	KADOKAWA:1 | スクウェア・エニックス:1	KADOKAWA	[2]
dien-bien-phu	ディエンビエンフー	standard	小学館:11 | 角川書店:1	小学館	[1]
diva	DIVA	bunkobon	コミックス:4 | 講談社:1	コミックス	[5]
dochokkyuu-kareshi-x-kanojo	ド直球彼氏×彼女	standard	秋田書店:4 | 一迅社:3	秋田書店	[1, 2, 3]
dog-style	Dog style	standard	リブレ:2 | ビブロス:1	リブレ	[1]
dokibagu	ドキばぐ	standard	エンターブレイン:3 | KD（eb発行）:2	エンターブレイン	[4, 5]
dokonjou-gaeru-no-musume	ど根性ガエルの娘	standard	白泉社:4 | KADOKAWA:1	白泉社	[1]
dokuhime	毒姫	standard	朝日ソノラマ:2 | 朝日新聞出版:2 | 朝日新聞社:1	朝日ソノラマ	[3, 4, 5]
dokusai-gurimuwaaru	独裁グリムワール	standard	KADOKAWA:2 | メディアファクトリー:1	KADOKAWA	[2]
dokushi	ドクシ-読師-	standard	幻冬舎コミックス:9 | 幻冬舎:1	幻冬舎コミックス	[5]
doll-2000	DOLL	standard	KADOKAWA:1 | 講談社:1	KADOKAWA	[2]
doraemon	ドラえもん	standard	小学館:32 | 中央公論新社:6	小学館	[40, 41, 42, 43, 44, 45]
dorakuuun	ドラクゥーン	standard	富士見書房:3 | 角川書店:2	富士見書房	[4, 5]
doraneko-theater	ドラネコシアター	standard	アスキー・メディアワークス:2 | エンターブレイン:1	アスキー・メディアワークス	[4]
doro-no-onnatsuushin	泥の女通信	standard	太田出版:1 | WeComix:1	太田出版	[2]
dorobou-night-trick	ドロボウナイトトリック	standard	メディアファクトリー:1 | KADOKAWA:1	メディアファクトリー	[2]
double-revenge	ダブルリベンジ	standard	楽楽出版:1 | ぶんか社:1	楽楽出版	[2]
doubt-amano-2012	Doubt!	standard	KADOKAWA:2 | 双葉社:1 | アスキー・メディアワークス:1	KADOKAWA	[1, 2]
douda-danshin-venechia-kokusaihen	ドゥダダンシン! ヴェネチア国際編	standard	集英社クリエイティブ:12 | 創美社:1	集英社クリエイティブ	[7]
douki	童鬼	standard	東京三世社:1 | 蒼馬社:1	東京三世社	[2]
dr-noguchi	Dr.NOGUCHI	bunkobon	講談社コミッククリエイト:4 | 講談社:4	講談社コミッククリエイト	[5, 6, 7, 8]
dragon-no-omawari-san	ドラゴンのおまわりさん	standard	LINE Digital Frontier:2 | LINE　Digital　Frontier:1	LINE Digital Frontier	[2]
dramatic-maestro	ドラマチック・マエストロ	standard	リブレ:1 | リブレ出版:1	リブレ	[3]
dramatical-murder	DRAMAtical Murder	standard	エンターブレイン:1 | KADOKAWA:1	エンターブレイン	[2]
duan-surk	デュアン・サーク	standard	KADOKAWA:1 | アスキー・メディアワークス:1	KADOKAWA	[2]
dynamite-staff	ダイナマイトスタッフ	standard	ホビージャパン:2 | ノアール出版:1	ホビージャパン	[3]
ebiten	えびてん	standard	角川書店:2 | KADOKAWA:1	角川書店	[3]
eden-2021	エデン	standard	角川書店:1 | 少年画報社:1	角川書店	[2]
eden-sakurazawa-2014	エデン	standard	角川書店:1 | 集英社クリエイティブ:1	角川書店	[3]
eden-sugisaki-2006	EDEN	standard	地方・小出版流通センター:1 | シュベール出版:1	地方・小出版流通センター	[2]
edge	Edge	standard	講談社:2 | ムービック:1	講談社	[1]
egao-no-yukue-2003	笑顔の行方	standard	集英社:1 | ハーパーコリンズ・ジャパン:1	集英社	[2]
eigo-ga-perapera-ni-narimashita	英語がペラペラになりました	standard	メディアファクトリー:1 | KADOKAWA:1	メディアファクトリー	[2]
eikyuu-shimei-onegai-shimasu	永久指名おねがいします!	standard	Jパブリッシング:10 | ジュリアン:6	Jパブリッシング	[1, 2, 3, 4, 5, 6]
eiyuu-densetsu-sora-no-kiseki-esushii	英雄伝説空の軌跡SC	standard	フィールドワイ:4 | KADOKAWA:3	フィールドワイ	[1, 2, 3]
eiyuu-senki	英雄*戦姫	standard	KADOKAWA:1 | アスキー・メディアワークス:1	KADOKAWA	[2]
eleven	イレブン	bunkobon	コミックス:4 | 講談社コミッククリエイト:3	コミックス	[5, 6, 7]
elf-17	エルフ・17	standard	白泉社:7 | ジャイブ:1	白泉社	[6]
elf-o-karu-monotachi	エルフを狩るモノたち	standard	KADOKAWA:16 | アスキー・メディアワークス:5	KADOKAWA	[17, 18, 19, 20, 21]
elf-san-wa-yaserarenai	エルフさんは痩せられない。	standard	ワニブックス:7 | 秋田書店:1	ワニブックス	[8]
emerging	エマージング	standard	講談社:2 | リイド社:1	講談社	[3]
emma	エマ	standard	KADOKAWA:9 | エンターブレイン（角川GP）:1	KADOKAWA	[5]
engine-trouble	円陣とらぶる!	standard	KADOKAWA:2 | アスキー・メディアワークス:1	KADOKAWA	[1]
es	ES	standard	講談社:7 | 白夜書房:1	講談社	[1]
esudii-gundam-sangokuden-brave-battle-uooriaazu	SDガンダム三国伝ブレイブバトルウォーリアーズ	standard	KADOKAWA:1 | 角川書店:1	KADOKAWA	[2]
eternal-heart	Eternal heart	standard	海王社:1 | 桜桃書房:1	海王社	[2]
exit	EXIT	standard	ソニー・ミュージックソリューションズ:4 | 幻冬舎コミックス:4 | 白泉社:3	ソニー・ミュージックソリューションズ	[1, 2, 3, 8, 9, 10, 11]
f-1-densetsu	F-1伝説	standard	世界文化社:1 | ワニブックス:1	世界文化社	[2]
f1-guranpuri-tengoku	F1グランプリ天国	standard	ニューズ出版:1 | 双葉社:1	ニューズ出版	[2]
face-1992	Face	standard	白泉社:1 | ビブロス:1	白泉社	[2]
fade-out	Fade out	standard	小学館:1 | KADOKAWA:1	小学館	[2]
faibu-star-stories	ファイブスター物語	standard	KADOKAWA:16 | 角川書店:2	KADOKAWA	[1, 2]
fairy-tail-chronicle	フェアリーテイル・クロニクル	standard	フロンティアワークス:5 | KADOKAWA:3	フロンティアワークス	[2, 3, 6]
fantastic-lycaon	ファンタスティックリカオン	standard	KADOKAWA:1 | 角川書店:1	KADOKAWA	[3]
fate-strange-fake	Fate/strange Fake	standard	ノーツ:2 | KADOKAWA:1	ノーツ	[3]
fate-zero	Fate/Zero	standard	KADOKAWA:13 | 角川書店:1	KADOKAWA	[2]
fight-2000	Fight!	standard	実業之日本社:2 | 講談社:2	実業之日本社	[3, 4]
figure-shifters	フィギュアシフターズ	standard	アスキー・メディアワークス:1 | KADOKAWA:1	アスキー・メディアワークス	[2]
fire-emblem-fuyuki-1999	ファイアーエムブレム	standard	スクウェア・エニックス:4 | ホビージャパン:1	スクウェア・エニックス	[1]
fortune-arterial	Fortune arterial	standard	角川書店:3 | KADOKAWA:2	角川書店	[4, 5]
fortune-quest	フォーチュン・クエスト	standard	主婦の友社:1 | アスキー・メディアワークス:1 | KADOKAWA:1	主婦の友社	[2, 3]
fostine	フォスティーヌ	deluxe	講談社:2 | コミックス:1	講談社	[1]
freesia	フリージア	standard	小学館:11 | 集英社:1	小学館	[1]
fuchin-senkan-kii	不沈戦艦紀伊	standard	Gakken:6 | ゴマブックス:1	Gakken	[2]
fujiwara-ranka-no-4koma-gekijou	藤原らんかの4コマ劇場	standard	ニューズ出版:1 | オフィスとらくしょん:1	ニューズ出版	[2]
fuku-yomo	ふくよも	standard	Fox出版:7 | 文苑堂:1	Fox出版	[1]
full-moon-ni-sasayaite	Full moonにささやいて	standard	秋田書店:1 | ビブロス:1	秋田書店	[2]
furenaba-ochin	ふれなばおちん	standard	集英社クリエイティブ:10 | 集英社:1	集英社クリエイティブ	[1]
furisode-ichima	振袖いちま	standard	偕成社:2 | エンターブレイン:1	偕成社	[3]
furuhon-yatai	古本屋台	standard	集英社:1 | 本の雑誌社:1	集英社	[2]
furyou-taimashi-reina	不良退魔師レイナ	standard	LINE Digital Frontier:4 | LINE　Digital　Frontie:1 | LINE　Digital　Frontier:1	LINE Digital Frontier	[1, 4]
fushigi-no-kuni-no-juunin-tachi	不思議の学園の住人達	standard	ム-ビック:1 | ムービック:1	ム-ビック	[2]
fuufu	ふーふ	standard	アスキー・メディアワークス:1 | 一迅社:1	アスキー・メディアワークス	[2]
fuuunjitachi	風雲児たち	standard	潮出版社:30 | リイド社:4	潮出版社	[31, 32, 33, 34]
gachiiki-chouhatsu-night	ガチイキ挑発ナイト	standard	マガジン・マガジン:1 | ジュネット:1	マガジン・マガジン	[2]
gachikoi-nenchakujuu	ガチ恋粘着獣	standard	コアミックス:10 | 竹書房:6	コアミックス	[1, 2, 3, 4, 5, 6]
gachirin-ni-kiri-saku	月輪に斬り咲く	standard	幻冬舎コミックス:6 | 幻冬舎:1	幻冬舎コミックス	[1]
gaidoyaku-no-tenshi-o-naguri-taoshitara-shiryoujutsushi-ni-narimashita	ガイド役の天使を殴り倒したら、死霊術師になりました	standard	アース・スターエンターテイメント:1 | 株式会社アース・スター エンターテイメント:1	アース・スターエンターテイメント	[2]
gaira	凱羅	standard	アスキー・メディアワークス:2 | 双葉社:1	アスキー・メディアワークス	[2]
gakkou-e-yukou	学校へ行こう!	standard	フジテレビ出版:1 | 扶桑社:1	フジテレビ出版	[2]
game	Game	standard	新書館:1 | 秋田書店:1	新書館	[2]
gandharva	ガンダルヴァ	standard	講談社:1 | 河出書房新社:1	講談社	[3]
gang-king	ギャングキング	standard	少年画報社:27 | 講談社:8	少年画報社	[30, 31, 32, 33, 34, 35, 36, 37]
ganso-edomae-sushiya-yohee	元祖江戸前寿し屋與兵衛	standard	双葉社:4 | リイド社:1	双葉社	[1]
garland	GARLAND	standard	ム-ビック:2 | ムービック:1	ム-ビック	[3]
garou-densetsu-2000	餓狼伝説	standard	新声社:1 | 講談社:1	新声社	[2]
garouden-boy	餓狼伝BOY	standard	講談社:2 | 秋田書店:1	講談社	[3]
garouden	餓狼伝	standard	講談社:20 | スコラ:4 | 朝日ソノラマ:1 | 秋田書店:1	講談社	[1, 2, 3, 4, 5, 26]
gate-2002	Gate	standard	リブレ:3 | ビブロス:1	リブレ	[1]
geboku-wa-sereburitei	下僕はセレブリティ	standard	アイプロダクション:1 | 祥伝社:1	アイプロダクション	[2]
ged-senki	ゲド戦記	standard	スタジオジブリ:1 | 徳間書店:1	スタジオジブリ	[2]
gegege-no-kitarou	ゲゲゲの鬼太郎	bunkobon	中央公論新社:7 | 筑摩書房:2 | 講談社コミッククリエイト:1	中央公論新社	[1, 2, 5]
gekai-toumori-akira-no-shoken	外科医東盛玲の所見	standard	宙出版:6 | 主婦と生活社:4	宙出版	[1, 2, 3, 5]
gekiga-hiroike-chikurou	劇画広池千九郎	standard	広池学園出版部:2 | モラロジー道徳教育財団:2	広池学園出版部	[4, 5]
gekiga-kachikujin-yapuu	劇画家畜人ヤプー	standard	ポット出版:3 | 辰巳出版:1	ポット出版	[1]
gene-metarika	ジーンメタリカ	standard	KADOKAWA:1 | メディアファクトリー:1	KADOKAWA	[2]
genjuu-no-kuni-monogatari-1995	幻獣の國物語	standard	主婦と生活社:10 | 宙出版:6	主婦と生活社	[7, 8, 13, 14, 15, 16]
genjuu-no-kuni-monogatari-1997	幻獣の国物語	standard	主婦と生活社:10 | 宙出版:6	主婦と生活社	[7, 8, 13, 14, 15, 16]
genjuu-no-kuni-monogatari	幻獣の國物語	standard	主婦と生活社:10 | 宙出版:6	主婦と生活社	[7, 8, 13, 14, 15, 16]
genyou	幻羽	standard	日本エディターズ:8 | 新書館:1	日本エディターズ	[1]
get-azuma-1999	GET!	standard	スクウェア・エニックス:1 | 桜桃書房:1	スクウェア・エニックス	[2]
getsurei-15	月齢・15	standard	海王社:2 | 桜桃書房:1	海王社	[1]
getsuyou-kara-kinyou-no-otoko-koukousei	月曜から金曜の男子高校生	standard	LINE:3 | LINE Digital Frontier:2	LINE	[4, 5]
ghost-and-witch	ゴーストアンドウィッチ	standard	ブシロードワークス:2 | マッグガーデン:1	ブシロードワークス	[1]
giant-robo	ジャイアントロボ	standard	秋田書店:6 | 角川書店:2 | 講談社:1	秋田書店	[1, 2, 3]
gift-ichinose-2015	gift	standard	講談社:2 | 幻冬舎コミックス:1	講談社	[3]
gifuu-doudou-naoe-kanetsugu-maeda-deka-sakegatari	義風堂々!!直江兼続-前田慶次酒語り	standard	ノース・スターズ・ピクチャーズ:7 | 徳間書店:1	ノース・スターズ・ピクチャーズ	[1]
gin-no-sereira	銀のセレイラ	standard	ネクストF:3 | 宙出版:1	ネクストF	[1]
ginga-eiyuu-densetsu	銀河英雄伝説	standard	集英社:23 | 徳間書店:11	集英社	[1, 2, 3, 4, 5, 6, 7, 8, 9, 10, 11]
ginga-sengoku-gunyuuden-rai	銀河戦国群雄伝ライ	standard	アスキー・メディアワークス:14 | KADOKAWA:7 | 角川書店:6	アスキー・メディアワークス	[1, 2, 3, 4, 5, 6, 10, 11, 12, 13, 14, 15, 16]
ginga-tetsudou-no-yoru-2023	銀河鉄道の夜	standard	イースト・プレス:1 | Gakken:1	イースト・プレス	[2]
ginga-tetsudou-no-yoru-miyazawa-1992	銀河鉄道の夜	standard	ぎょうせい:1 | Gakken:1	ぎょうせい	[2]
ginga-tetsudou-no-yoru	銀河鉄道の夜	standard	講談社:1 | 風呂猫（台東区）:1	講談社	[2]
gingatetsudou-no-yoru	銀河鉄道の夜	standard	講談社:1 | Gakken:1	講談社	[2]
giniro-no-shiyousei	銀色の照星	standard	朝日ソノラマ:1 | スコラ:1	朝日ソノラマ	[2]
girls-cuvie-2003	Girls	standard	ジェネオン・ユニバーサル・エンターテイン:1 | パイオニアエルディーシー:1	ジェネオン・ユニバーサル・エンターテイン	[2]
girly-hypers	ガーリーハイパーズ	standard	宝島社:2 | 祥伝社:1	宝島社	[3]
go-west-2004	Go!west	standard	みのり書房:2 | ムービック:2	みのり書房	[5, 6]
go-west	Go West!	standard	アスキー・メディアワークス:2 | KADOKAWA:2	アスキー・メディアワークス	[3, 4]
gohan-shiyo	ごはんしよ!	standard	メディアファクトリー:1 | KADOKAWA:1	メディアファクトリー	[2]
gokuaku-binbounin	極悪貧乏人	standard	ベストセラ-ズ:1 | ベストセラーズ:1	ベストセラ-ズ	[2]
gokudoo-kun-manyuuki	ゴクドーくん漫遊記	standard	アスキー・メディアワークス:2 | KADOKAWA:1	アスキー・メディアワークス	[3]
gokuraku-hunter	極楽ハンター	standard	双葉社:2 | スコラ:1	双葉社	[2]
gold-2004	GOLD	standard	ビブロス:1 | 少年画報社:1	ビブロス	[9]
golgo-13	ゴルゴ13	standard	リイド社:156 | 小学館:1	リイド社	[1]
gomenasobase	ごめんあそばせ	standard	ソニー・ミュージックソリューションズ:2 | 日本文芸社:1	ソニー・ミュージックソリューションズ	[3]
goomanizumu-sengen	ゴーマニズム宣言	standard	扶桑社:8 | 双葉社:1	扶桑社	[9]
gravitation	グラビテーション	standard	ソニー・ミュージックソリューションズ:11 | 幻冬舎:1	ソニー・ミュージックソリューションズ	[12]
gundriver	ガンドライバー	standard	アスキー・メディアワークス:4 | KADOKAWA:4	アスキー・メディアワークス	[4, 6, 7, 8]
gunka-no-baltzar	軍靴のバルツァー	standard	新潮社:12 | 講談社:6	新潮社	[15, 16, 17, 18, 19, 20]
gunka-no-hibiki	軍靴の響き	standard	ワニブックス:1 | 世界文化社:1	ワニブックス	[3]
gunners	ガンナーズ	standard	KADOKAWA:4 | 角川書店:2	KADOKAWA	[1, 2]
guranpuri-tengoku	グランプリ天国	standard	三栄:2 | ニューズ出版:1 | サンズ:1	三栄	[3, 4]
guruguru-tekuteku	ぐるぐるてくてく	standard	LINE Digital Frontier:3 | LINE　Digital　Frontier:1	LINE Digital Frontier	[4]
guuguu-datte-neko-de-aru	グーグーだって猫である	standard	角川書店:5 | KADOKAWA:1	角川書店	[6]
hachimitsu-to-clover	ハチミツとクローバー	standard	集英社:9 | 宝島社:1	集英社	[1]
haiiro-no-kisetsu-hakoniwa-de	灰色の季節、箱庭で	standard	LINE Digital Frontier:2 | LINE　Digital　Frontier:1	LINE Digital Frontier	[2]
hajimete-no-neko	はじめての猫	standard	ホーム社（千代田区）:1 | ホーム社:1	ホーム社（千代田区）	[2]
hakkenden	八犬伝	standard	角川書店:15 | KADOKAWA:9	角川書店	[16, 17, 18, 19, 20, 21, 22, 23, 24]
hamster-no-kenkyuu-report	ハムスターの研究レポート	standard	偕成社:5 | 白泉社:3	偕成社	[6, 7, 8]
hamster-shiiku-nikki	ハムスター飼育日記	standard	スコラ:1 | あおば出版:1	スコラ	[8]
hamuko-mairu	はむこ参る!	standard	朝日新聞出版:1 | ポプラ社:1	朝日新聞出版	[2]
hana-mo-mata-kimi-no-tame	花もまた、きみのため。	standard	フレックスコミックス:2 | ソフトバンククリエイティブ:1	フレックスコミックス	[2]
hana-no-android-gakuen	花のアンドロイド学園	standard	アスキー・メディアワークス:1 | KADOKAWA:1	アスキー・メディアワークス	[2]
hana-no-deka	花の慶次	standard	集英社:18 | 新潮社:1	集英社	[20]
hana-no-miyako-kirishima-2013	花のみやこ!	standard	KADOKAWA:2 | 角川書店:1	KADOKAWA	[1]
hanako-lavatory	ハナコ@ラバトリー	standard	ジャイブ:2 | KADOKAWA:1	ジャイブ	[3]
hanamura-sanjussai	ハナムラさんじゅっさい	standard	銀杏社:4 | 株式会社 銀杏社:1	銀杏社	[1]
hanazakari-no-niwa	花盛りの庭	standard	集英社:1 | ホーム社（千代田区）:1	集英社	[2]
hanazono-to-egoist	花園とエゴイスト	standard	アスキー・メディアワークス:1 | KADOKAWA:1	アスキー・メディアワークス	[2]
hangyaku-no-soul-eater	反逆のソウルイーター	standard	アース・スターエンターテイメント:3 | 株式会社アース・スター エンターテイメント:1	アース・スターエンターテイメント	[4]
hard-core	ハード・コア	standard	KADOKAWA:2 | 秋田書店:1 | エンターブレイン:1	KADOKAWA	[1, 3]
hardboiled-enji-cosmo-kun	ハードボイルド園児宇宙くん	standard	LINE:7 | LINE Digital Frontier:2	LINE	[8, 9]
hare-no-hi-yuki-chan	晴れの日ユキちゃん	standard	産經新聞出版:2 | 産経新聞出版:1	産經新聞出版	[1]
harem-beat-wa-yoake-made	ハーレムビートは夜明けまで	standard	KADOKAWA:3 | 角川書店:2	KADOKAWA	[1, 2]
harisu-mudan	ハリス無段	standard	マンガショップ:2 | パンローリング:1	マンガショップ	[1]
haru-o-daiteita	春を抱いていた	standard	ビブロス:11 | リブレ:3	ビブロス	[12, 13, 14]
haru-to-ao-no-obentoubako	ハルとアオのお弁当箱	standard	ノース・スターズ・ピクチャーズ:3 | コアミックス:3	ノース・スターズ・ピクチャーズ	[4, 5, 6]
haruchin	ハルチン	standard	マガジンハウス:1 | 祥伝社:1	マガジンハウス	[2]
haruki-murakami-manga-stories	HARUKI MURAKAMI MANGA STORIES	standard	チャールズ・イー・タトル出版:1 | チャールズ・イ・タトル出版:1	チャールズ・イー・タトル出版	[3]
haruyamachou-saabantsu	春山町サーバンツ	standard	エンターブレイン:2 | KADOKAWA:2	エンターブレイン	[3, 4]
hasegawa-chouji	HASEGAWA長治	standard	講談社:2 | 少年画報社:1	講談社	[3]
hasegawa-kunnoga-ookiku-te-iri-masen	長谷川くんのが大きくて入りません!?	standard	大都社:6 | 秋水社:1	大都社	[1]
hassaku-no-yuki	八朔の雪	standard	集英社クリエイティブ:2 | 集英社:1	集英社クリエイティブ	[2]
hatarake-onee-san	働け!おねえさん	standard	自力制作出版:2 | 芳文社:1	自力制作出版	[1]
hatenkou-yuugi	破天荒遊戯	standard	一迅社:21 | スクウェア・エニックス:3	一迅社	[1, 2, 3]
hatsuetchi-no-oaite-wa-masaka-no-houtaiotoko	初エッチのお相手は…まさかの包帯男!?	standard	彗星社:2 | 星雲社:1	彗星社	[1]
hatsukoi-yohou	初恋予報。	standard	角川書店:1 | KADOKAWA:1	角川書店	[2]
hatsuyuki-sakura	はつゆきさくら	standard	KADOKAWA:1 | 角川書店:1	KADOKAWA	[2]
haunted-campus	ホーンテッド・キャンパス	standard	朝日新聞出版:2 | KADOKAWA:1	朝日新聞出版	[2]
haunted-junction	HAUNTEDじゃんくしょん	standard	KADOKAWA:12 | アスキー・メディアワークス:1	KADOKAWA	[13]
hawkwood	ホークウッド	standard	KADOKAWA:7 | メディアファクトリー:1	KADOKAWA	[1]
hayate-cross-blade	はやて×ブレード	standard	集英社:10 | KADOKAWA:8	集英社	[1, 2, 3, 4, 5, 6, 7, 8]
heart-ni-nurse-call	はあとにナースコール	standard	小学館:6 | 小学館クリエイティブ:2	小学館	[7, 8]
heart-under-the-blade	ハートアンダーザブレイド	standard	アース・スター エンターテイメント:1 | アース・スター　エンターテイメント:1	アース・スター エンターテイメント	[2]
hebi	蛇	standard	実業之日本社:1 | 朝日ソノラマ:1	実業之日本社	[2]
hell-mode	ヘルモード	standard	アース・スターエンターテイメント:9 | 株式会社アース・スター エンターテイメント:2	アース・スターエンターテイメント	[12, 13]
hellhound-2018	ヘルハウンド	standard	日本文芸社:2 | 講談社:1	日本文芸社	[5]
henkyou-no-binbou-hakushaku-ni-totsugu-koto-ni-natta-node-ryouchi-kaikaku-ni-hagemimasu	辺境の貧乏伯爵に嫁ぐことになったので領地改革に励みます	standard	アース・スターエンターテイメント:3 | 株式会社アース・スター エンターテイメント:1	アース・スターエンターテイメント	[4]
hensokukei-quadrangle	変則系クアドラングル	standard	フレックスコミックス:4 | ほるぷ出版:1	フレックスコミックス	[5]
hero-heel	Hero・heel	standard	リブレ:2 | ビブロス:1	リブレ	[1]
herubooi	ヘルボーイ	standard	ジャイブ:1 | 小学館集英社プロダクション:1	ジャイブ	[2]
hidan-no-aria	緋弾のアリア	standard	KADOKAWA:14 | メディアファクトリー:2	KADOKAWA	[1, 7]
higuma	悲熊	standard	LINE　Digital　Frontier:1 | LINE Digital Frontier:1	LINE　Digital　Frontier	[2]
higurashi-no-naku-koro-ni-kizuna	ひぐらしのなく頃に絆	standard	KADOKAWA:1 | 角川書店:1	KADOKAWA	[2]
hikari-no-kodomo	光の子ども	standard	リトル・モア:2 | リトルモア:1	リトル・モア	[3]
hikarishuppatsu-shinkou	ひかり!出発進行	standard	自力制作出版:3 | 芳文社:1	自力制作出版	[1]
himegotoasobi	秘めごとあそび	standard	角川書店:2 | KADOKAWA:1	角川書店	[3]
himitsu-no-gokko	ヒミツの××ごっこ	standard	アイプロダクション:1 | 祥伝社:1	アイプロダクション	[2]
himitsu-wa-kiss-de-abakareru	秘密はキスで暴かれる	standard	竹書房:3 | 彗星社:2	竹書房	[1, 2]
hina-chan-no-nichijou	ひなちゃんの日常	standard	産經新聞出版:21 | 産経新聞出版:3	産經新聞出版	[22, 23, 24]
hina-matsuri	ヒナまつり	standard	KADOKAWA:14 | エンターブレイン:5	KADOKAWA	[1, 2, 3, 4, 5]
hinadori-girl	ひなどりGIRL	standard	KADOKAWA:2 | アスキー・メディアワークス:1	KADOKAWA	[1]
hirari-kun	ヒラリ君	standard	北国新聞社:11 | 北國新聞社出版局:3	北国新聞社	[7, 8, 11]
hirokane-kenshi-tanpenshuu	弘兼憲史短編集	bunkobon	コミックス:6 | 講談社コミッククリエイト:2	コミックス	[7, 8]
hirugao	ひるがお	standard	エンジェル出版:3 | 双葉社:1	エンジェル出版	[1]
hissatsu-shioki-nagaya	必殺仕置長屋	standard	小池書院:2 | ホーム社（千代田区）:1	小池書院	[2]
hitman-2013	ヒットマン	standard	KADOKAWA:4 | エンターブレイン:1	KADOKAWA	[1]
hito-no-ko	ひとのこ	standard	新潮社:1 | リイド社:1	新潮社	[3]
hitori-camp-shitara-isekai-ni-teni-shita-hanashi	一人キャンプしたら異世界に転移した話	standard	双葉社:4 | SBクリエイティブ:1	双葉社	[3]
hitori-de-dekirumon	独りでできるもん	standard	メディアファクトリー:2 | KADOKAWA:1	メディアファクトリー	[2]
hitsuji-no-uta	羊のうた	standard	スコラ:3 | ソニー・ミュージックソリューションズ:2 | 幻冬舎:2	スコラ	[4, 5, 6, 7]
hokuou-ga-suki	北欧が好き!	standard	ダイヤモンド・ビッグ社:1 | ダイヤモンド社:1	ダイヤモンド・ビッグ社	[2]
hokuto-no-ken	北斗の拳	standard	集英社:27 | 新潮社:3	集英社	[28, 29, 30]
holy-holy	HOLY HOLY	standard	アース・スター エンターテイメント:1 | アース・スターエンターテイメント:1	アース・スター エンターテイメント	[2]
homemade-sweet-home	ホームメイド・スイートホーム	standard	LINE Digital Frontier:2 | LINE　Digital　Frontier:1	LINE Digital Frontier	[2]
hon-to-neko	ほんとねこ	standard	学研パブリッシング:1 | 学研プラス:1	学研パブリッシング	[2]
hone-made-aishite-takaguchi-2011	骨まで愛して	standard	集英社:1 | 徳間書店:1	集英社	[2]
horobi-no-fue	滅びの笛	standard	秋田書店:2 | 世界文化社:1	秋田書店	[3]
horobi-no-utage	滅びの宴	standard	秋田書店:2 | 世界文化社:1	秋田書店	[3]
hoshi-no-arashi	星の旋嵐	standard	ビブロス:2 | 地方・小出版流通センター:1	ビブロス	[1]
hoshi-o-tsugu-mono	星を継ぐもの	standard	小学館:3 | KADOKAWA:1	小学館	[1]
hoshigahara-aomanjuu-no-mori	星が原あおまんじゅうの森	standard	朝日新聞出版:3 | 朝日新聞社:2	朝日新聞出版	[1, 3]
hoshirenge	星恋華	standard	主婦と生活社:10 | 宙出版:2	主婦と生活社	[11, 12]
hoshitabi-shounen	星旅少年	standard	パイ インターナショナル:5 | パイインターナショナル:1	パイ インターナショナル	[1]
hospital	ホスピタル	standard	白泉社:1 | エンターブレイン:1	白泉社	[2]
hot-pet-clinic	ほっと・ペットクリニック	standard	小学館:2 | 小学館クリエイティブ:1	小学館	[3]
hot-shot	Hot Shot	standard	講談社:4 | 集英社:1	講談社	[1]
hotel-hibiscus	ホテル・ハイビスカス	standard	ボーダーインク:2 | 地方・小出版流通センター:1	ボーダーインク	[4]
hyakki-yagyou-show	百鬼夜行抄	standard	朝日ソノラマ:15 | 朝日新聞出版:11 | 朝日新聞社:5	朝日ソノラマ	[16, 17, 18, 19, 20, 21, 23, 24, 25, 26, 27, 28, 29, 30, 31, 32]
hyakki-yagyou-show	百鬼夜行抄	bunkobon	朝日ソノラマ:9 | 朝日新聞出版:8 | 朝日新聞社:4	朝日ソノラマ	[10, 11, 12, 13, 14, 15, 16, 17, 18, 19, 20, 21]
hyper-anna	ハイパーあんな	standard	アスキー・メディアワークス:3 | エンターブレイン:1	アスキー・メディアワークス	[4]
i-rob-you	I rob you	standard	LINE　Digital　Frontier:2 | LINE Digital Frontier:1	LINE　Digital　Frontier	[3]
i-sengokushi	異戦国志	standard	ゴマブックス:2 | Gakken:1	ゴマブックス	[1]
ichido-shinde-mita	一度死んでみた	standard	LINE Digital Frontier:1 | LINE　Digital　Frontier:1	LINE Digital Frontier	[2]
ichioku-hensai-nikki	壱億返済日記	standard	マイクロマガジン社:6 | マイクロマガジン:1	マイクロマガジン社	[2]
ido-lising	アイドライジング!	standard	KADOKAWA:2 | アスキー・メディアワークス:1	KADOKAWA	[1]
ie-de-munou-to-iware-tsuzuketa-ore-desu-sekaiteki-niwa-chou-yuunou-datta-you-desu	家で無能と言われ続けた俺ですが、世界的には超有能だったようです	standard	スクウェア・エニックス:6 | SBクリエイティブ:1	スクウェア・エニックス	[5]
ihou-no-oswald	異邦のオズワルド	standard	ノース・スターズ・ピクチャーズ:2 | 竹書房:1	ノース・スターズ・ピクチャーズ	[3]
ii-denshi	いい電子	standard	KD（eb発行）:9 | KADOKAWA　Game　Linkage:2	KD（eb発行）	[10, 11]
ikai-hanjouki-hiyokoya-shouten	異界繁盛記ひよこや商店	standard	KADOKAWA:5 | 角川書店:1	KADOKAWA	[1]
ikenie-daini-joou-no-konwaku	生贄第二皇女の困惑	standard	アース・スターエンターテイメント:5 | 株式会社アース・スター エンターテイメント:1	アース・スターエンターテイメント	[6]
ikiru	生きる	standard	青林工芸舎:1 | 青林堂:1	青林工芸舎	[2]
ikkimandara	一輝まんだら	standard	大都社:2 | 角川書店:1	大都社	[3]
ikusa-no-ko	いくさの子	standard	ノース・スターズ・ピクチャーズ:12 | コアミックス:7 | 徳間書店:1	ノース・スターズ・ピクチャーズ	[1, 14, 15, 16, 17, 18, 19, 20]
im-a-greaver	アイムアグリーバー!	standard	LINE Digital Frontier:2 | LINE　Digital　Frontier:2	LINE Digital Frontier	[2, 3]
imadoki-no-wakai-mon-wa	今どきの若いモンは	standard	講談社:3 | 一迅社:3	講談社	[4, 5, 6]
imawabi-no-dakini	忌火のダキニ	standard	アスキー・メディアワークス:2 | KADOKAWA:1	アスキー・メディアワークス	[2]
impact	インパクト	standard	Gakken:21 | 学研パブリッシング:2	Gakken	[28, 29]
imuri	イムリ	standard	エンターブレイン:14 | KADOKAWA:12	エンターブレイン	[15, 16, 17, 18, 19, 20, 21, 22, 23, 24, 25, 26]
inari-konkon-koi-iroha	いなり、こんこん、恋いろは。	standard	KADOKAWA:8 | 角川書店:1	KADOKAWA	[4]
inden-san-to-enmusubi	印伝さんと縁結び	standard	宙出版:7 | ネクストF:5	宙出版	[8, 9, 10, 11, 12]
indona-hibi	インドな日々	standard	朝日ソノラマ:3 | 朝日新聞出版:1	朝日ソノラマ	[4]
inner-medicine	インナーメディスン	standard	朝日新聞出版:2 | 朝日新聞社:1	朝日新聞出版	[3]
inochi-mijikashi-koiseyo-otome	いのち短し恋せよおとめ	standard	ソニー・ミュージックソリューションズ:2 | スコラ:1	ソニー・ミュージックソリューションズ	[1]
inoue-santa	井上三太	standard	イースト・プレス:1 | 祥伝社:1	イースト・プレス	[2]
inu-to-hasami-wa-tsukaiyou	犬とハサミは使いよう	standard	角川書店:3 | KADOKAWA:1	角川書店	[4]
inugamike-no-ichizoku	犬神家の一族	standard	秋田書店:1 | KADOKAWA:1	秋田書店	[3]
iris-zero	アイリス・ゼロ	standard	KADOKAWA:7 | メディアファクトリー:1	KADOKAWA	[4]
is-2010	IS	standard	KADOKAWA:5 | 小学館:1	KADOKAWA	[6]
isekai-de-tochi-o-katte-noujou-o-tsukurou	異世界で土地を買って農場を作ろう	standard	幻冬舎コミックス:10 | オーバーラップ:1	幻冬舎コミックス	[9]
isekai-ni-kita-mitai-dakedo-dou-sureba-yoi-no-darou	異世界に来たみたいだけど如何すれば良いのだろう	standard	幻冬舎コミックス:4 | マイクロマガジン社:1	幻冬舎コミックス	[4]
isekai-ni-kita-mitai-dakedo-dousureba-yoinodarou	異世界に来たみたいだけど如何すれば良いのだろう	standard	幻冬舎コミックス:4 | マイクロマガジン社:1	幻冬舎コミックス	[4]
isekai-ni-teni-shitara-yama-no-naka-datta-handou-de-tsuyosa-yori-mo-kaitekisa-o-erabimashita	異世界に転移したら山の中だった。反動で強さよりも快適さを選びました。	standard	アース・スターエンターテイメント:5 | 株式会社アース・スター エンターテイメント:2 | SBクリエイティブ:1	アース・スターエンターテイメント	[6, 7, 8]
isekai-shoukan-maou-ga-papa-de-ore-ga-mama	異世界召喚!魔王がパパで俺がママ!?	standard	スタジオC.I:1 | 徳間書店:1	スタジオC.I	[2]
isekai-teni-shite-kyoushi-ni-nattaga-majo-to-osorerarete-iru-ken	異世界転移して教師になったが、魔女と恐れられている件	standard	アース・スターエンターテイメント:4 | 株式会社アース・スター エンターテイメント:1	アース・スターエンターテイメント	[5]
ishii-hisaichi-no-daiseikai	いしいひさいちの大政界	standard	ビレッジプレス:1 | チャンネルゼロ:1	ビレッジプレス	[2]
ishii-hisaichi-no-mondaigai-ron	いしいひさいちの問題外論	standard	チャンネルゼロ:10 | ビレッジプレス:7	チャンネルゼロ	[4, 5, 6, 7, 8, 10, 11]
ishuuin-hayato-shi-no-heionnaranu-nichijou	伊集院隼人氏の平穏ならぬ日常	standard	竹書房:4 | ノース・スターズ・ピクチャーズ:1	竹書房	[1]
isshokenmei-ni-sounanshitai-hito	一緒に遭難したいひと	standard	講談社:3 | 主婦と生活社:1	講談社	[1]
itazura-oumu-no-seikatsu-zakki	いたずらオウムの生活雑記	standard	一迅社:3 | KADOKAWA:1	一迅社	[1]
itoshi-no-nekokke	いとしの猫っ毛	standard	シリカ編集部:4 | リブレ:1	シリカ編集部	[5]
ja	JA	standard	角川書店:6 | KADOKAWA:2	角川書店	[7, 8]
jaaku-no-jack	邪悪のJack	standard	主婦と生活社:3 | 大陸書房:1	主婦と生活社	[1]
jajahime-buyuuden	JAJA姫武遊伝	standard	KADOKAWA:2 | アスキー・メディアワークス:1	KADOKAWA	[1]
jane	Jane	standard	ビブロス:7 | 地方・小出版流通センター:1	ビブロス	[1]
jibaku-kun	ジバクくん	standard	アスキー・メディアワークス:2 | エンターブレイン:2	アスキー・メディアワークス	[5, 6]
jientoruman	ジェントル萬	bunkobon	メディアファクトリー:2 | スコラ:1	メディアファクトリー	[2]
jigoku-no-sougiya	地獄の葬儀屋	standard	秋田書店:1 | リイド社:1	秋田書店	[2]
jigoku-yuugi	地獄遊戯	standard	祥伝社:2 | 秋田書店:1	祥伝社	[2]
jiizu-under-ground	G'sあんだ～ぐらうんど	standard	角川書店:1 | KADOKAWA:1	角川書店	[2]
jikan-no-arukikata	時間の歩き方	standard	朝日新聞社:3 | 朝日新聞出版:1	朝日新聞社	[4]
jinsei-wa-barairo-da	人生はバラ色だ。	standard	海王社:1 | 桜桃書房:1	海王社	[2]
jizeru-aran	ジゼル・アラン	standard	KADOKAWA:4 | エンターブレイン:1	KADOKAWA	[2]
joker-1998-3	Joker	standard	角川書店:1 | 双葉社:1	角川書店	[3]
joker-1998	Joker	standard	小学館:1 | 角川書店:1	小学館	[2]
joker-2012	JOKER	standard	小学館:1 | 角川書店:1 | 双葉社:1	小学館	[2, 3]
joker-yamane-1997	JOKER	standard	集英社:1 | 双葉社:1	集英社	[3]
joker	JOKER	standard	新書館:5 | 小学館:1 | 角川書店:1	新書館	[1, 2]
jotei	女帝	standard	芳文社:21 | 日本文芸社:3	芳文社	[1, 2, 3]
jun-ishinomori-2003	ジュン	standard	ポット出版:3 | 朝日ソノラマ:1	ポット出版	[1]
jungle-shounen-jan-bangaihen	ジャングル少年ジャン番外編	standard	アスキー・メディアワークス:1 | エンターブレイン:1	アスキー・メディアワークス	[3]
junk-jungle	ジャンク×ジャングル	standard	角川書店:6 | KADOKAWA:2	角川書店	[1, 2]
junk	JUNK	standard	秋田書店:6 | 白泉社:1	秋田書店	[1]
juuhan-mitei	重版未定	standard	中央公論新社:2 | 河出書房新社:1	中央公論新社	[2]
juuoku-shoujo	￥十億少女	standard	KADOKAWA:9 | 白泉社:1	KADOKAWA	[1]
kabuki-iza	かぶき伊左	standard	エンターブレイン:2 | KADOKAWA:2	エンターブレイン	[3, 4]
kabukichou-goshimei-hairimasu	歌舞伎町ご指名♂挿入ります!	standard	ブライト出版:1 | 英和出版社:1	ブライト出版	[3]
kaen-mazin	火閻魔人	standard	白泉社:1 | ワニブックス:1	白泉社	[2]
kaerenai-yoru-kiken-na-joushi-to-love-hotel	帰れない夜…キケンな上司とラブホテル!?	standard	彗星社:6 | （株）彗星社:1	彗星社	[7]
kageki-shoujo	かげきしょうじょ!!	standard	白泉社:14 | 集英社:2	白泉社	[1, 2]
kagemusha-tokugawa-ieyasu-gaiden-sakon	影武者徳川家康外伝左近	standard	徳間書店:3 | 新潮社:2	徳間書店	[2, 6]
kagemusha-tokugawa-ieyasu	影武者徳川家康	standard	集英社:6 | 新潮社:1	集英社	[7]
kageo	影男	standard	道出版:2 | 秋田書店:1	道出版	[1]
kahogo-shitsuji-niwa-unzari-desu	過保護執事にはうんざりです。	standard	宙出版:1 | ネクストF:1	宙出版	[2]
kaijin-nijuumensou	怪人二十面相	standard	復刊ドットコム:2 | ワニブックス:1	復刊ドットコム	[3]
kaijiota-ga-ukkari-naka-no-hito-to-kekkon-shita-ken	海自オタがうっかり「中の人」と結婚した件。	standard	秀和システム新社:1 | 秀和システム:1	秀和システム新社	[2]
kaitou-lupin-den-abanchurie-toujou-hen	怪盗ルパン伝アバンチュリエ 登場編	standard	ヒーローズ:2 | ぴあ:1	ヒーローズ	[11]
kaitou-lupin-den-aventurier	怪盗ルパン伝アバンチュリエ	standard	ヒーローズ:5 | ぴあ:1	ヒーローズ	[11]
kakkoii-sukiyaki	かっこいいスキヤキ	standard	青林堂:1 | 扶桑社:1	青林堂	[3]
kakure-itarian	かくれイタリアン	standard	LINE Digital Frontier:1 | LINE　Digital　Frontier:1	LINE Digital Frontier	[2]
kakuritsu-sousakan-mikoshiba-gakuto	確率捜査官御子柴岳人	standard	KADOKAWA:2 | 角川書店:1	KADOKAWA	[3]
kame	かめ!	standard	小学館:3 | 講談社:2	小学館	[4, 5]
kami-no-mitsu	かみのみっ	standard	KADOKAWA:2 | メディアファクトリー:1	KADOKAWA	[3]
kami-sama-no-ude-no-naka	神様の腕の中	standard	ビブロス:2 | リブレ:1 | リブレ出版:1	ビブロス	[3, 4]
kami-sama-shinkaron	カミサマ進化論	standard	ビブロス:1 | リブレ:1	ビブロス	[2]
kamu-kamu-vanilla	かむかむバニラ!	standard	フレックスコミックス:2 | ほるぷ出版:1	フレックスコミックス	[2]
kan-chan	カンちゃん	standard	TOブックス:1 | 熊本日日新聞社:1	TOブックス	[2]
kandachime	神太刀女	standard	KADOKAWA:7 | メディアファクトリー:2	KADOKAWA	[3, 9]
kani-kousen	蟹工船	standard	イースト・プレス:1 | Gakken:1	イースト・プレス	[2]
kanjiteru-no-barebare-dayo-kouhai-kun-to-28-sai-kojirase-ol	感じてるのバレバレだよ?後輩クンと28歳こじらせOL	standard	大都社:6 | 秋水社:2	大都社	[1, 2]
kankin-ou	監禁王	standard	KADOKAWA:6 | 一二三書房:1	KADOKAWA	[5]
kanon	Kanon	standard	実業之日本社:1 | KADOKAWA:1	実業之日本社	[2]
kao-ni-doro-o-nuru	顔に泥を塗る	standard	コアミックス:5 | 竹書房:3	コアミックス	[1, 2, 3]
kapsel-jodtinktur	カプセル ヨードチンキ	standard	ビブロス:1 | リブレ出版:1	ビブロス	[2]
kara-no-kyoukai	空の境界	standard	星海社:11 | KADOKAWA:1	星海社	[1]
kare-to-caret	彼とカレット。	standard	KADOKAWA:3 | アスキー・メディアワークス:1	KADOKAWA	[1]
kare-to-kanojo-no-wotaku-jijou	彼と彼女の（オタク）²	standard	幻冬舎コミックス:3 | 幻冬舎:1	幻冬舎コミックス	[3]
kareinaru-shishi-no-okinimesu-mama	華麗なる獅子のお気に召すまま	standard	宙出版:3 | ネクストF:2	宙出版	[4, 5]
karikura	カリクラ	standard	講談社:2 | 太田出版:1	講談社	[3]
karin-no-mound	花鈴のマウンド	standard	大垣書店:16 | 朝日新聞出版:2	大垣書店	[1, 2]
katabami-to-ougon	片喰と黄金	standard	集英社:6 | 講談社:4	集英社	[7, 8, 9, 10]
katana	KATANA	standard	KADOKAWA:14 | ぶんか社:7	KADOKAWA	[1, 2, 3, 4, 5, 6, 7]
kawaita-watashi-o-sono-ai-de-yurashite	渇いた私をその愛で揺らして	standard	ZITTO:4 | リブレ:4	ZITTO	[5, 6, 7, 8]
kaze-no-oukoku	風の王国	standard	MBC21京都支局・すばる出版:2 | 東京経済（船橋）:1	MBC21京都支局・すばる出版	[3]
kaze-no-tani-no-naushika	風の谷のナウシカ	standard	講談社:3 | 徳間書店:3	講談社	[5, 6, 7]
kaze-yo-banri-o-kakeyo	風よ、万里を翔けよ	standard	秋田書店:3 | 角川書店:1	秋田書店	[1]
kazenowatokinowasunanowa	風の輪・時の和・砂の環	standard	新書館:1 | KADOKAWA:1	新書館	[6]
kazoku-game	家族ゲーム	standard	KADOKAWA:13 | アスキー・メディアワークス:1	KADOKAWA	[10]
kedamono-gokudou-to-fukushuu-no-kei	ケダモノ極道と復讐の契	standard	大都社:1 | 秋水社:1	大都社	[2]
keirin-yarou	ケイリン野郎	standard	小学館:52 | 小学館クリエイティブ:3	小学館	[54, 55, 56]
kekkaishi-eno-tensei	結界師への転生	standard	幻冬舎コミックス:8 | 幻冬舎:1	幻冬舎コミックス	[1]
ken-no-joou-to-rakuin-no-ko	剣の女王と烙印の仔	standard	KADOKAWA:3 | メディアファクトリー:1	KADOKAWA	[1]
kenkaku-shoubai	剣客商売	standard	リイド社:48 | 新潮社:5	リイド社	[1, 2, 3, 4, 5]
kenpufaa	けんぷファー	standard	KADOKAWA:9 | メディアファクトリー:1	KADOKAWA	[1]
kenshuusei-jidai	千里の道も-研修生時代-	standard	集英社:32 | ホーム社（千代田区）:12	集英社	[34, 35, 36, 37, 38, 39, 40, 41, 42, 43, 44, 45]
keroro-pirates	ケロロパイレーツ	standard	角川書店:2 | KADOKAWA:1	角川書店	[2]
kesalan-patharan	ケサラン・パサラン	standard	KADOKAWA:1 | メディアファクトリー:1	KADOKAWA	[2]
kibi-sama-to-isshokenmei	きび様といっしょ	standard	LINE Digital Frontier:2 | LINE　Digital　Frontier:1	LINE Digital Frontier	[1]
kichikujima	鬼畜島	standard	LINE Digital Frontier:13 | 竹書房:9 | LINE　Digital　Frontier:2	LINE Digital Frontier	[1, 2, 3, 4, 5, 6, 7, 8, 9, 12, 13]
kidan-ningyoushi-ugetsu-no-hyakumonogatari	鬼談人形師雨月の百物語	standard	青泉社（千代田区）:15 | Bbmfマガジン:1	青泉社（千代田区）	[2]
kimi-ni-aisarete-itakatta	君に愛されて痛かった	standard	新潮社:5 | 秋田書店:4	新潮社	[6, 7, 8, 9]
kimi-ni-kisushitai	君にKissしたい	standard	ビブロス:2 | 地方・小出版流通センター:1	ビブロス	[1]
kimi-no-suki-to-boku-no-suki	キミのスキtoボクのスキ	standard	LINE Digital Frontier:2 | LINE　Digital　Frontier:1	LINE Digital Frontier	[1]
kimi-no-uso-sura-aishiteru	君の嘘すら愛してる	standard	LINE Digital Frontier:2 | LINE　Digital　Frontier:1	LINE Digital Frontier	[1]
kimi-to-merry-bad-end	君とメリーバッドエンド	standard	LINE Digital Frontier:2 | LINE　Digital　Frontier:1	LINE Digital Frontier	[1]
kimi-tono-tsunagari	君とのツナガリ	standard	LINE　Digital　Frontier:2 | LINE Digital Frontier:1	LINE　Digital　Frontier	[3]
kimi-wa-kirei-na-ahiru-no-ko	君は綺麗なアヒルの子	standard	LINE Digital Frontier:3 | LINE:2	LINE Digital Frontier	[1, 2]
kimino-unaji-ni-kanpai	キミのうなじに乾杯!	standard	ソニー・ミュージックソリューションズ:1 | 幻冬舎:1	ソニー・ミュージックソリューションズ	[2]
kindan-no-kajitsu	禁断の果実	standard	小学館:1 | 双葉社:1	小学館	[2]
king-abyss	キングアビス	standard	ジャイブ:1 | パイインターナショナル:1	ジャイブ	[3]
kinkon-tosa-nikki	きんこん土佐日記	standard	高知新聞社:11 | 高知新聞総合印刷:2	高知新聞社	[8, 10]
kira-kira	キラキラ!	standard	講談社:7 | スコラ:1	講談社	[1]
kirikiritei-no-buraun-sensei	きりきり亭のぶら雲先生	deluxe	ソニー・ミュージックソリューションズ:4 | スコラ:1	ソニー・ミュージックソリューションズ	[2]
kishibe-no-uta	岸辺の唄	standard	ホーム社（千代田区）:1 | ホーム社:1	ホーム社（千代田区）	[4]
kishibe-no-uta	岸辺の唄	bunkobon	ホーム社（千代田区）:1 | ホーム社:1	ホーム社（千代田区）	[3]
kitarou-kunitori-monogatari	鬼太郎国盗り物語	bunkobon	角川書店:2 | KADOKAWA:1	角川書店	[3]
kitarouyawa	鬼太郎夜話	bunkobon	筑摩書房:1 | 中央公論新社:1	筑摩書房	[3]
kizuna	KIZUNA	standard	ビブロス:7 | 地方・小出版流通センター:2	ビブロス	[2, 3]
knights-of-scarlet	Knights of Scarlet	standard	アース・スターエンターテイメント:1 | 株式会社アース・スター エンターテイメント:1	アース・スターエンターテイメント	[2]
kobato	こばと。	standard	KADOKAWA:5 | 角川書店:1	KADOKAWA	[6]
kochira-koufuku-anshin-iinkai-desu	こちら、幸福安心委員会です。	standard	KADOKAWA:2 | 角川アスキー総合研究所:1	KADOKAWA	[2]
kodomotachiwosemenaide	子供達をせめないで	standard	ソニー・ミュージックソリューションズ:1 | 幻冬舎:1	ソニー・ミュージックソリューションズ	[2]
koetama	こえたま	standard	アース・スターエンターテイメント:2 | アース・スター エンターテイメント:1	アース・スターエンターテイメント	[3]
koharu-hiyori-mizuki-2004	こはるびより	standard	KADOKAWA:4 | アスキー・メディアワークス:1	KADOKAWA	[1]
koi-to-makoto-to-asagiiro	恋とマコトと浅葱色	standard	LINE Digital Frontier:2 | LINE　Digital　Frontier:1	LINE Digital Frontier	[3]
koike-kazuo-no-za-shibi-golf	小池一夫のザ・シビゴルフ	standard	小学館:2 | 小池書院:1	小学館	[6]
koikyuu	恋きゅー	standard	フレックスコミックス:4 | MOVIDA　ENTERTAINMENT:1	フレックスコミックス	[1]
koisuiren	恋水蓮	standard	ホーム社（千代田区）:3 | Gakken:2	ホーム社（千代田区）	[1, 2]
kokoro-natsume-2023	こころ	standard	集英社:1 | Gakken:1	集英社	[2]
kokyou-wa-midori	故郷は緑	standard	朝日ソノラマ:1 | 朝日新聞出版:1	朝日ソノラマ	[2]
kokyuutosu-wa-warau	コキュートスは嗤う	standard	ワニ・プラス:2 | ワニブックス:1	ワニ・プラス	[1]
konna-no-unmei-ja-nai-kara-kanchigai-shinaide	こんなの運命じゃないから勘違いしないで	standard	三交社（台東区）:1 | CLAPコミックス:1	三交社（台東区）	[2]
kono-bushitsu-wa-kitakushinai-bu-ga-senkyo-shimashita	この部室は帰宅しない部が占拠しました。	standard	メディアファクトリー:1 | KADOKAWA:1	メディアファクトリー	[2]
koori-no-joou-2013	氷の女王	standard	宙出版:1 | 講談社:1	宙出版	[2]
kou-u-to-ryuu-hou-sentaro-1987	項羽と劉邦	standard	講談社:1 | 文藝春秋:1	講談社	[3]
koukenryoku-ouryou-sousakan-nakabou-rintarou	公権力横領捜査官中坊林太郎	standard	集英社:2 | 新潮社:1	集英社	[3]
kowai-hon	こわい本	bunkobon	KADOKAWA:9 | 朝日ソノラマ:2	KADOKAWA	[1, 2]
kozure-ookami	子連れ狼	bunkobon	小池書院:19 | 小学館:1	小池書院	[7]
kuchibiru-tameiki-sakurairo	くちびるためいきさくらいろ	standard	一迅社:1 | 双葉社:1	一迅社	[2]
kugutsu-takahashi-1999	傀儡	standard	新書館:2 | 光文社:1	新書館	[1]
kujibiki-tokushou-musou-haaremuken	くじ引き特賞:無双ハーレム権	standard	集英社:11 | SBクリエイティブ:1	集英社	[10]
kuni-ni-saikyou-no-baria-o-hattara-heiwa-ni-narisugite-tsuihousareta-saremashita	国に最強のバリアを張ったら平和になりすぎて追放されました。	standard	アース・スターエンターテイメント:3 | 株式会社アース・スター エンターテイメント:2	アース・スターエンターテイメント	[4, 5]
kuooto-ando-half	1/4×1/2	standard	朝日新聞出版:4 | 朝日ソノラマ:2 | 朝日新聞社:1	朝日新聞出版	[1, 2, 5]
kuooto-half-r	クォート＆ハーフ（R）	standard	朝日新聞社:3 | 朝日ソノラマ:1	朝日新聞社	[1]
kurebatesu	クレバテス	standard	LINE Digital Frontier:5 | KADOKAWA:5 | LINE　Digital　Frontier:1	LINE Digital Frontier	[1, 7, 8, 9, 10, 11]
kuroda-sanjuurokkei	黒田・三十六計	standard	リイド社:5 | 祥伝社:1	リイド社	[3]
kurogane-communication	鉄コミュニケイション	standard	KADOKAWA:2 | アスキー・メディアワークス:1	KADOKAWA	[1]
kuroinu-okurokku	黒犬O'clock	standard	KADOKAWA:1 | メディアファクトリー:1	KADOKAWA	[2]
kuroneko-to-houseki-shokunin	黒猫と宝石職人	standard	サイゾー:1 | 道玄坂書房:1	サイゾー	[2]
kuroneko-wa-nakanai	黒猫は泣かない。	standard	とおとうみ出版:1 | 双葉社:1	とおとうみ出版	[2]
kurumi-no-naka	胡桃の中	standard	リブレ:2 | ビブロス:1 | リブレ出版:1	リブレ	[1, 3]
kutsujokkaa-oogawara-jou	屈辱er大河原上	standard	新潮社:1 | 三才ブックス:1	新潮社	[2]
kuusou-kagaku-edison	空想科学エジソン	deluxe	幻冬舎:2 | ソニー・ミュージックソリューションズ:1	幻冬舎	[1]
kuusou-kagaku-taisen	空想科学大戦	standard	リクルート:2 | メディアファクトリー:1 | ソニー・ミュージックソリューションズ:1	リクルート	[3, 4]
kuusou-kagaku-x	空想科学X	standard	アスキー・メディアワークス:4 | KADOKAWA:1	アスキー・メディアワークス	[5]
kuwata-jirou-adaruto-tanpenshuu	桑田次郎アダルト短編集	standard	マンガショップ:1 | パンローリング:1	マンガショップ	[2]
kyaramono	キャラ者	standard	双葉社:1 | ぴあ:1	双葉社	[2]
kyattsuai	キャッツ❤アイ	standard	集英社:14 | 新潮社:1	集英社	[21]
kyouka-ayakashi-hichou	鏡花あやかし秘帖	standard	学研パブリッシング:1 | 学研プラス:1	学研パブリッシング	[3]
kyouran-reijou-nia-risuton	凶乱令嬢ニア・リストン	standard	スクウェア・エニックス:7 | ホビージャパン:1	スクウェア・エニックス	[6]
kyousei-kekkon	強性結婚	standard	秋水社:5 | 大都社:2	秋水社	[6, 7]
kyoushoku-soukou-guyver	強殖装甲ガイバー	standard	徳間書店:15 | 角川書店:14 | KADOKAWA:3	徳間書店	[16, 17, 18, 19, 20, 21, 22, 23, 24, 25, 26, 27, 28, 29, 30, 31, 32]
kyubizumu-love	キュビズム・ラブ	standard	エンターブレイン:3 | KADOKAWA:1	エンターブレイン	[4]
kyuukoku-no-meshia	救国のメシア	standard	宙出版:1 | ネクストF:1	宙出版	[2]
kyuukyoku-no-komyushou-wotaku-joshi-no-watashi-ga-soshage-no-sekai-ni-kita-kedo-oshi-ga-toutosugite	究極のコミュ障オタク女子の私がソシャゲの世界にきたけど、推しが尊すぎてつらい	standard	宙出版:3 | ネクストF:3	宙出版	[4, 5, 6]
lagoon-engine	ラグーンエンジン	standard	KADOKAWA:5 | 角川書店:2	KADOKAWA	[1, 2]
last-continent	ラスト・コンチネント	standard	東京三世社:1 | 幻冬舎コミックス:1	東京三世社	[3]
last-man	ラストマン	standard	講談社:3 | Euromanga:2 | 飛鳥新社:1	講談社	[4, 5, 6]
lemon-angel	レモンエンジェル	standard	集英社:9 | スコラ:1	集英社	[6]
lettuce-burger-please-ok-ok	レタスバーガープリーズ.OK,OK!	standard	集英社:9 | 河出書房新社:1	集英社	[1]
libel	リベル	standard	LINE　Digital　Frontier:2 | LINE Digital Frontier:1	LINE　Digital　Frontier	[3]
line-no-kotaeawase	LINEの答えあわせ	standard	LINE Digital Frontier:2 | LINE　Digital　Frontier:1	LINE Digital Frontier	[2]
little-busters-ecstasy-wonderbit-wandering	リトルバスターズ!EXワンダービットワンダリング	standard	角川書店:2 | KADOKAWA:1	角川書店	[1]
little-lotus	リトル・ロータス	standard	LINE Digital Frontier:4 | LINE　Digital　Frontier:2	LINE Digital Frontier	[4, 5]
little-witch-academia	リトルウィッチアカデミア	standard	KADOKAWA:2 | 集英社:1	KADOKAWA	[1]
loan-knight	ローンナイト	standard	KADOKAWA:3 | 復刊ドットコム:2	KADOKAWA	[4, 5]
log-horizon-nyanta-hanchou-shiawase-no-recipe	ログ・ホライズンにゃん太班長・幸せのレシピ	standard	KADOKAWA:5 | エンターブレイン:1	KADOKAWA	[1]
log-horizon	ログ・ホライズン	standard	KADOKAWA:3 | エンターブレイン:1	KADOKAWA	[1]
lost-planet-bound-raven	ロストプラネットバウンドレイブン	standard	アスキー・メディアワークス:1 | 角川書店:1	アスキー・メディアワークス	[2]
love-control	恋愛操作	standard	リブレ:8 | リブレ出版:1	リブレ	[3]
love-me-tender	ラヴミーテンダー	standard	幻冬舎コミックス:6 | 幻冬舎:1	幻冬舎コミックス	[1]
love-peace	Love ＆ Peace	standard	集英社:1 | 白泉社:1	集英社	[2]
love-shimasenka	恋愛しませんか?	standard	角川書店:2 | KADOKAWA:1	角川書店	[3]
love-taishitsu	恋愛体質	standard	小学館:1 | 大都社:1	小学館	[3]
loveless	LOVELESS	standard	一迅社:11 | 小学館:2	一迅社	[1, 2]
lovely	ラブリー!	standard	祥伝社:3 | 宝島社:1	祥伝社	[1]
lucky-strike	LUCKY STRIKE	standard	集英社:2 | 秋田書店:2	集英社	[3, 4]
macross-plus-tac-name	マクロスプラス タックネーム	standard	KADOKAWA:1 | 角川書店:1	KADOKAWA	[2]
maeda-deka-kabuki-tabi	前田慶次かぶき旅	standard	コアミックス:19 | ノース・スターズ・ピクチャーズ:2	コアミックス	[1, 2]
magdala-de-nemure	マグダラで眠れ	standard	KADOKAWA:3 | 角川書店:1	KADOKAWA	[1]
magical-dream-kirapichi-5	マジカル★ドリームキラピチ5	standard	学研プラス:3 | 学研教育出版:1	学研プラス	[1]
maho-maho	まほマほ	standard	KADOKAWA:2 | 角川書店:1	KADOKAWA	[3]
mahou-no-onnanoko-chaamii-chako-chan	魔法の女の子ちゃ～み～チャコちゃん	standard	学研パブリッシング:1 | Gakken:1	学研パブリッシング	[2]
mahou-no-tenshi-creamy-mami-fukigenna-ohime-sama	魔法の天使クリィミーマミ不機嫌なお姫様	standard	竹書房:5 | コアミックス:2	竹書房	[6, 7]
mahou-senki-lyrical-nanoha-force-touruu-karaado	魔法戦記リリカルなのはForce true colored	standard	角川書店:5 | KADOKAWA:1	角川書店	[5]
mahou-senki-lyrical-nanoha-force	魔法戦記リリカルなのはforce	standard	KADOKAWA:5 | 角川書店:1	KADOKAWA	[6]
mahou-shoujo-chikichiki	魔法少女チキチキ	standard	ジャイブ:1 | 竹書房:1	ジャイブ	[3]
mahouka-koukou-no-rettousei	魔法科高校の劣等生	standard	スクウェア・エニックス:5 | KADOKAWA:3	スクウェア・エニックス	[1, 2, 3]
mahoutsukai-no-konyakusha	魔法使いの婚約者	standard	KADOKAWA:4 | 一迅社:1	KADOKAWA	[5]
mahoutsukai-no-yome	魔法使いの嫁	standard	マッグガーデン:10 | ブシロードワークス:3	マッグガーデン	[21, 22, 23]
maid-nara-touzen-desu	メイドなら当然です。	standard	アース・スターエンターテイメント:3 | 株式会社アース・スター エンターテイメント:1	アース・スターエンターテイメント	[6]
maji-de-watashi-ni-koishinasai-esu	真剣で私に恋しなさい!S 九鬼紋白編	standard	角川書店:1 | KADOKAWA:1	角川書店	[2]
majikyuu-4-koma-higurashi-no-naku-koro-ni	マジキュー4コマ ひぐらしのなく頃に	standard	KADOKAWA:4 | エンターブレイン:1	KADOKAWA	[3]
majishanzu-akademii	まじしゃんず・あかでみい	standard	KADOKAWA:2 | エンターブレイン:1	KADOKAWA	[1]
makenkitsu	マケン姫っ!	standard	KADOKAWA:23 | 富士見書房:1	KADOKAWA	[8]
makuranosoushi	枕草子	standard	角川書店:1 | 金の星社:1	角川書店	[3]
makyou-gakuen-fuuunki-half-ando-half	魔境学園風雲記ハーフ＆ハーフ	standard	竹書房:2 | 角川書店:1	竹書房	[3]
mame-sengoku-basara	まめ戦国BASARA	standard	KADOKAWA:4 | アスキー・メディアワークス:1	KADOKAWA	[1]
mameda-sensei	まめだ先生	standard	南の風社:1 | 民衆社:1	南の風社	[3]
manga-de-yomu-niijima-jou	マンガで読む新島襄	standard	コトコト:1 | 同志社大学:1	コトコト	[2]
manga-koomote-chan	漫画 小面ちゃん	standard	陽嶺社:9 | 小学館スクウェア:1	陽嶺社	[4]
manga-saiensu	まんがサイエンス	deluxe	Gakken:6 | 学研教育出版:3	Gakken	[12, 13, 14]
maou-dante	魔王ダンテ	standard	朝日ソノラマ:1 | コミックス:1 | 講談社:1	朝日ソノラマ	[3, 4]
maoyuu-4-koma-muitemasenyo-maousama	まおゆう4コマ「向いてませんよ、魔王様」	standard	エンターブレイン:2 | KADOKAWA:1	エンターブレイン	[3]
maoyuu-maou-yuusha	まおゆう魔王勇者	standard	KADOKAWA:5 | 秋田書店:3	KADOKAWA	[6, 7, 8]
mappira-kun	まっぴら君	standard	毎日新聞出版:8 | 毎日新聞社:1	毎日新聞出版	[10]
marii-to-ellie-no-atelier-zaaruburugu-no-renkinjutsushi-sekando-season	マリーとエリーのアトリエザールブルグの錬金術士 Second Season	standard	KADOKAWA:4 | エンターブレイン:1	KADOKAWA	[5]
marou-ou-reppuu-den	魔狼王烈風伝	standard	アスキー・メディアワークス:8 | KADOKAWA:1	アスキー・メディアワークス	[9]
marushin-kateinai-neko-oukoku	〔○新〕家庭内猫王国	standard	講談社コミッククリエイト:1 | 講談社:1	講談社コミッククリエイト	[2]
mato	魔都	standard	秋田書店:1 | ぶんか社:1	秋田書店	[3]
matsuoka-kunio-youkai-taiji	松岡國男妖怪退治	standard	KADOKAWA:2 | 角川書店:1	KADOKAWA	[2]
mawata-no-oukoku	真綿の王国	standard	幻冬舎:1 | 幻冬舎コミックス:1	幻冬舎	[2]
mayo-chiki	まよチキ!	standard	KADOKAWA:6 | メディアファクトリー:1	KADOKAWA	[2]
mazin-garon	魔神ガロン	standard	講談社:4 | 秋田書店:1	講談社	[1]
mazinger-z-tai-transformer	トランスフォーマー:ロボッツ・イン・ディスガイズ	standard	ヴィレッジブックス:2 | ウィーヴ:1 | フリュー:1	ヴィレッジブックス	[1, 2]
megami-kourin	女神降臨	standard	LINE Digital Frontier:8 | LINE　Digital　Frontier:1	LINE Digital Frontier	[2]
megu-milk	めぐ❤みるく	standard	KADOKAWA:2 | 角川書店:1	KADOKAWA	[3]
megurumeku-kisetsu-no-naka-de	めぐるめく季節の中で	standard	LINE　Digital　Frontier:2 | LINE Digital Frontier:1	LINE　Digital　Frontier	[3]
meirei-kuchou-no-kuchibiru-de	命令口調の唇で	standard	海王社:1 | 桜桃書房:1	海王社	[2]
menou-no-ryuu	瑪瑙之竜	standard	エンターブレイン:3 | KADOKAWA:1	エンターブレイン	[4]
mercy	マーシー	standard	富士見書房:1 | ホビージャパン:1	富士見書房	[3]
meshinuma	めしぬま。	standard	コアミックス:9 | ノース・スターズ・ピクチャーズ:6	コアミックス	[1, 2, 3, 4, 5, 6]
mesu-yo-kagayake	メスよ輝け!!	standard	集英社:12 | ホーム社（千代田区）:3	集英社	[13, 14, 15]
metamo-kiss	メタモ・キス	standard	KADOKAWA:2 | 角川書店:1	KADOKAWA	[1]
mezase-toudai-tanuko-san	目指せ東大!たぬ子さん	standard	LINE Digital Frontier:2 | LINE:1	LINE Digital Frontier	[1]
mibu-gishiden	壬生義士伝	standard	角川書店:2 | 講談社:2	角川書店	[3, 4]
mibu-gishiden	壬生義士伝	aizoban	ホーム社:8 | ホーム社（千代田区）:5	ホーム社	[1, 2, 3, 4, 5]
midara-na-ryuu-ni-obore-ru-hana	淫らな龍に溺れる花	standard	大都社:2 | 秋水社:1	大都社	[1]
midorimushi-wa-midori-desuka-mushi-desuka	ミドリムシは植物ですか?虫ですか?	standard	エンターブレイン:1 | KADOKAWA:1	エンターブレイン	[2]
mierundesu	視えるんです。	standard	朝日新聞出版:5 | メディアファクトリー:3	朝日新聞出版	[1, 2, 3]
mikan-no-tsuki	未完の月	standard	KADOKAWA:4 | 角川書店:2	KADOKAWA	[5, 6]
mikazuki-to-neko	三日月とネコ	standard	集英社:3 | エコーズ:1	集英社	[1]
mimi-o-sumaseba	耳をすませば	standard	徳間書店:3 | 集英社:1	徳間書店	[1]
minase-youmu-to-hontou-wa-kowai-cthulhu-shinwa	水瀬陽夢と本当はこわいクトゥルフ神話	standard	KADOKAWA:2 | 角川書店:1	KADOKAWA	[1]
minivan	みにヴぁん	standard	ブシロードワークス:5 | KADOKAWA:2	ブシロードワークス	[1, 2]
mirai-nikki	未来日記	standard	KADOKAWA:11 | 角川書店:1	KADOKAWA	[8]
miseinen	未成年	standard	講談社:1 | 小学館クリエイティブ:1	講談社	[2]
misu-misou	ミスミソウ	standard	ぶんか社:2 | 双葉社:1	ぶんか社	[1]
mitsu-to-doku	蜜と毒	standard	双葉社:2 | viviON:2	双葉社	[3, 4]
miyamoto-musashi-1985	宮本武蔵	standard	講談社:5 | KTC中央出版:3	講談社	[3, 4, 5]
mizu-no-mori-ki-tan	水の森綺譚	standard	偕成社:3 | MOE出版:1	偕成社	[1]
mobile-ryodan-hachifukujin	機動旅団八福神	standard	KADOKAWA:9 | エンターブレイン:1	KADOKAWA	[7]
mobile-shinseiki-gundam-ekkusu	機動新世紀ガンダムX	standard	講談社:3 | 角川書店:1	講談社	[4]
mobile-suit-buyo-gundam	機動戦士ぶよガンダム	standard	角川書店:1 | KADOKAWA:1	角川書店	[2]
mobile-suit-crossbone-gundam-koutetsu-no-7-nin	機動戦士クロスボーン・ガンダム鋼鉄の7人	standard	KADOKAWA:2 | 角川書店:1	KADOKAWA	[3]
mobile-suit-gundam-age-first-evolution	機動戦士ガンダムAGE First Evolution	standard	KADOKAWA:2 | 角川書店:1	KADOKAWA	[3]
mobile-suit-gundam-age-second-evolution	機動戦士ガンダムAGE Second Evolution	standard	KADOKAWA:1 | 角川書店:1	KADOKAWA	[2]
mobile-suit-gundam-daburuoo-79	機動戦士ガンダム0079	standard	アスキー・メディアワークス:8 | KADOKAWA:4	アスキー・メディアワークス	[3, 7, 11, 12]
mobile-suit-gundam-ekooru-deyu-shieru	機動戦士ガンダムエコール・デュ・シエル	standard	角川書店:10 | KADOKAWA:2	角川書店	[1, 12]
mobile-suit-gundam-hybrid-4-koma-dai-sensen	機動戦士ガンダムハイブリッド4コマ大戦線	standard	KADOKAWA:4 | 角川書店:1	KADOKAWA	[2]
mobile-suit-gundam-jion-koukoku-younen-gakkou	機動戦士ガンダムジオン公国幼年学校	standard	KADOKAWA:1 | 角川書店:1	KADOKAWA	[2]
mobile-suit-gundam-seed-astray	機動戦士ガンダムSEED ASTRAY	standard	KADOKAWA:4 | 角川書店:2	KADOKAWA	[2, 3]
mobile-suit-gundam-thunderbolt	機動戦士ガンダムサンダーボルト	standard	小学館:17 | KADOKAWA:1	小学館	[10]
mobile-suit-gundam-uc-testament	機動戦士ガンダムUCテスタメント	standard	角川書店:1 | KADOKAWA:1	角川書店	[2]
mobile-suit-z-gundam	機動戦士Zガンダム	standard	講談社:2 | アスキー・メディアワークス:1	講談社	[2]
mobuko-no-koi	モブ子の恋	standard	コアミックス:18 | ノース・スターズ・ピクチャーズ:6	コアミックス	[1, 2, 3, 4, 5, 6]
mofumofu-to-mukumuku-to-isekai-hyouryuu-seikatsu	もふもふとむくむくと異世界漂流生活	standard	アース・スターエンターテイメント:4 | アース・スター エンターテイメント:2	アース・スターエンターテイメント	[5, 6]
moko-to-yuganda-satsujinkidomo	モコと歪んだ殺人鬼ども	standard	KADOKAWA:4 | メディアファクトリー:1	KADOKAWA	[1]
momotarou-kun-wa-iu-koto-o-kikanai	桃太郎くんは言うコトをきかない	standard	LINE Digital Frontier:4 | LINE:1	LINE Digital Frontier	[1]
mondaijitachi-ga-isekai-kara-kurusoudesuyo	問題児たちが異世界から来るそうですよ?	standard	角川書店:3 | KADOKAWA:1	角川書店	[4]
mononoke	モノノ怪	standard	スクウェア・エニックス:2 | ノース・スターズ・ピクチャーズ:1	スクウェア・エニックス	[3]
monster-musume-no-iru-nichijou	モンスター娘のいる日常	standard	徳間書店:20 | ノース・スターズ・ピクチャーズ:1	徳間書店	[12]
moto-kizoku-no-yonkyoudai-wa-kujikenai	元貴族の四兄弟はくじけない!	standard	アース・スターエンターテイメント:1 | 株式会社アース・スター エンターテイメント:1	アース・スターエンターテイメント	[2]
motohashi-kyoudai	本橋兄弟	standard	双葉社:4 | リイド社:2	双葉社	[1, 2]
mouhitsu-hallucination	妄筆ハルシネーション	standard	角川書店:2 | KADOKAWA:1	角川書店	[3]
mouretsusensei	もうれつ先生	standard	マンガショップ:2 | パンローリング:1	マンガショップ	[1]
mouryou-shoujo	魍魎少女	standard	ノース・スターズ・ピクチャーズ:4 | コアミックス:3	ノース・スターズ・ピクチャーズ	[5, 6, 7]
mousou-kagyou-no-michinaga-san	妄想稼業の道長さん	standard	KADOKAWA:2 | メディアファクトリー:1	KADOKAWA	[3]
ms-marvel	Ms.マーベル	standard	ウィーヴ:2 | ヴィレッジブックス:2	ウィーヴ	[3, 4]
mud-men	マッドメン	standard	秋田書店:1 | 集英社クリエイティブ:1	秋田書店	[2]
mud-men	マッドメン	bunkobon	筑摩書房:1 | 集英社クリエイティブ:1	筑摩書房	[2]
mujihi-na-8bit	無慈悲な8bit	standard	KADOKAWA　Game　Linkage:5 | KADOKAWA:3	KADOKAWA　Game　Linkage	[1, 2, 3]
mujikaku-seijo-wa-kyou-mo-muishiki-ni-chikara-o-tarenagasu	無自覚聖女は今日も無意識に力を垂れ流す	standard	アース・スターエンターテイメント:6 | 株式会社アース・スター エンターテイメント:1	アース・スターエンターテイメント	[7]
munekatakyoujudenkikou	宗像教授伝奇考	standard	潮出版社:3 | 小学館:2	潮出版社	[7, 8]
murasaki-tenshi-wa-gokigen-naname	紫天使はご機嫌ななめ	standard	スコラ:1 | 日本文芸社:1	スコラ	[2]
musashinosen-no-shimai	武蔵野線の姉妹	standard	フレックスコミックス:4 | ほるぷ出版:1	フレックスコミックス	[5]
mushoku-no-eiyuu	無職の英雄	standard	アース・スターエンターテイメント:9 | アース・スター エンターテイメント:1	アース・スターエンターテイメント	[10]
musunde-hiraite	むすんでひらいて	standard	マッグガーデン:7 | 集英社:1	マッグガーデン	[1]
muv-luv	マブラヴ	standard	KADOKAWA:2 | アスキー・メディアワークス:1	KADOKAWA	[1]
nakasu-utanikki	中洲歌日記	standard	アムリタ書房:1 | 福岡明林:1	アムリタ書房	[2]
namae-no-nai-kaibutsu	名前のない怪物	standard	LINE Digital Frontier:6 | 宝島社:1	LINE Digital Frontier	[1]
nanairo-inko	七色いんこ	bunkobon	講談社コミッククリエイト:2 | 秋田書店:1	講談社コミッククリエイト	[2]
nanairo-kamen	七色仮面	standard	マンガショップ:2 | パンローリング:1	マンガショップ	[3]
nananana	なななな	standard	アスキー・メディアワークス:2 | KADOKAWA:2	アスキー・メディアワークス	[3, 4]
naniwa-doraihon	難波鉦異本	standard	少年画報社:2 | KADOKAWA:1	少年画報社	[3]
nariagari	成りあがり	standard	風雅書房:2 | 角川書店:1	風雅書房	[3]
naru-doma	ナルどマ	standard	KADOKAWA:1 | 双葉社:1	KADOKAWA	[2]
nazo-no-ano-mise	謎のあの店	standard	朝日新聞出版:2 | 朝日新聞社:1	朝日新聞出版	[1]
negai-o-kanaete-moraou-to-akuma-o-shoukan-shita-kedo-kawaikatta-node-kekkon-shimashita	願いを叶えてもらおうと悪魔を召喚したけど、可愛かったので結婚しました	standard	アース・スターエンターテイメント:10 | 株式会社アース・スター エンターテイメント:1	アース・スターエンターテイメント	[11]
nein	Nein	standard	新書館:2 | KADOKAWA:1	新書館	[3]
nekketsu-daibouken-tairiku	熱血!大冒険大陸	standard	ホビージャパン:5 | ノアール出版:1	ホビージャパン	[1]
nekojiru-udon	ねこぢるうどん	standard	青林堂:2 | 文藝春秋:1	青林堂	[3]
nekomeewaku	ねこめ～わく	standard	朝日新聞出版:3 | 宙出版:2 | 朝日ソノラマ:1 | 朝日新聞社:1	朝日新聞出版	[2, 3, 4, 6]
nekomushi-stories	ネコムシ・ストーリーズ	standard	偕成社:3 | MOE出版:2	偕成社	[1, 3]
nerawareta-gakuen	ねらわれた学園	standard	KADOKAWA:1 | 角川書店:1	KADOKAWA	[2]
netsuai-prince	熱愛プリンス	standard	宙出版:14 | ネクストF:7	宙出版	[13, 14, 15, 16, 17, 18, 19]
nibiiro-no-hako-no-naka-de	鈍色の箱の中で	standard	LINE Digital Frontier:5 | LINE:2	LINE Digital Frontier	[1, 2]
night-head	NIGHT HEAD	standard	角川書店:7 | フジテレビ出版:1	角川書店	[1]
niji-no-tani-no-an	虹の谷のアン	deluxe	コミックス:1 | 講談社コミッククリエイト:1	コミックス	[2]
nijiiro-no-trotsky	虹色のトロツキー	standard	潮出版社:5 | 双葉社:3	潮出版社	[1, 2, 3]
ningen-club	人間倶楽部	standard	主婦と生活社:8 | 宙出版:2	主婦と生活社	[11, 14]
ningen-shikkaku-ito-2010	人間失格	standard	イースト・プレス:1 | 新潮社:1	イースト・プレス	[3]
ningen-shikkaku	人間失格	standard	新潮社:2 | 小学館:1	新潮社	[3]
ninja-slayer	ニンジャスレイヤー	standard	KADOKAWA:14 | 秋田書店:4	KADOKAWA	[15, 16, 17, 18]
nippon-o-ashi-de-hakatta-otoko	日本を足で測った男	standard	中央出版:2 | KTC中央出版:1	中央出版	[1]
nipponia-nippon	ニッポニア・ニッポン	standard	ソニー・ミュージックソリューションズ:2 | スコラ:1	ソニー・ミュージックソリューションズ	[1]
nishimura-shinobu-no-kobe-motomachi-shimoyamate-dress	西村しのぶの神戸・元町“下山手ドレス”	standard	KADOKAWA:2 | 角川書店:1	KADOKAWA	[1]
nobara	野ばら	standard	東京漫画社:1 | KADOKAWA:1	東京漫画社	[2]
nobunaga	信長	standard	小学館:7 | KADOKAWA:1	小学館	[8]
nobushi-no-gourmet	野武士のグルメ	standard	幻冬舎:2 | 幻冬舎コミックス:1	幻冬舎	[3]
nokemono-to-hanayome	ノケモノと花嫁	standard	幻冬舎コミックス:3 | インデックス・コミュニケーションズ:2 | モール・オブ・ティーヴィー:2	幻冬舎コミックス	[1, 3, 4, 5]
nono-chan-zenshuu	ののちゃん 全集	standard	スタジオジブリ:2 | スタジオ・ジブリ:1	スタジオジブリ	[8]
nono-chan	ののちゃん	standard	チャンネルゼロ:7 | 東京創元社:4 | 徳間書店:2 | 双葉社:1	チャンネルゼロ	[8, 9, 10, 11, 12, 13, 14]
norogaaru	のろガール!	standard	KADOKAWA:1 | 角川書店:1	KADOKAWA	[2]
nuretoro-3p	濡れトロ3P	standard	CLAPコミックス:1 | 三交社:1	CLAPコミックス	[2]
nyohanbou	女犯坊	standard	太田出版:3 | 実業之日本社:1	太田出版	[4]
nyotai-katsu	にょたいかっ。	standard	KADOKAWA:4 | メディアファクトリー:1	KADOKAWA	[3]
o-kashira-tsuki	尾かしら付き。	standard	ノース・スターズ・ピクチャーズ:3 | コアミックス:1	ノース・スターズ・ピクチャーズ	[4]
obaa-chan-shoujo-hinata-chan	老女的 (おばあちゃん) 少女ひなたちゃん	standard	ノース・スターズ・ピクチャーズ:7 | コアミックス:4	ノース・スターズ・ピクチャーズ	[8, 9, 10, 11]
obake	オバケ	standard	講談社:2 | 光文社:1	講談社	[3]
obito-no-hime-to-kubinashi-kishi	首の姫と首なし騎士	standard	白泉社:2 | 角川書店:1	白泉社	[1]
oda-cinnamon-nobunaga	織田シナモン信長	standard	ノース・スターズ・ピクチャーズ:8 | コアミックス:2	ノース・スターズ・ピクチャーズ	[9, 10]
oda-nobuna-no-yabou	織田信奈の野望	standard	角川書店:4 | KADOKAWA:2	角川書店	[5, 6]
odd-taxi	オッドタクシー	standard	ポニーキャニオン:3 | 小学館:2	ポニーキャニオン	[1, 5]
odenwa-omachishitemasu	お電話お待ちしてます	standard	主婦と生活社:2 | 秋田書店:1	主婦と生活社	[1]
oedo-shitamachi-komoridou	大江戸下町こもり堂	standard	宙出版:3 | ネクストF:2	宙出版	[4, 5]
offline-game	おふらいんげーむ	standard	双葉社:5 | エンジェル出版:2	双葉社	[6, 7]
ohime-sama-no-yuuutsu	お姫様の憂鬱	standard	KADOKAWA:2 | アスキー・メディアワークス:1	KADOKAWA	[1]
ohitori-sama-shutsu-san	おひとりさま出産	standard	集英社クリエイティブ:4 | 集英社:2	集英社クリエイティブ	[2, 3]
oideyo-doubutsu-byouin	おいでよ動物病院!	standard	集英社クリエイティブ:14 | 集英社:1	集英社クリエイティブ	[11]
oji-sama-koushaku-wa-koisuru-otoshigoro	おじさま侯爵は恋するお年頃	standard	宙出版:10 | ネクストF:6	宙出版	[11, 12, 13, 14, 15, 16]
okane-ga-nai	お金がないっ	standard	幻冬舎コミックス:18 | 桜桃書房:1	幻冬舎コミックス	[1]
omae-no-kaa-chan-bitch	お前の母ちゃんBitch!	standard	竹書房:1 | ぶんか社:1	竹書房	[2]
omae-o-wotaku-ni-shiteyaru-kara-ore-o-riajuu-ni-shitekure	おまえをオタクにしてやるから、俺をリア充にしてくれ!	standard	KADOKAWA:6 | メディアファクトリー:1	KADOKAWA	[2]
omakase-spirits	おまかせ精霊	standard	KADOKAWA:2 | メディアファクトリー:1	KADOKAWA	[4]
omega-ni-dake-wa-naritakunai	Ωにだけはなりたくない!!	standard	ふゅ〜じょんぷろだくと:2 | ふゅ～じょんぷろだくと:1	ふゅ〜じょんぷろだくと	[2]
omoide-poroporo	おもひでぽろぽろ	standard	青林堂:2 | 徳間書店:1	青林堂	[4]
omotteta-yori-futsuu-desune	思ってたよりフツーですね	standard	KADOKAWA:2 | 角川書店:1	KADOKAWA	[3]
onee-na-kareshi-to-boyish-kanojo	オネエな彼氏とボーイッシュ彼女	standard	ホーム社（千代田区）:3 | ホーム社:2	ホーム社（千代田区）	[4, 5]
onegai-sonna-ni-kamanaide	お願い、そんなに噛まないで	standard	れんが書房新社:1 | 道玄坂書房:1	れんが書房新社	[2]
onihei-hankachou	鬼平犯科帳	standard	リイド社:68 | 文藝春秋:51 | 文藝春秋情報出版:3	リイド社	[2, 6, 21, 23, 73, 74, 75, 76, 77, 78, 79, 80, 81, 82, 83, 84, 85, 86, 87, 88]
onii-chan-no-koto-ga-sukisugite-nyannyan-shitai-burakon-imouto-dakedo-sunao-ni-narenaino	お兄ちゃんのことが好きすぎてにゃんにゃんしたいブラコン妹だけど素直になれないの	standard	角川書店:1 | KADOKAWA:1	角川書店	[2]
onii-sama-to-chikai-no-bara	お兄様と誓いの薔薇	standard	宙出版:3 | ネクストF:1	宙出版	[4]
online-no-hitsujitachi	オンラインの羊たち	standard	Nagisa:2 | ヒーローズ:1	Nagisa	[3]
onmyouji	陰陽師	standard	白泉社:12 | スコラ:1	白泉社	[3]
onryou-oku-sama	怨霊奥様	standard	BookLive:5 | フレックスコミックス:5	BookLive	[5, 6, 7, 8, 9]
ooi-yamabiko	オーイ!!やまびこ	standard	毎日新聞出版:6 | 講談社:1	毎日新聞出版	[5]
ookami-koushaku-no-kyuukon	狼公爵の求婚	standard	宙出版:2 | ネクストF:1	宙出版	[3]
ookina-kuri-no-ki-no-shita-de	大きな栗の木の下で	standard	地方・小出版流通センター:1 | ビブロス:1	地方・小出版流通センター	[2]
oraa-guzura-dado	おらぁグズラだど	standard	マンガショップ:1 | パンローリング:1	マンガショップ	[2]
orange-2012	orange	standard	双葉社:4 | 集英社:2	双葉社	[1, 2]
ore-no-jouwan-nitoukin-etchi-na-me-de-miteta-desho	俺の上腕二頭筋、エッチな目で見てたでしょ?	standard	彗星社:7 | （株）彗星社:1	彗星社	[3]
ore-no-shinsengumi	俺の新選組	standard	勁文社:2 | ホーム社（千代田区）:2	勁文社	[2, 4]
ore-no-yubi-de-midarero	俺の指で乱れろ。	standard	彗星社:8 | （株）彗星社:1	彗星社	[2]
orenchi-ni-kita-onnakishi-to-inakagurashi-suru-koto-ni-natta-ken	俺んちに来た女騎士と田舎暮らしすることになった件	standard	アース・スターエンターテイメント:9 | アース・スター　エンターテイメント:1	アース・スターエンターテイメント	[1]
oretachi-tsukiattenai-kara	俺たちつき合ってないから	standard	竹書房:2 | ノース・スターズ・ピクチャーズ:1	竹書房	[1]
oribe-shimai-no-iroiro	織部姉妹のいろいろ	standard	LINE Digital Frontier:5 | LINE　Digital　Frontier:1	LINE Digital Frontier	[5]
orinraijingu	オリンライジング!	standard	KADOKAWA:2 | アスキー・メディアワークス:1	KADOKAWA	[1]
orochi	おろち	standard	秋田書店:1 | 小学館:1	秋田書店	[4]
oruchuban-ebichu	おるちゅばんエビちゅ	standard	主婦と生活社:2 | 双葉社:2	主婦と生活社	[13, 14]
osaka-mamegohan	大阪豆ゴハン	bunkobon	コミックス:3 | 講談社:3	コミックス	[4, 5, 6]
osanpo-daiou	おさんぽ大王	standard	エンターブレイン:4 | アスキー・メディアワークス:3	エンターブレイン	[1, 2, 3]
ossu-tonko-chan	オッス!トン子ちゃん	standard	ポプラ社:2 | 扶桑社:1	ポプラ社	[1]
othello-2010	OTHELLO	standard	桜桃書房:1 | 講談社:1	桜桃書房	[2]
otogi-bukkoroshiamu	おとぎぶっ殺シアム	standard	LINE Digital Frontier:4 | LINE　Digital　Frontier:1	LINE Digital Frontier	[1]
otoko-hanayakanare	男子華やかなれ	standard	ホーム社（千代田区）:1 | 集英社:1	ホーム社（千代田区）	[2]
otokonoko-wa-meidofuku-ga-osuki	オトコのコはメイド服がお好き!?	standard	KADOKAWA:1 | 角川書店:1	KADOKAWA	[2]
otome-wa-onee-sama-ni-koishiteru	乙女はお姉さまに恋してる	standard	角川書店:2 | KADOKAWA:1	角川書店	[3]
otona-ni-naru-jumon	大人になる呪文	standard	ワニブックス:2 | Fox出版:1 | 文苑堂:1	ワニブックス	[1, 2]
otona-no-shikumi	おとなのしくみ	standard	エンターブレイン:2 | アスキー・メディアワークス:1	エンターブレイン	[2]
otsubone-reijou-to-shuka-no-kisetsu	お局令嬢と朱夏の季節	standard	アース・スターエンターテイメント:4 | 株式会社アース・スター エンターテイメント:1	アース・スターエンターテイメント	[5]
otteke-3-haron	おってけ!3ハロン	standard	産經新聞出版:2 | 産業経済新聞社:1	産經新聞出版	[1]
ougon-taikouki	黄金太閤記	standard	リイド社:1 | 双葉社:1	リイド社	[2]
ouji-no-yuugana-seikatsu-kari	王子の優雅な生活（仮）	standard	朝日新聞出版:2 | 朝日新聞社:1	朝日新聞出版	[2]
oukuu-kishidan-to-kyuukoku-no-shoujo	王空騎士団と救国の少女	standard	アース・スターエンターテイメント:1 | 株式会社アース・スター エンターテイメント:1	アース・スターエンターテイメント	[3]
oyaji-kairou-e-youkoso	オヤジ回廊へようこそ	standard	ビブロス:1 | リブレ:1	ビブロス	[2]
oz-itsuki-2004	OZ	standard	白泉社:5 | KADOKAWA:1	白泉社	[6]
p-b-b	P.B.B.	standard	リブレ:3 | ビブロス:2 | リブレ出版:1	リブレ	[1, 2, 3]
pachipro-hyena	パチプロハイエナ	standard	スコラ:6 | 日本文芸社:4	スコラ	[7, 8, 9, 10]
pachisuro-hitoritabi	パチスロひとり旅	standard	白夜書房:5 | ガイドワークス:2	白夜書房	[14, 15]
pandora-yoshinaga-1995	パンドラ	standard	朝日ソノラマ:1 | 復刊ドットコム:1	朝日ソノラマ	[2]
panzer-princess	ぱんつぁープリンセス	standard	学研パブリッシング:2 | 学研:1	学研パブリッシング	[2]
papakon	ぱぱこん	standard	Fox出版:3 | 文苑堂:1	Fox出版	[1]
parts-no-pa	パーツのぱ	standard	アスキー・メディアワークス:8 | KADOKAWA:2	アスキー・メディアワークス	[9, 10]
peesuke	ペエスケ	standard	朝日新聞出版:7 | 講談社:1	朝日新聞出版	[1]
peppaaminto-monogatari	ペッパーミント物語	bunkobon	ふゅーじょんぷろだくと:1 | ふゅ〜じょんぷろだくと:1	ふゅーじょんぷろだくと	[2]
perfect-planet	パーフェクトプラネット	standard	ジュリアン:1 | Jパブリッシング:1	ジュリアン	[2]
perman-fujiko-1979	パーマン	standard	小学館:7 | 中央公論新社:3	小学館	[8, 10, 12]
perman	パーマン	standard	小学館:7 | 中央公論新社:4	小学館	[8, 10, 11, 12]
persona-4-ji-ultimate-in-mayonaka-aleana	ペルソナ4ジ・アルティメットインマヨナカアリーナ	standard	アスキー・メディアワークス:2 | KADOKAWA:1	アスキー・メディアワークス	[3]
petshop-of-horrors	Petshop of horrors	standard	宙出版:6 | 主婦と生活社:2	宙出版	[2, 3]
pied-piper	パイドパイパー	standard	幻冬舎:5 | 幻冬舎コミックス:1	幻冬舎	[5]
pippira-note	ぴっぴら帳	standard	双葉社:2 | コアミックス:1	双葉社	[3]
pita-ten	ぴたテン	standard	アスキー・メディアワークス:6 | KADOKAWA:2	アスキー・メディアワークス	[1, 2]
platinum-2007	プラチナ	standard	集英社:1 | 講談社:1	集英社	[2]
popokan	ポポ缶	standard	アスキー・メディアワークス:2 | KADOKAWA:1	アスキー・メディアワークス	[3]
pretty-maniizu	ぷりてぃまにぃず	standard	KADOKAWA:2 | アスキー・メディアワークス:1	KADOKAWA	[1]
prisma-illya-2wei	プリズマ・イリヤ2wei!	standard	KADOKAWA:3 | 角川書店:1	KADOKAWA	[1]
project-remover	プロジェクト・リムーバー	standard	アスキー・メディアワークス:1 | KADOKAWA:1	アスキー・メディアワークス	[2]
ps-surii-san	P.S.すりーさん	standard	マイクロマガジン社:3 | マイクロマガジンシャ:1	マイクロマガジン社	[1]
puchimasu	ぷちます!	standard	KADOKAWA:9 | アスキー・メディアワークス:5	KADOKAWA	[1, 2, 3, 4, 5]
pumpkin-night	パンプキンナイト	standard	LINE Digital Frontier:4 | 竹書房:2 | LINE　Digital　Frontier:1	LINE Digital Frontier	[1, 2, 4]
punch	Punch↑	standard	リブレ:4 | リブレ出版:3	リブレ	[1, 2, 3]
qt-t	qtμt	standard	LINE Digital Frontier:3 | スクウェア・エニックス:2	LINE Digital Frontier	[1, 2]
quick-start	くいっくすたーと	standard	ゲーム・フィールド:3 | ゲームフィールド:1	ゲーム・フィールド	[4]
quo-vadis	Quo Vadis	standard	幻冬舎コミックス:19 | 幻冬舎:1	幻冬舎コミックス	[5]
radiant	ラディアン	standard	Euromanga:11 | 飛鳥新社:7 | ユーロマンガ合同会社:1	Euromanga	[12, 13, 14, 15, 16, 17, 18, 19]
radical-blood-monster	ラジカル・ブラッド・モンスター	standard	リブレ:1 | リブレ出版:1	リブレ	[2]
raikonen-no-nettaigyo	ライコネンの熱帯魚	standard	秋田書店:1 | 徳間書店:1	秋田書店	[3]
rakkiidoggu-1-blast	ラッキードッグ1 BLAST	standard	KADOKAWA:5 | メディアファクトリー:2	KADOKAWA	[3, 4]
rakudai-ninja-rantarou	落第忍者乱太郎	standard	朝日新聞出版:62 | 立風書房:2	朝日新聞出版	[1, 2]
rapper-ni-kamaretara-rapper-ni-naru-manga	ラッパーに噛まれたらラッパーになる漫画	standard	LINE:2 | LINE Digital Frontier:1	LINE	[3]
rdg-red-data-girl	RDG レッド データ ガール	standard	KADOKAWA:3 | 角川書店:2	KADOKAWA	[1, 2]
reikan-doubutsu-tanteisha	霊感動物探偵社	standard	青泉社（千代田区）:14 | Bbmfマガジン:1	青泉社（千代田区）	[2]
reikan-koumuten-ripea	霊感工務店リペア	standard	集英社クリエイティブ:10 | 集英社:1	集英社クリエイティブ	[6]
reikan-shounen-no-file	霊感少年の事件簿	standard	Bbmfマガジン:1 | 青泉社（千代田区）:1	Bbmfマガジン	[2]
rejiden-505-tei-goomarugo	レジデン都市505	standard	角川書店:2 | KADOKAWA:1	角川書店	[3]
renaidisutooshon	恋愛ディストーション	standard	少年画報社:5 | 小学館:3	少年画報社	[6, 7, 8]
revenge	REVENGE	standard	小学館:1 | 小学館クリエイティブ:1	小学館	[2]
ri-ryou	李陵	standard	講談社:1 | 文藝春秋:1	講談社	[2]
ribenjirabu	リベンジ・ラブ	standard	LINE Digital Frontier:2 | LINE　Digital　Frontier:1	LINE Digital Frontier	[1]
ring-1996	リング	standard	講談社:1 | 角川書店:1	講談社	[3]
rinjou	臨場	standard	日本文芸社:1 | 双葉社:1	日本文芸社	[3]
robotics-notes-2012	Robotics;Notes	standard	集英社:3 | マッグガーデン:1	集英社	[6]
robotics-notes-phantom-snow	Robotics;Notes Phantom Snow	standard	KADOKAWA:1 | エンターブレイン:1	KADOKAWA	[2]
robotics-notes-pleiades-ambition	Robotics;Notes Pleiades Ambition	standard	KADOKAWA:2 | メディアファクトリー:1	KADOKAWA	[1]
rockman-8	ロックマン8	standard	講談社:2 | 復刊ドットコム:1	講談社	[3]
rockman-maniax	ロックマンマニアックス	standard	ウェッジホールディングス:1 | 復刊ドットコム:1	ウェッジホールディングス	[3]
rockman-megamix	ロックマンメガミックス	standard	講談社:2 | エンターブレイン:1	講談社	[3]
rockman-zx	ロックマンゼクス	standard	エンターブレイン:1 | KD（eb発行）:1	エンターブレイン	[2]
rockomanga	ROCKOMANGA!	standard	リットーミュージック:1 | シンコーミュージック・エンタテイメント:1	リットーミュージック	[2]
romeo	Romeo	standard	ジュネット:3 | マガジン・マガジン:1	ジュネット	[2]
roodosutou-senki-1998	ロードス島戦記	standard	角川書店:2 | KADOKAWA:1	角川書店	[3]
ruri-no-kaze-ni-hana-wa-nagareru	瑠璃の風に花は流れる	standard	角川書店:2 | KADOKAWA:1	角川書店	[3]
ruriko-joou-no-kareinaru-hibi	瑠璃子女王の華麗なる日々	standard	リイド社:1 | 集英社:1	リイド社	[2]
rush-1992	RUSH!	standard	白夜書房:1 | 小学館:1	白夜書房	[2]
rush	Rush	standard	祥伝社:4 | 双葉社:1	祥伝社	[1]
ruugaruu	ルー=ガルー	standard	講談社:2 | 徳間書店:1	講談社	[1]
ryoumin-0-nin-start-no-henkyou-ryoushusama	領民0人スタートの辺境領主様	standard	アース・スターエンターテイメント:13 | 株式会社アース・スター エンターテイメント:1	アース・スターエンターテイメント	[14]
ryouta	良太	standard	潮出版社:1 | 文藝春秋:1	潮出版社	[2]
ryuu-to-himitsu-no-kisu-o	龍と秘密の接吻を	standard	アイプロダクション:1 | 祥伝社:1	アイプロダクション	[2]
ryuusei-inisharaizu	流星イニシャライズ	standard	LINE:2 | LINE Digital Frontier:1	LINE	[3]
s-no-kagi-m-no-kagiana	Sの鍵Mの鍵穴	standard	秋水社:1 | 大都社:1	秋水社	[2]
s	S	standard	小学館:18 | 白夜書房:1	小学館	[1]
sabaku-ni-fuku-kaze	砂漠に吹く風	standard	白泉社:1 | エンターブレイン:1	白泉社	[2]
sachiko-to-kamineko-sama	サチコと神ねこ様	standard	祥伝社:6 | KADOKAWA:1	祥伝社	[1]
sai	菜	standard	講談社:9 | 玄光社:2	講談社	[4, 6]
saibaa-buruuushinawareta-kodomotachi	サイバーブルー失われた子供たち	standard	ノース・スターズ・ピクチャーズ:3 | 徳間書店:1	ノース・スターズ・ピクチャーズ	[1]
saiga-rokuji-no-shiro	雑賀六字の城	standard	リイド社:2 | PHP研究所:1	リイド社	[1]
saihate-no-diasuta	最果てのディアスタ	standard	角川書店:2 | KADOKAWA:1	角川書店	[3]
saikoubi	さいこうび	standard	LINE Digital Frontier:4 | LINE　Digital　Frontier:1	LINE Digital Frontier	[3]
saikyou-mahoushi-no-inton-keikaku	最強魔法師の隠遁計画	standard	スクウェア・エニックス:8 | ホビージャパン:2	スクウェア・エニックス	[1, 2]
saikyou-no-maou-ni-kitaerareta-yuusha-isekai-kikansha-tachi-no-gakuen-de-musou-suru	最凶の魔王に鍛えられた勇者、異世界帰還者たちの学園で無双する	standard	秋田書店:4 | ホビージャパン:1	秋田書店	[3]
saikyou-no-tenshi-nishite-saiai-no-akuma	最強の天使ニシテ最愛の悪魔	standard	朝日新聞出版:7 | 朝日ソノラマ:1 | 朝日新聞社:1	朝日新聞出版	[1, 3]
sainome-hanjouki-r	賽の目繁盛記R	standard	Fox出版:3 | 文苑堂:1	Fox出版	[4]
saiunkoku-monogatari	彩雲国物語	standard	角川書店:8 | KADOKAWA:1	角川書店	[1]
saiyuu-youenden	西遊妖猿伝	standard	潮出版社:7 | 双葉社:5	潮出版社	[2, 5, 7, 8, 9]
saiyuuki-1998	西遊記	standard	日本放送出版協会:2 | NHK出版:1	日本放送出版協会	[3]
saketa-pasupooto	裂けた旅券	bunkobon	リクル-ト:4 | メディアファクトリー:1	リクル-ト	[5]
sakeyo-hana-sake	咲けよ花咲け!	standard	ノース・スターズ・ピクチャーズ:1 | 竹書房:1	ノース・スターズ・ピクチャーズ	[2]
saku-wa-edo-nimo-sono-soshitsu	咲くは江戸にもその素質	standard	双葉社:2 | KADOKAWA:1	双葉社	[1]
sakurada-reset	サクラダリセット	standard	KADOKAWA:1 | 角川書店:1	KADOKAWA	[2]
sakurako-sumireko	さくら子すみれ子	standard	ホーム社（千代田区）:1 | 集英社:1	ホーム社（千代田区）	[2]
samurai-7	SAMURAI 7	standard	メディレクト:2 | 講談社:1	メディレクト	[3]
sangokuhime	三極姫	standard	フレックスコミックス:2 | ほるぷ出版:1	フレックスコミックス	[1]
sangokushi-1993	三国志	bunkobon	メディアファクトリー:8 | スコラ:6	メディアファクトリー	[1, 2, 3, 4, 5, 6]
sanren-aruchizan	三連アルチザン	standard	ブライト出版:1 | 発行：道玄坂書房　発売：サイゾー:1	ブライト出版	[2]
sasameki-koto	ささめきこと	standard	KADOKAWA:8 | メディアファクトリー:1	KADOKAWA	[1]
sasami-street	ささみストリート	standard	徳間書店:2 | チャンネルゼロ:1	徳間書店	[3]
satori-show	サトリ抄	standard	Gakken:2 | 光文社:1	Gakken	[3]
satsujin-purgatorium	殺人プルガトリウム	standard	ノース・スターズ・ピクチャーズ:2 | 竹書房:1	ノース・スターズ・ピクチャーズ	[3]
sayonara-itoshi-no-my-friend	さよなら、愛しのマイフレンド	standard	ホーム社（千代田区）:1 | 集英社:1	ホーム社（千代田区）	[2]
sayonara-sankaku-obiya-2017	サヨナラさんかく	standard	LINE:2 | LINE Digital Frontier:2	LINE	[3, 4]
sazae-san	サザエさん	standard	朝日新聞出版:27 | 姉妹社:7	朝日新聞出版	[55, 58, 60, 61, 64, 65, 66]
scatter	SCATTER	standard	KADOKAWA:6 | エンターブレイン:2	KADOKAWA	[2, 4]
sd-gundam-musha-maruden-3	SD頑駄無 武者○伝3	standard	講談社コミッククリエイト:2 | 講談社:1	講談社コミッククリエイト	[2]
season	SEASON	standard	小学館:2 | 実業之日本社:1	小学館	[1]
sebangou-0-yakyuu-shounenban-zenpen	背番号0 野球少年版 前編	standard	パンローリング:2 | マンガショップ:1	パンローリング	[1]
secret-flight	シークレットフライト	standard	リブレ:1 | リブレ出版:1	リブレ	[2]
seiden-rg-veeda	聖伝 RG VEDA	standard	新書館:5 | KADOKAWA:3	新書館	[1, 2, 5]
seifuku-nuidara	制服ぬいだら♪	standard	秋田書店:5 | 講談社:1	秋田書店	[6]
seifuku-play	制服プレイ	standard	秋水社:8 | 大都社:4	秋水社	[9, 10, 11, 12]
seifuku	せいふく!	standard	KADOKAWA:3 | エンターブレイン:1	KADOKAWA	[1]
seigitai	正義隊	standard	青林工芸舎:3 | 青林工藝舎:1	青林工芸舎	[4]
seikai-no-monshou	星界の紋章	standard	フレックスコミックス:7 | KADOKAWA:1	フレックスコミックス	[1]
seikimatsu-darling	世紀末・ダーリン	standard	ビブロス:4 | 秋田書店:3	ビブロス	[5, 6, 7]
seinaru-hanayome-no-hanran	聖なる花嫁の反乱	standard	講談社:5 | フレックスコミックス:5	講談社	[6, 7, 8, 9, 10]
seisen-tales	聖戦テイルズ	standard	メディアファクトリー:1 | KADOKAWA:1	メディアファクトリー	[2]
seishuku-ni-tensai-tadaima-benkyouchuu	静粛に、天才只今勉強中!	standard	潮出版社:4 | 復刊ドットコム:2	潮出版社	[7, 8]
sekai-no-owari-no-mahoutsukai	世界の終わりの魔法使い完全版	standard	駒草出版:5 | 河出書房新社:1	駒草出版	[1]
sekigan-no-ryuu	隻眼の竜	standard	リイド社:4 | 秋田書店:2	リイド社	[1, 3]
senbonzakura	千本桜	standard	KADOKAWA:1 | 角川アスキー総合研究所:1	KADOKAWA	[2]
sengoku-jieitai-2014	戦国自衛隊	standard	リイド社:2 | 秋田書店:1 | 世界文化社:1	リイド社	[1, 3]
sengoku-jieitai	戦国自衛隊	standard	リイド社:2 | 秋田書店:1 | 世界文化社:1	リイド社	[1, 3]
sengoku-komachi-kurou-tan	戦国小町苦労譚	standard	アース・スターエンターテイメント:18 | 株式会社アース・スター エンターテイメント:1	アース・スターエンターテイメント	[19]
senkou-ride	閃光ライド	standard	LINE Digital Frontier:5 | LINE　Digital　Frontier:2	LINE Digital Frontier	[6, 7]
senri-no-michi-mo	千里の道も	standard	集英社:32 | ホーム社（千代田区）:12	集英社	[34, 35, 36, 37, 38, 39, 40, 41, 42, 43, 44, 45]
sex-pistols	SEX PISTOLS	standard	リブレ:7 | ビブロス:4	リブレ	[1, 2, 3, 4]
shakugan-no-shana	灼眼のシャナ	standard	KADOKAWA:9 | アスキー・メディアワークス:1	KADOKAWA	[2]
shamo	軍鶏	standard	双葉社:19 | 講談社:15	双葉社	[20, 21, 22, 23, 24, 25, 26, 27, 28, 29, 30, 31, 32, 33, 34]
shantora	シャントラ	standard	KADOKAWA:2 | メディアファクトリー:1	KADOKAWA	[1]
sheerlore	シアロア	standard	LINE Digital Frontier:2 | 集英社:1	LINE Digital Frontier	[1]
sherlock-holmes-no-bouken	シャーロック・ホームズの冒険	standard	朝日ソノラマ:2 | 朝日新聞社:1	朝日ソノラマ	[3]
shibito-no-ken	しびとの剣	standard	ソニー・ミュージックソリューションズ:5 | スコラ:1	ソニー・ミュージックソリューションズ	[1]
shibusugi-gijutsu-ni-otokonaki	シブすぎ技術に男泣き!	standard	KADOKAWA:2 | 中経出版:1	KADOKAWA	[3]
shieadan	シェア男!!	standard	LINE Digital Frontier:3 | LINE:1	LINE Digital Frontier	[1]
shiitagerare-reijou-to-kegare-koushaku	虐げられ令嬢とケガレ公爵	standard	BookLive:11 | フレックスコミックス:1	BookLive	[1]
shijuushichi-taisen	四十七大戦	standard	アース・スターエンターテイメント:8 | 講談社:6	アース・スターエンターテイメント	[9, 10, 11, 12, 13, 14]
shikei-game	私刑ゲーム	standard	秋水社:1 | 大都社:1	秋水社	[2]
shikei-shikkounin-mine-1984	私刑執行人	standard	日本文芸社:2 | 秋田書店:1	日本文芸社	[3]
shikii-no-juunin	敷居の住人	standard	エンターブレイン:5 | アスキー・メディアワークス:2	エンターブレイン	[1, 2]
shikou-shounen	思考少年	standard	ソニー・ミュージックソリューションズ:2 | 太田出版:1	ソニー・ミュージックソリューションズ	[3]
shimaizaka	姉妹坂	bunkobon	講談社コミッククリエイト:6 | コミックス:2	講談社コミッククリエイト	[1, 2]
shimaman	しままん	standard	角川書店:1 | KADOKAWA:1	角川書店	[2]
shin-chuugakusei-nikki	新・中学生日記	standard	青林工藝舎:5 | 青林工芸舎:3	青林工藝舎	[1, 4, 6]
shin-gekai-toumori-akira-no-shoken	新外科医東盛玲の所見	standard	朝日新聞出版:6 | 朝日ソノラマ:3 | 朝日新聞社:1	朝日新聞出版	[1, 2, 3, 5]
shin-gekai-toumori-akira-no-shoken	新外科医東盛玲の所見	bunkobon	朝日新聞出版:3 | 朝日新聞社:2 | 朝日ソノラマ:1	朝日新聞出版	[1, 3, 4]
shin-juuishi-no-file	新獣医師の事件簿	standard	青泉社（千代田区）:2 | Bbmfマガジン:1	青泉社（千代田区）	[1]
shin-megami-tensei-ifu	真・女神転生if…	standard	アスキー・メディアワークス:5 | エンターブレイン:4	アスキー・メディアワークス	[6, 7, 8, 9]
shin-megami-tensei-kaan	真・女神転生〔カーン〕	standard	アスキー・メディアワークス:5 | エンターブレイン:4	アスキー・メディアワークス	[6, 7, 8, 9]
shin-mobile-senki-gundam-daburyuu	新機動戦記ガンダムW	deluxe	講談社:1 | Gakken:1	講談社	[5]
shin-mobile-senki-gundam-daburyuu	新機動戦記ガンダムW	standard	講談社:2 | Gakken:1	講談社	[3]
shin-mobile-senki-gundam-wing-1996-2	新機動戦記ガンダムW	deluxe	講談社:1 | Gakken:1	講談社	[6]
shin-mobile-senki-gundam-wing-1996-3	新機動戦記ガンダムW	standard	講談社:3 | Gakken:1	講談社	[4]
shin-mobile-senki-gundam-wing-1996	新機動戦記ガンダムW	standard	講談社:2 | Gakken:1	講談社	[2]
shin-naniwa-kinyuudou	新ナニワ金融道	standard	扶桑社:14 | 青泉社（千代田区）:6	扶桑社	[1, 2, 3, 4, 5, 6]
shin-obake-no-qtarou	新オバケのQ太郎	standard	小学館:4 | 中央公論新社:3	小学館	[5, 6, 7]
shin-petshop-of-horrors	新Petshop of Horrors	standard	朝日新聞出版:7 | 朝日ソノラマ:4 | 朝日新聞社:1	朝日新聞出版	[1, 2, 3, 4, 6]
shin-petshop-of-horrors	新Petshop of Horrors	bunkobon	朝日新聞出版:5 | 朝日新聞社:2 | 朝日ソノラマ:1	朝日新聞出版	[1, 3, 4]
shin-piihyoro-ikka	新・ぴーひょろ一家	standard	宙出版:4 | 主婦と生活社:1	宙出版	[1]
shingeki-no-bahamut-misutarushia-saga	神撃のバハムート ミスタルシアサーガ	standard	アース・スターエンターテイメント:3 | 講談社:3	アース・スターエンターテイメント	[4, 5, 6]
shinkuu-yuusetsu	真空融接	standard	ビブロス:1 | エンターブレイン:1	ビブロス	[3]
shinkyuu-chie-no-nekobitashi	新久千映のねこびたし	standard	ホーム社:3 | ホーム社（千代田区）:2	ホーム社	[1, 2]
shinmai-renkinjutsushi-no-tenpo-keiei	新米錬金術師の店舗経営	standard	キルタイムコミュニケーション:7 | KADOKAWA:1	キルタイムコミュニケーション	[7]
shinpan-himitsu-tantei-jieiei	秘密探偵JA	bunkobon	ぶんか社:7 | 秋田書店:5	ぶんか社	[11, 12, 13, 14, 15]
shinseiki-evangerion-gakuen-datenroku	新世紀エヴァンゲリオン 学園堕天録	standard	KADOKAWA:3 | 角川書店:1	KADOKAWA	[4]
shinseiki-evangerion-koutetsu-no-girlfriend-2nd	新世紀エヴァンゲリオン 鋼鉄のガールフレンド2nd	standard	KADOKAWA:5 | 角川書店:1	KADOKAWA	[1]
shinsengumi	新選組	standard	スコラ:3 | KADOKAWA:2	スコラ	[4, 5]
shinsetsu-sakamotsu-chan	新説!さかもっちゃん	standard	少年画報社:1 | 集英社:1	少年画報社	[2]
shinsetsu-za-world-izu-mine	真説ザ・ワールド・イズ・マイン	standard	エンターブレイン:4 | KADOKAWA:1	エンターブレイン	[5]
shinshi-kyoutei-o-musubou	紳士協定を結ぼう!	standard	KADOKAWA:2 | 角川書店:1	KADOKAWA	[2]
shinshuu-kouketsujou	神州纐纈城	standard	講談社:2 | 講談社コミッククリエイト:2	講談社	[2, 3]
shinyatai	深夜隊	standard	KADOKAWA:4 | アスキー・メディアワークス:1	KADOKAWA	[1]
shiori-to-shimiko	栞と紙魚子	standard	朝日新聞出版:3 | 朝日ソノラマ:1	朝日新聞出版	[1]
shiori-to-shimiko	栞と紙魚子	bunkobon	朝日ソノラマ:3 | 朝日新聞出版:1	朝日ソノラマ	[4]
shippo-no-oisha-san	しっぽのお医者さん	standard	日刊現代:3 | 朝日新聞出版:1	日刊現代	[1]
shiritsu-araisokoutougakkou-seitokai-shikkoubu	私立荒磯高等学校生徒会執行部	standard	一迅社:2 | 徳間書店:1	一迅社	[2]
shiritsu-sairyou-koukou-chounouryokubu	私立彩陵高校超能力部	standard	一迅社:4 | ぺんぎん書房:3	一迅社	[1, 2, 3]
shirobako	SHIROBAKO	standard	KADOKAWA:2 | ブシロードワークス:2	KADOKAWA	[3, 4]
shishi-no-musume	獅子の娘	standard	芳文社:5 | ぶんか社:1	芳文社	[2]
shitomeya-kagyou-asami	仕留屋稼業あさみ	standard	ぶんか社:5 | 楽楽出版:1	ぶんか社	[2]
shitsuji-no-kuni-no-kuroarisu	執事の国の黒アリス	standard	エンターブレイン:1 | KADOKAWA:1	エンターブレイン	[2]
shiyoko-to-isshokenmei	しよ子といっしょ	standard	KADOKAWA:1 | 角川書店:1	KADOKAWA	[2]
shizukanaru-don	静かなるドン	bunkobon	小学館:38 | 実業之日本社:16	小学館	[1, 2, 3, 4, 5, 6, 7, 8, 9, 10, 11, 12, 13, 14, 15, 16]
shoubu-ha-toki-no-un-daro	勝負は時の…運だろ?	standard	KADOKAWA:4 | 角川書店:1	KADOKAWA	[1]
shougakusei-dansui-no-torisetsu	小学生男子のトリセツ	standard	扶桑社:1 | マガジンハウス:1	扶桑社	[2]
shounan-graffiti	湘南グラフィティ	standard	少年画報社:1 | 大都社:1	少年画報社	[2]
shounen-jet	少年ジェット	standard	アース出版局:3 | 小学館クリエイティブ:1	アース出版局	[4]
shounen-maid	少年メイド	standard	KADOKAWA:9 | エンターブレイン:1	KADOKAWA	[6]
shounen-ninja-butai-gekkou	少年忍者部隊月光	standard	パンローリング:3 | 朝日ソノラマ:1	パンローリング	[1]
shounen-shinkaron	少年進化論	standard	集英社:6 | Gakken:1	集英社	[1]
shouwashi	昭和史	standard	講談社:6 | コミックス:2	講談社	[6, 8]
shukoku-no-jin	朱黒の仁	standard	朝日新聞出版:2 | 角川書店:1	朝日新聞出版	[1]
shuudoushi-falco	修道士ファルコ	standard	秋田書店:3 | 白泉社:2	秋田書店	[1, 2]
shuumatsu-no-valkyrie	終末のワルキューレ	standard	コアミックス:22 | ノース・スターズ・ピクチャーズ:5	コアミックス	[1, 2, 3, 4, 5]
silent-m-bius	サイレントメビウス	standard	角川書店:12 | KADOKAWA:3	角川書店	[13, 14, 15]
slayers	スレイヤーズ	standard	KADOKAWA:5 | 角川書店:1	KADOKAWA	[1]
sleeping-beauty	Sleeping beauty	standard	オークラ出版:2 | 小学館クリエイティブ:1	オークラ出版	[2]
snow	スノウ	standard	集英社:1 | 講談社:1	集英社	[2]
sodomu	そどむ	standard	宝島社:2 | 講談社:1	宝島社	[3]
sokkou-seitokai	速攻生徒会	standard	新声社:2 | 講談社:1	新声社	[3]
sokushi-cheat-ga-saikyou-sugite-isekai-no-yatsura-ga-marude-aite-ni-naranaindesuga-alpha-omega	即死チートが最強すぎて、異世界のやつらがまるで相手にならないんですが。-ΑΩ-	standard	アース・スターエンターテイメント:12 | 株式会社アース・スター エンターテイメント:1	アース・スターエンターテイメント	[13]
sono-egao-suki-ja-nai	その笑顔好きじゃない	standard	アイエムエー:7 | 宝島社:1	アイエムエー	[1]
sono-keisatsukan-tokidoki-yajuu	その警察官、ときどき野獣!	standard	一迅社:9 | オークラ出版:1	一迅社	[2]
sono-oshi-batsubatsu-ni-tsuki	その推し、××につき!	standard	CLAPコミックス:2 | 三交社（台東区）:1 | 三交社:1	CLAPコミックス	[1, 4]
sora-no-otoshimono	そらのおとしもの	standard	KADOKAWA:18 | 角川書店:2	KADOKAWA	[4, 10]
sora-yori-takaku	天より高く	standard	集英社:26 | 潮出版社:1	集英社	[1]
sore-ike-tenanmon	それ行け!天安悶	standard	産經新聞出版:1 | 産経新聞出版:1	産經新聞出版	[2]
sore-wa-kimi-ga-mita-ao-datta	それは、君が見た青だった	standard	LINE　Digital　Frontier:2 | LINE Digital Frontier:1	LINE　Digital　Frontier	[3]
soredewa-mina-san	それではみなさん。	standard	ビブロス:1 | リブレ:1	ビブロス	[2]
soubou-no-daichi-horobu	蒼茫の大地、滅ぶ	standard	秋田書店:2 | 世界文化社:1	秋田書店	[3]
sougihime	葬儀姫	standard	フレックスコミックス:2 | ハーパーコリンズ・ジャパン:1	フレックスコミックス	[3]
soukon-no-shoujo-to-sourei-no-tabi	送魂の少女と葬礼の旅	standard	コアミックス:4 | ノース・スターズ・ピクチャーズ:3	コアミックス	[1, 2, 3]
sousei-no-taiga	創世のタイガ	standard	講談社:11 | 白泉社:3	講談社	[12, 13, 14]
souten-no-ken-regenesis	蒼天の拳リジェネシス	standard	ノース・スターズ・ピクチャーズ:4 | コアミックス:2	ノース・スターズ・ピクチャーズ	[5, 6]
spectreman	スペクトルマン	standard	KADOKAWA:4 | 秋田書店:1	KADOKAWA	[5]
ssb	SSB	standard	フレックスコミックス:9 | ほるぷ出版:1	フレックスコミックス	[8]
sss	SSS!	standard	KADOKAWA:2 | メディアファクトリー:1	KADOKAWA	[1]
stand-up-yamakawa-2013	Stand Up!	standard	集英社:3 | Gakken:1	集英社	[2]
stand-up	STAND UP!	standard	小学館:2 | Gakken:1	小学館	[2]
star-wars-hanranshatachi	STAR WARS反乱者たち	standard	LINE Digital Frontier:2 | LINE　Digital　Frontier:1	LINE Digital Frontier	[2]
starting-gate	STARTING GATE!	standard	講談社:4 | 小学館:2	講談社	[5, 6]
staygold	STAYGOLD	standard	祥伝社:5 | 一迅社:1	祥伝社	[1]
step-mother	Stepマザー	standard	集英社:1 | スコラ:1	集英社	[2]
street-guerrilla	ストリートゲリラ	standard	ビブロス:3 | 地方・小出版流通センター:1	ビブロス	[1]
suikoden-2000	水滸伝	bunkobon	メディアファクトリー:5 | 中央公論新社:3	メディアファクトリー	[1, 2, 3]
suikoden-sentaro-1980	水滸伝	standard	講談社:1 | 世界文化社:1	講談社	[2]
suisei-no-gargantia	翠星のガルガンティア	standard	KADOKAWA:2 | 角川書店:1	KADOKAWA	[1]
sumaho-o-otoshita-dake-nanoni	スマホを落としただけなのに	standard	LINE Digital Frontier:5 | 宝島社:1 | LINE　Digital　Frontier:1	LINE Digital Frontier	[1, 5]
sumeba-miyako-no-cosmos-sou	住めば都のコスモス荘	standard	KADOKAWA:2 | アスキー・メディアワークス:1	KADOKAWA	[2]
summer-wars	サマーウォーズ	bunkobon	角川書店:1 | KADOKAWA:1	角川書店	[2]
sunabouzu	砂ぼうず	standard	KADOKAWA:14 | エンターブレイン:8	KADOKAWA	[7, 8, 9, 10, 11, 12, 13, 14]
supasu-pa	すぱすぱ	standard	角川書店:5 | 富士見書房:1	角川書店	[6]
super-giants	スーパージャイアンツ	standard	マンガショップ:2 | パンローリング:2	マンガショップ	[3, 4]
super-nova-wa-kisu-no-mae-ni	スーパーノヴァはキスの前に	standard	LINE　Digital　Frontier:2 | LINE Digital Frontier:1	LINE　Digital　Frontier	[3]
supootsuman-kintarou-daiisshou	スポーツマン金太郎 第1章	standard	パンローリング:2 | マンガショップ:1	パンローリング	[1]
suzumiya-haruhi-chan-no-yuuutsu	涼宮ハルヒちゃんの憂鬱	standard	KADOKAWA:8 | 角川書店:4	KADOKAWA	[1, 2, 3, 4]
suzumiya-haruhi-no-yuuutsu	涼宮ハルヒの憂鬱	standard	角川書店:11 | KADOKAWA:9	角川書店	[5, 13, 14, 15, 16, 17, 18, 19, 20]
sweet-wheels	SWEET WHEELS	standard	講談社:1 | ネコ・パブリッシング:1	講談社	[3]
tableau-gate	タブロウ・ゲート	standard	秋田書店:24 | 角川書店:2	秋田書店	[1, 2]
taboo-tattoo	タブー・タトゥー	standard	KADOKAWA:8 | メディアファクトリー:1	KADOKAWA	[5]
taekwondoer-park	テコンダー朴	standard	コアマガジン:7 | 青林堂:2	コアマガジン	[2, 3]
taimashin	退魔針	standard	スコラ:7 | ソニー・ミュージックソリューションズ:4	スコラ	[8, 9, 10, 11]
taira-hisashi-no-bakushou-world	平ひさしの爆笑ワールド	standard	壱番館書房:1 | 廣済堂出版:1	壱番館書房	[2]
taishou-romantica	大正ロマンチカ	standard	宙出版:21 | ネクストF:1	宙出版	[22]
taishuu-sakaba-wakao	大衆酒場ワカオ	standard	コアミックス:5 | ノース・スターズ・ピクチャーズ:2	コアミックス	[1, 2]
takako-san	タカコさん	standard	ノース・スターズ・ピクチャーズ:5 | コアミックス:1	ノース・スターズ・ピクチャーズ	[6]
takane-no-hanao-kun	高嶺の花男くん	standard	アイエムエー:4 | アイエムエー株式会社:1	アイエムエー	[5]
takasugi-san-chi-no-obentou	高杉さん家のおべんとう	standard	KADOKAWA:9 | メディアファクトリー:1	KADOKAWA	[3]
takeda-shingen	武田信玄	bunkobon	文藝春秋:3 | 講談社コミッククリエイト:1	文藝春秋	[5]
takopon	タコポン	standard	エンターブレイン:2 | 双葉社:1	エンターブレイン	[2]
tales-obu-xillia-2	テイルズオブエクシリア2	standard	アスキー・メディアワークス:1 | KADOKAWA:1	アスキー・メディアワークス	[2]
tales-of-destiny-director-cut-cut-toki-no-rion	テイルズオブデスティニーディレクターズカット 儚き刻のリオン	standard	KADOKAWA:2 | 角川書店:1	KADOKAWA	[5]
tales-of-destiny	テイルズオブデスティニー	standard	エンターブレイン:2 | アスキー・メディアワークス:1	エンターブレイン	[1]
tamago-no-hi	卵の日	standard	ビブロス:2 | リブレ:1	ビブロス	[3]
tamahime-uruteima	魂☆姫ULTIMA	standard	エンターブレイン:4 | KADOKAWA:1	エンターブレイン	[5]
tantei-opera-milky-holmes-2	探偵オペラミルキィホームズ2	standard	KADOKAWA:1 | 角川書店:1	KADOKAWA	[2]
teal-blue-no-hairo	#ティールブルーの羽色	standard	LINE Digital Frontier:2 | LINE　Digital　Frontier:1	LINE Digital Frontier	[1]
teens-blues	ティーンズブルース	standard	小学館:6 | 集英社:1	小学館	[1]
teizokureigari	低俗霊狩り	standard	白泉社:3 | ワニブックス:2	白泉社	[4, 5]
tekipaki-waakin-rabu	てきぱきワーキン・ラブ	standard	アスキー・メディアワークス:4 | エンターブレイン:2	アスキー・メディアワークス	[5, 6]
ten-carat-torute	天からトルテ!	standard	アスキー・メディアワークス:7 | エンターブレイン:5	アスキー・メディアワークス	[10, 11, 12, 13, 14]
ten-no-hate-made	天の涯まで	bunkobon	朝日新聞出版:2 | 中央公論新社:1	朝日新聞出版	[2]
tenka	てんか!	standard	KADOKAWA:1 | メディアファクトリー:1	KADOKAWA	[2]
tensei-reijou-vioretta-no-nougyou-kakumei	転生令嬢ヴィオレッタの農業革命	standard	アース・スターエンターテイメント:1 | 株式会社アース・スター エンターテイメント:1	アース・スターエンターテイメント	[2]
tensei-shita-dai-seijo-wa-seijo-de-aru-koto-o-hitakakusu-zero	転生した大聖女は、聖女であることをひた隠すZERO	standard	アース・スターエンターテイメント:3 | 株式会社アース・スター エンターテイメント:2	アース・スターエンターテイメント	[4, 5]
tensei-shita-daiseijo-wa-seijo-de-aru-koto-o-hitakakusu	転生した大聖女は、聖女であることをひた隠す	standard	アース・スターエンターテイメント:12 | 株式会社アース・スター エンターテイメント:2	アース・スターエンターテイメント	[13, 14]
tensei-shitara-dragon-no-tamago-datta	転生したらドラゴンの卵だった	standard	アース・スターエンターテイメント:8 | 株式会社アース・スター エンターテイメント:1	アース・スターエンターテイメント	[9]
tensei-shitara-saiai-no-kazoku-ni-mouichido-deaemashita	転生したら最愛の家族にもう一度出会えました	standard	アース・スターエンターテイメント:2 | 株式会社アース・スター エンターテイメント:1	アース・スターエンターテイメント	[3]
tensei-shite-hai-elf-ni-narimashita-ga-surooraifu-wa-120-nen-de-akimashita	転生してハイエルフになりましたが、スローライフは120年で飽きました	standard	アース・スターエンターテイメント:8 | 株式会社アース・スター エンターテイメント:1	アース・スターエンターテイメント	[9]
tensei-shite-kara-40-nen-sorosoro-san-mo-koi-ga-shitai	転生してから40年。そろそろ、おじさんも恋がしたい。	standard	アース・スターエンターテイメント:6 | 株式会社アース・スター エンターテイメント:1	アース・スターエンターテイメント	[8]
tenshi-no-drop	天使のどろっぷ	standard	フレックスコミックス:3 | ほるぷ出版:1	フレックスコミックス	[1]
tenshi-no-tamago	天使のたまご	standard	Gakken:2 | いそっぷ社:1	Gakken	[3]
tetsujin-28-gou	鉄人28号	bunkobon	潮出版社:6 | 光文社:1	潮出版社	[12]
tezuka-osamu-monogatari	手塚治虫物語	standard	朝日新聞出版:2 | 金の星社:1	朝日新聞出版	[3]
tezuka-osamu-space-adventure-short-stories	手塚治虫SPACE ADVENTURE SHORT STORIES	standard	講談社:1 | 講談社コミッククリエイト:1	講談社	[2]
the-bokusaa	ザ・ボクサー	standard	ぶんか社:2 | 集英社:1	ぶんか社	[3]
the-skull-man	スカルマン	standard	KADOKAWA:3 | 講談社:1 | 小学館クリエイティブ:1	KADOKAWA	[2, 3]
the-walking-dead	ウォーキング・デッド	standard	飛鳥新社:7 | ウィーヴ:3	飛鳥新社	[8, 9, 10]
tiger-ando-banii-chan	タイガー＆バニーちゃん	standard	角川書店:1 | KADOKAWA:1	角川書店	[2]
tiger-bunny	TIGER＆BUNNY	standard	KADOKAWA:7 | 角川書店:2	KADOKAWA	[2, 5]
to-heart-2-2005	To heart 2	standard	スクウェア・エニックス:3 | KADOKAWA:2	スクウェア・エニックス	[1, 3]
to-heart-2	To heart 2	standard	KADOKAWA:3 | スクウェア・エニックス:2	KADOKAWA	[4, 5]
toaru-hi-no-kuru	とある日のクル	standard	秋水社:2 | Gakken:1 | 大都社:1	秋水社	[1, 4]
toaru-kagaku-no-chou-denjihou-fiicharingu-toaru-majutsu-no-index	とある科学の超電磁砲featuringとある魔術の禁書目録	standard	アスキー・メディアワークス:1 | KADOKAWA:1	アスキー・メディアワークス	[2]
togainu-no-chi	咎狗の血	standard	KADOKAWA:9 | エンターブレイン（角川GP）:1	KADOKAWA	[7]
tokumei-kachou-tadano-hitoshi-otonaaji	特命課長只野仁	standard	ぶんか社:2 | 楽楽出版:1	ぶんか社	[1]
tokumei-kakarichou-tadano-hitoshi-final	特命係長只野仁ファイナル	standard	楽楽出版:3 | ぶんか社:1	楽楽出版	[1]
tokyo-akazukin	東京赤ずきん	standard	幻冬舎コミックス:2 | 幻冬舎:1	幻冬舎コミックス	[2]
tokyo-babylon	東京BABYLON	standard	KADOKAWA:1 | 新書館:1	KADOKAWA	[4]
tokyo-bakuhatsu-musume	東京爆発娘	standard	富士見書房:1 | KADOKAWA:1	富士見書房	[2]
tokyo-esp	東京ESP	standard	角川書店:8 | KADOKAWA:8	角川書店	[9, 10, 11, 12, 13, 14, 15, 16]
tokyo-monogatari	東京物語	standard	集英社:7 | ジャイブ:1	集英社	[6]
tomie	富江	standard	朝日ソノラマ:2 | 朝日新聞出版:1	朝日ソノラマ	[3]
tomorrow	TOMORROW	standard	集英社:1 | 講談社:1	集英社	[2]
tonarino-sefure-ha-dekiai-kei	となりのセフレは溺愛系!?	standard	秋水社:1 | 大都社:1	秋水社	[2]
tono-chan-no-shimashima-eburidi	TONOちゃんのしましまえぶりでぃ	standard	朝日新聞出版:3 | 朝日ソノラマ:1 | 朝日新聞社:1	朝日新聞出版	[1, 2]
toppu-10	トップ10	standard	ヴィレッジブックス:1 | ウィーヴ:1	ヴィレッジブックス	[2]
toppu-o-nerae	トップをねらえ!	standard	KADOKAWA:3 | 角川書店:2	KADOKAWA	[4, 5]
torakisu	トラキス	standard	KADOKAWA:3 | アスキー・メディアワークス:1	KADOKAWA	[2]
torimania	トリマニア	standard	スクウェア・エニックス:5 | 白泉社:1	スクウェア・エニックス	[6]
toshishita-kareshi-no-love-kanriheki	年下彼氏の恋愛管理癖	standard	竹書房:1 | リブレ:1	竹書房	[2]
totoaruhi-no-kuru	ととある日のクル	standard	秋水社:2 | Gakken:1 | 大都社:1	秋水社	[1, 4]
totsugami	外つ神	standard	幻冬舎コミックス:9 | 幻冬舎:1	幻冬舎コミックス	[4]
toukaidou-hisame	東海道HISAME	standard	ビブロス:1 | リブレ:1	ビブロス	[2]
toukei-ibun	東亰異聞	standard	幻冬舎:2 | 幻冬舎コミックス:2	幻冬舎	[3, 4]
toukyouto-kitaku-akabane	東京都北区赤羽	standard	青泉社（千代田区）:2 | 双葉社:2	青泉社（千代田区）	[3, 4]
toushinden	闘神伝	standard	角川書店:4 | ソニー・ミュージックソリューションズ:1	角川書店	[1]
towa-no-quon	トワノクオン	standard	KADOKAWA:1 | 角川書店:1	KADOKAWA	[2]
toy-s	Toy's	standard	ソニー・ミュージックソリューションズ:2 | 幻冬舎:1	ソニー・ミュージックソリューションズ	[3]
trace	トレース	standard	ノース・スターズ・ピクチャーズ:8 | コアミックス:5	ノース・スターズ・ピクチャーズ	[9, 10, 11, 12, 13]
transformers-more-than-meets-the-eye	トランスフォーマー:モア・ザン・ミーツ・ジ・アイ	standard	ウィーヴ:2 | ヴィレッジブックス:2	ウィーヴ	[3, 4]
trauma-kuontamu	トラウマ量子結晶	standard	角川書店:5 | KADOKAWA:2	角川書店	[6, 7]
tsuihousareta-dekiaisareru-tabi-2-skill-o-te-ni-ireta-ore-ga-100-no-isekai-de-nishuume-musou	追放されるたびにスキルを手に入れた俺が、100の異世界で2周目無双	standard	秋田書店:4 | ホビージャパン:1	秋田書店	[3]
tsuihousareta-sareta-koushaku-reijou-viruherumiina-ga-shiawase-ni-naru-made	追放された公爵令嬢、ヴィルヘルミーナが幸せになるまで。	standard	アース・スターエンターテイメント:1 | 株式会社アース・スター エンターテイメント:1	アース・スターエンターテイメント	[3]
tsuihousareta-sareta-seijo-desu-jitsu-wa-kunijuu-kara-aisare-sugitete-kowaindesukedo	追放された聖女ですが、実は国中から愛されすぎてて怖いんですけど!?	standard	アース・スターエンターテイメント:3 | 株式会社アース・スター エンターテイメント:1	アース・スターエンターテイメント	[4]
tsuki-no-shizumu-made	月の沈むまで	standard	KADOKAWA:1 | 角川書店:1	KADOKAWA	[2]
tsuki-no-yoru-hoshi-no-asa-35ans	月の夜星の朝35ans	standard	集英社クリエイティブ:4 | 創美社:2	集英社クリエイティブ	[2, 4]
tsuki-to-sensei-kunshu	月と専制君主	standard	スコラ:1 | ソニー・ミュージックソリューションズ:1	スコラ	[2]
tsukuoki-seikatsu	つくおき生活	standard	竹書房:3 | ノース・スターズ・ピクチャーズ:1	竹書房	[1]
tsuri-baka-tachi	釣りバカたち	bunkobon	双葉社:3 | 講談社:2	双葉社	[4, 5]
tsurugi-no-mai	つるぎのまい!	standard	メディエイション:2 | 飛鳥新社:1	メディエイション	[1]
tsuukaa	つうかあ	standard	集英社:1 | KADOKAWA:1	集英社	[2]
uchi-no-3-shimai	うちの3姉妹	standard	主婦の友社:9 | 竹書房:4	主婦の友社	[1, 2, 3, 4]
uchuu-eiyuu-monogatari	宇宙英雄物語	standard	KADOKAWA:5 | 集英社:3	KADOKAWA	[6, 7, 8]
uchuu-no-naka-ni-aru	宇宙の中にある	standard	野草社:2 | 新泉社:1	野草社	[3]
udon-land	うどんランド	standard	ビレッジプレス:4 | チャンネルゼロ:1	ビレッジプレス	[5]
ukiyo-hatsukoi-emaki	浮世初恋絵巻	standard	宙出版:1 | ネクストF:1	宙出版	[2]
ultra-panic	ウルトラ・パニック	standard	ソニー・ミュージックソリューションズ:2 | スコラ:1	ソニー・ミュージックソリューションズ	[1]
ultra-seven-1978	ウルトラセブン	standard	朝日ソノラマ:1 | マンガショップ:1	朝日ソノラマ	[3]
ultra-seven-productions-1998	ウルトラセブン	standard	コミックス:1 | 講談社コミッククリエイト:1	コミックス	[3]
ultraman-choutoushi-gekiden	ウルトラマン超闘士激伝	standard	講談社:4 | 秋田書店:2	講談社	[7, 8]
umareta-chokugo-ni-suterareta-zense-ga-dai-kenja-datta-node-yoyuu-de-ikitemasu	生まれた直後に捨てられたけど、前世が大賢者だったので余裕で生きてます	standard	アース・スターエンターテイメント:10 | 株式会社アース・スター エンターテイメント:2	アース・スターエンターテイメント	[13, 14]
umehara	ウメハラ	standard	KADOKAWA:7 | PHP研究所:1	KADOKAWA	[1]
umineko-no-naku-koro-ni-murasaki	うみねこのなく頃に紫	standard	KADOKAWA:1 | 角川書店:1	KADOKAWA	[2]
upotte	うぽって!!	standard	KADOKAWA:10 | 角川書店:5	KADOKAWA	[1, 2, 3, 4, 5]
uryuudou-yumebanashi	雨柳堂夢咄	standard	朝日ソノラマ:11 | 朝日新聞出版:6 | 朝日新聞社:1	朝日ソノラマ	[12, 13, 14, 15, 16, 17, 18]
uryuudou-yumebanashi	雨柳堂夢咄	bunkobon	朝日ソノラマ:6 | 朝日新聞出版:5 | 朝日新聞社:2	朝日ソノラマ	[7, 8, 9, 10, 11, 12, 13]
usagi-no-kami-sama-to-boku	うさぎの神様とボク。	standard	リブレ出版:1 | リブレ:1	リブレ出版	[2]
usagi-no-tsuno	兎の角	standard	エンターブレイン:2 | KADOKAWA:1	エンターブレイン	[1]
usagiotoko-toraotoko	兎オトコ虎オトコ	standard	白泉社:3 | 心交社:2	白泉社	[1, 2]
usotsuki-na-tetora	うそつきなテトラ	standard	LINE Digital Frontier:3 | LINE　Digital　Frontier:1	LINE Digital Frontier	[1]
utahen	うた変。	standard	メディアファクトリー:1 | KADOKAWA:1	メディアファクトリー	[2]
vaelber-saga	ヴェルバーサーガ	standard	富士見書房:2 | 角川書店:1	富士見書房	[3]
velvet-rose	ベルベット・ローズ	standard	宙出版:1 | 講談社:1	宙出版	[2]
versailles-no-bara	ベルサイユのばら	standard	集英社:5 | 中央公論新社:2	集英社	[11, 12]
violence-jack	バイオレンス・ジャック	standard	日本文芸社:26 | 講談社:2	日本文芸社	[3, 4]
violinist-of-hameln-shchelkunchik	続ハーメルンのバイオリン弾き	standard	スタジオロードライト:12 | 林檎プロモーション:10	スタジオロードライト	[12, 14, 15, 16, 17, 18, 19, 20, 21, 22]
w3	W3	standard	秋田書店:1 | 講談社:1	秋田書店	[3]
wagamama-diy	わがままDIY	standard	インプレス:2 | インプレスジャパン:1	インプレス	[1]
wakakozake	ワカコ酒	standard	ノース・スターズ・ピクチャーズ:14 | コアミックス:12	ノース・スターズ・ピクチャーズ	[15, 16, 17, 18, 19, 20, 21, 22, 23, 24, 25, 26]
wakatono-wa-tsuraiyo	若殿はつらいよ!	standard	楽楽出版:3 | ぶんか社:1	楽楽出版	[1]
wakuraban	わくらばん	standard	KADOKAWA:3 | アスキー・メディアワークス:1	KADOKAWA	[1]
wakuwaku-rokko-mooshon	わくわくろっこモーション	standard	KADOKAWA:2 | アスキー・メディアワークス:1	KADOKAWA	[1]
wanko-ni-kuchizuke	犬神姫にくちづけ	standard	KADOKAWA:5 | エンターブレイン:1	KADOKAWA	[2]
warau-kyuuketsuki	笑う吸血鬼	standard	秋田書店:1 | KADOKAWA:1	秋田書店	[2]
watari-kun-no-batsubatsu-ga-houkai-sunzen	渡くんの××が崩壊寸前	standard	講談社:15 | KADOKAWA:1	講談社	[1]
watashi-dake-ga-shitte-iru	わたしだけが知っている	standard	講談社:1 | 大誠社:1	講談社	[3]
watashi-no-gohan-ga-mazui-nowa-omae-ga-tonari-ni-iru-kara-da	私のご飯がまずいのはお前が隣にいるからだ	standard	KADOKAWA:1 | メディアファクトリー:1	KADOKAWA	[2]
watashi-no-heya-no-neko-houdai	私の部屋の猫放題	standard	大都社:2 | Gakken:1	大都社	[1]
watashi-no-shounen	私の少年	standard	講談社:5 | 双葉社:4	講談社	[1, 2, 3, 4]
watashi-no-uchi-niwa-nannimo-nai	わたしのウチには、なんにもない。	standard	エンターブレイン:2 | KADOKAWA:2	エンターブレイン	[3, 4]
wataya-san-no-tomodachi	綿谷さんの友だち	standard	コアミックス:2 | ノース・スターズ・ピクチャーズ:1	コアミックス	[1]
water-cube	water cube	standard	アース・スター エンターテイメント:1 | アース・スターエンターテイメント:1	アース・スター エンターテイメント	[2]
wet-moon	Wet Moon	standard	KADOKAWA:2 | エンターブレイン:1	KADOKAWA	[1]
wild-revolution	WILD革命	standard	集英社:2 | 集英社クリエイティブ:1	集英社	[1]
wings	WINGS	standard	文藝春秋:4 | 双葉社:2	文藝春秋	[1, 2]
world-gaze-clips	ワールドゲイズクリップス	standard	角川書店:2 | KADOKAWA:2	角川書店	[3, 4]
x-men-1994-3	X-MEN	standard	竹書房:10 | 小学館集英社プロダクション:1	竹書房	[2]
x-men-1994-5	X-MEN	standard	竹書房:9 | 小学館集英社プロダクション:2	竹書房	[2, 3]
x-men-1994	X-MEN	standard	竹書房:8 | 小学館集英社プロダクション:2	竹書房	[2, 3]
yae-no-sakura	八重の桜	standard	小学館:2 | 集英社:1	小学館	[1]
yagi-san-yuubin	やぎさん郵便	standard	シリカ編集部:2 | リブレ:1	シリカ編集部	[3]
yajikita-in-deep	弥次喜多 in DEEP	standard	アスキー・メディアワークス:4 | エンターブレイン:3	アスキー・メディアワークス	[6, 7, 8]
yama-no-susume	ヤマノススメ	standard	アース・スターエンターテイメント:26 | アース・スター エンターテイメント:1	アース・スターエンターテイメント	[27]
yamada-tarou-monogatari	山田太郎ものがたり	standard	KADOKAWA:9 | 角川書店:6	KADOKAWA	[1, 2, 3, 4, 5, 6]
yamato-takeru	ヤマトタケル	standard	KADOKAWA:5 | 角川書店:1	KADOKAWA	[1]
yamato-wa-koi-no-mahoroba	やまとは恋のまほろば	standard	文藝春秋:5 | LINE Digital Frontier:2 | LINE　Digital　Frontier:1	文藝春秋	[1, 2, 3]
yaminodoki	闇の土鬼	standard	リイド社:2 | 講談社:1	リイド社	[1]
yankee	ヤンキー	standard	KADOKAWA:5 | 角川書店:2	KADOKAWA	[1, 2]
yasei-densetsu	野性伝説	bunkobon	コミックス:3 | 講談社コミッククリエイト:3	コミックス	[5, 6, 7]
yasei-no-rasubosu-ga-arawareta	野生のラスボスが現れた!	standard	アース・スターエンターテイメント:10 | アース・スター エンターテイメント:1	アース・スターエンターテイメント	[11]
yasha-kisouden	夜叉鬼想伝	standard	KADOKAWA:3 | 地方・小出版流通センター:2 | ビブロス:1	KADOKAWA	[1, 2, 3]
yato-no-kamitsukai	夜刀の神つかい	standard	ソニー・ミュージックソリューションズ:4 | 幻冬舎:1	ソニー・ミュージックソリューションズ	[5]
yatterman	ヤッターマン	standard	講談社:1 | 小学館:1	講談社	[2]
yebisu-celebrities	Yebisuセレブリティーズ	standard	リブレ:3 | ビブロス:2	リブレ	[1, 2]
yokoshimana-guardian	よこしまな守護霊	standard	リイド社:3 | 大陸書房:1	リイド社	[1]
yomawari-neko	夜廻り猫	standard	講談社:9 | KADOKAWA:1	講談社	[1]
yorinuki-sazae-san	よりぬきサザエさん	standard	姉妹社:1 | 朝日新聞出版:1	姉妹社	[13]
you	妖	standard	ビブロス:2 | 秋田書店:1	ビブロス	[1]
ys	イース	standard	角川書店:4 | アスキー・メディアワークス:3	角川書店	[5, 6, 7]
yume-furu-rabbit-town	夢降るラビット・タウン	standard	Z会ソリューションズ:9 | 増進会出版社:1	Z会ソリューションズ	[4]
yume-hotel	夢ホテル	standard	スコラ:8 | あおば出版:1	スコラ	[8]
yume-no-ondo	夢の温度	standard	祥伝社:3 | 宝島社:1	祥伝社	[1]
yuri-to-koe-to-kazematoi	百合と声と風纏い	standard	道玄坂書房:2 | れんが書房新社:1	道玄坂書房	[3]
yutonoto	ゆとのと	standard	LINE Digital Frontier:3 | LINE:1	LINE Digital Frontier	[1]
yuugen-mantama-nikki	幽玄漫玉日記	standard	エンターブレイン:4 | アスキー・メディアワークス:2	エンターブレイン	[1, 2]
yuukyuu-no-gusha-asley-no-kenja-no-susume-to-pochi-no-daibouken	悠久の愚者アズリーの、賢者のすゝめと、ポチの大冒険	standard	アース・スターエンターテイメント:12 | 株式会社アース・スター エンターテイメント:1	アース・スターエンターテイメント	[13]
yuusha-no-haha-desu-maougun-no-kanbu-ni-narimashita	勇者の母ですが、魔王軍の幹部になりました。	standard	徳間書店:4 | Amazia:3	徳間書店	[1, 2, 3]
yuuwaku-private-doll	誘惑プライベート・ドール	standard	秋水社:7 | 大都社:1	秋水社	[2]
yuuyuu-no-tsuihousareta-mahoutsukai-to-osananajimi-na-mori-no-megami-sama	悠優の追放魔法使いと幼なじみな森の女神様。	standard	秋田書店:4 | ホビージャパン:1	秋田書店	[3]
z	Z	standard	秋田書店:1 | 白泉社:1	秋田書店	[2]
zegen	女衒	standard	芳文社:4 | リイド社:1	芳文社	[1]
zeitaku-zanmai-shitai-no-desu	贅沢三昧したいのです!	standard	アース・スターエンターテイメント:6 | 株式会社アース・スター エンターテイメント:2	アース・スターエンターテイメント	[7, 8]
zenryoku-usagi	全力ウサギ	standard	KADOKAWA:3 | メディアファクトリー:1	KADOKAWA	[4]
zero-no-chukaima	ゼロのちゅかいま	standard	KADOKAWA:2 | メディアファクトリー:1	KADOKAWA	[3]
zero-yamazaki-2009	ZERO	standard	白泉社:10 | スコラ:1	白泉社	[1]
zerozero-nine-one	009ノ1	standard	秋田書店:2 | KADOKAWA:1	秋田書店	[3]
zetsurin-bengoshi-no-yoru-no-kao	絶倫弁護士の夜の顔	standard	大都社:3 | 秋水社:2	大都社	[1, 2]
zettai-bl-ni-naru-sekai-vs-zettai-bl-ni-naritakunai-otoko	絶対BLになる世界vs絶対BLになりたくない男	standard	祥伝社:3 | 新潮社:1	祥伝社	[4]
zoe	ゾーイ	standard	朝日新聞出版:3 | 朝日新聞社:1	朝日新聞出版	[1]
zonbii-hunter	死霊狩り	standard	アスキー・メディアワークス:2 | エンターブレイン:2	アスキー・メディアワークス	[3, 4]
zone-00	ZONE-00	standard	KADOKAWA:18 | ビブロス:2	KADOKAWA	[1, 2]
zoumotsujima	臓物島	standard	LINE Digital Frontier:3 | LINE　Digital　Frontier:1	LINE Digital Frontier	[4]
