slug	title	edition	vol	isbn	rakuten_title	rakuten_core
19-nineteen	19 <Nineteen>	standard	1	9784088617015	ナインティーン（1）	ナインティン
19-nineteen	19 <Nineteen>	standard	2	9784088617022	ナインティーン（2）	ナインティン
19-nineteen	19 <Nineteen>	standard	3	9784088617039	ナインティーン（3）	ナインティン
19-nineteen	19 <Nineteen>	standard	4	9784088617046	ナインティーン（4）	ナインティン
19-nineteen	19 <Nineteen>	standard	5	9784088617053	ナインティーン（5）	ナインティン
19-nineteen	19 <Nineteen>	standard	6	9784088617060	ナインティーン（6）	ナインティン
19-nineteen	19 <Nineteen>	standard	7	9784088617077	ナインティーン（7）	ナインティン
19-nineteen	19 <Nineteen>	standard	8	9784088617084	ナインティーン（8）	ナインティン
19-nineteen	19 <Nineteen>	standard	9	9784088617091	ナインティーン（9）	ナインティン
19-nineteen	19 <Nineteen>	standard	10	9784088617107	ナインティーン（10）	ナインティン
19-nineteen	19 <Nineteen>	standard	11	9784088617114	ナインティーン（11）	ナインティン
19-nineteen	19 <Nineteen>	standard	12	9784088617121	ナインティーン（12）	ナインティン
900	900。	standard	1	9784091580016	ナインハンドレッド（1）	ナインハンドレッド
900	900。	standard	2	9784091580023	ナインハンドレッド（2）	ナインハンドレッド
900	900。	standard	3	9784091580030	ナインハンドレッド（3）	ナインハンドレッド
abaddon	アバドン	standard	1	9784063619171	Abaddon（1）	abaddon
abaddon	アバドン	standard	2	9784063821406	Abaddon〈アバドン〉（2）	abaddon
ad-boy	ADボーイ	standard	1	9784537125153	AD　BOY（1）	adboy
adventure-time	アドベンチャー・タイム	standard	1	9784041027684	ADVENTURE　TIME	adventuretime
agapes-1999	Agapes	standard	6	9784091522566	アガペイズ（6）	アガペイズ
agapes-1999	Agapes	standard	7	9784091522573	アガペイズ（7）	アガペイズ
agapes-1999	Agapes	standard	8	9784091522580	アガペイズ（8）	アガペイズ
agapes-1999	Agapes	standard	9	9784091522597	アガペイズ（9）	アガペイズ
agharta	AGHARTA	standard	4	9784088758879	アガルタ（4）	アガルタ
agharta	AGHARTA	standard	5	9784088760988	アガルタ（5）	アガルタ
agharta	AGHARTA	standard	6	9784088761985	アガルタ（6）	アガルタ
agharta	AGHARTA	standard	7	9784088765747	アガルタ（7）	アガルタ
agharta	AGHARTA	standard	8	9784088768632	アガルタ（8）	アガルタ
agharta	AGHARTA	standard	9	9784088772271	アガルタ（9）	アガルタ
akuma-no-mama	Akuma no mama	standard	1	9784757561731	あくまのまま（1）	アクマノママ
akuma-no-mama	Akuma no mama	standard	2	9784757570139	あくまのまま（2）	アクマノママ
aldnoah-zero	アルドノア・ゼロ	standard	1	9784832244696	ALDNOAH．ZERO（1）	aldnoah.zero
aldnoah-zero	アルドノア・ゼロ	standard	2	9784832244955	ALDNOAH．ZERO（2）	aldnoah.zero
aldnoah-zero	アルドノア・ゼロ	standard	3	9784832245259	ALDNOAH．ZERO（3）	aldnoah.zero
aldnoah-zero	アルドノア・ゼロ	standard	4	9784832245907	ALDNOAH．ZERO（4）	aldnoah.zero
all-night-long	ALL NIGHT LONG	standard	1	9784803319071	オールナイトロング	オルナイトロング
alpha-1993	ALPHA	standard	1	9784048523851	アルファ	アルファ
anima-1987	Anima	standard	1	9784403611452	アニマ（1）	アニマ
anima-1987	Anima	standard	2	9784403611599	アニマ（2）	アニマ
arc-the-lad-ii	Arc The Lad Ⅱ	standard	1	9784870252363	アークザラッド2（1）	アクザラッド2
arc-the-lad-ii	Arc The Lad Ⅱ	standard	2	9784870252738	アークザラッド2	アクザラッド2
arc-the-lad-ii	Arc The Lad Ⅱ	standard	3	9784870253407	アークザラッド2（3）	アクザラッド2
arc-the-lad-ii	Arc The Lad Ⅱ	standard	4	9784870254244	アークザラッド2（4）	アクザラッド2
arc-the-lad-ii	Arc The Lad Ⅱ	standard	5	9784870254817	アークザラッド2（5）	アクザラッド2
arc-the-lad-ii	Arc The Lad Ⅱ	standard	6	9784757500686	アークザラッド2（6）	アクザラッド2
arc-the-lad-ii	Arc The Lad Ⅱ	standard	7	9784757501522	アークザラッド2（7）	アクザラッド2
arc-the-lad-ii	Arc The Lad Ⅱ	standard	8	9784757501935	アークザラッド2（8）	アクザラッド2
arc-the-lad-ii	Arc The Lad Ⅱ	standard	9	9784757504028	アークザラッド2（9）	アクザラッド2
arc-the-lad-ii	Arc The Lad Ⅱ	standard	10	9784757505346	ア-クザラッド2（10）	アクザラッド2
arc-the-lad	Arc the lad	deluxe	1	9784796244145	アーク・ザ・ラッド（1）	アクザラッド
arcana	ARCANA	standard	1	9784087826685	アルカナ（file　上）	アルカナ
arcana	ARCANA	standard	2	9784087826692	アルカナ（file　下）	アルカナ
artifact-red	ARTIFACT;RED	standard	1	9784757505735	アーティファクトレッド（1）	アティファクトレッド
artifact-red	ARTIFACT;RED	standard	2	9784757506527	アーティファクトレッド（2）	アティファクトレッド
artifact-red	ARTIFACT;RED	standard	3	9784757507548	アーティファクトレッド（3）	アティファクトレッド
arty-square	アーティ・スクエア	standard	1	9784882715719	ARTY　SQUARE	artysquare
assembler-0x	Assembler 0X	bunkobon	1	9784062606189	アセンブラ0X（1）	アセンブラ0x
assembler-0x	Assembler 0X	bunkobon	2	9784062606196	アセンブラ0X（2）	アセンブラ0x
ayakashi	アヤカシ	standard	1	9784063493399	AYAKASHI（1）	ayakashi
ayakashi	アヤカシ	standard	2	9784063493696	AYAKASHI（2）	ayakashi
ayus	AYUS	standard	1	9784047131347	アーユス（1）	アユス
ayus	AYUS	standard	2	9784047131675	アーユス（2）	アユス
baby	ベイビィ	standard	1	9784253145541	Baby（1）	baby
baby	ベイビィ	standard	2	9784253145558	Baby（2）	baby
baccano	バッカーノ!	standard	3	9784757552685	BACCANO！（3）	baccano
back-street-girls	バックストリートガールズ	standard	1	9784063826494	Back Street Girls（1）	backstreetgirls
back-street-girls	バックストリートガールズ	standard	2	9784063827118	Back Street Girls（2）	backstreetgirls
back-street-girls	バックストリートガールズ	standard	3	9784063827422	Back　Street　Girls（3）	backstreetgirls
back-street-girls	バックストリートガールズ	standard	4	9784063828085	Back　Street　Girls（4）	backstreetgirls
back-street-girls	バックストリートガールズ	standard	5	9784063828597	Back　Street　Girls（5）	backstreetgirls
back-street-girls	バックストリートガールズ	standard	6	9784063829037	Back　Street　Girls（6）	backstreetgirls
back-street-girls	バックストリートガールズ	standard	7	9784063829631	Back　Street　Girls（7）	backstreetgirls
back-street-girls	バックストリートガールズ	standard	8	9784065101513	Back　Street　Girls（8）	backstreetgirls
back-street-girls	バックストリートガールズ	standard	9	9784065105412	Back　Street　Girls（9）	backstreetgirls
back-street-girls	バックストリートガールズ	standard	10	9784065110782	Back　Street　Girls（10）	backstreetgirls
back-street-girls	バックストリートガールズ	standard	11	9784065117613	Back　Street　Girls（11）	backstreetgirls
back-street-girls	バックストリートガールズ	standard	12	9784065141595	Back　Street　Girls（12）	backstreetgirls
bakuneyoung	BAKUNEYOUNG	standard	1	9784091518316	バクネヤング（1）	バクネヤング
bakuneyoung	BAKUNEYOUNG	standard	2	9784091518323	バクネヤング（2）	バクネヤング
bamboo-blade-b	バンブーブレードビー	standard	1	9784757525962	BAMBOO　BLADE　B（1）	bamboobladeb
bamboo-blade-b	バンブーブレードビー	standard	2	9784757527294	BAMBOO　BLADE　B（2）	bamboobladeb
bamboo-blade-b	バンブーブレードビー	standard	3	9784757528819	BAMBOO　BLADE　B（3）	bamboobladeb
bamboo-blade-b	バンブーブレードビー	standard	4	9784757530737	BAMBOO BLADE B（4）	bamboobladeb
bamboo-blade-b	バンブーブレードビー	standard	5	9784757531949	BAMBOO BLADE B（5）	bamboobladeb
bamboo-blade-b	バンブーブレードビー	standard	6	9784757533622	BAMBOO　BLADE　B（6）	bamboobladeb
bamboo-blade-b	バンブーブレードビー	standard	7	9784757534759	BAMBOO BLADE B（7）	bamboobladeb
bamboo-blade-b	バンブーブレードビー	standard	8	9784757535794	BAMBOO BLADE B（8）	bamboobladeb
bamboo-blade-b	バンブーブレードビー	standard	9	9784757537132	BAMBOO BLADE B（9）	bamboobladeb
bamboo-blade-b	バンブーブレードビー	standard	10	9784757538139	BAMBOO BLADE B（10）	bamboobladeb
bamboo-blade-b	バンブーブレードビー	standard	11	9784757539600	BAMBOO　BLADE　B（11）	bamboobladeb
bamboo-blade-b	バンブーブレードビー	standard	12	9784757541689	BAMBOO　BLADE　B（12）	bamboobladeb
bamboo-house	BAMBOO HOUSE	standard	1	9784885704444	バンブ-ハウス	バンブハウス
bartender	Bartender	deluxe	20	9784088598949	バーテンダー（20）	バテンダ
basutaado	バスタード	standard	1	9784087030013	BASTARD！！	bastard
beast-of-blood	ビーストオブブラッド	standard	1	9784796413657	BEAST　OF　BLOOD	beastofblood
beast-of-blood	ビーストオブブラッド	standard	2	9784796414999	BEAST　OF　BLOOD（2）	beastofblood
beautiful-place	ビューティフルプレイス	standard	1	9784864688659	beautiful place（1）	beautifulplace
beautiful-place	ビューティフルプレイス	standard	2	9784864682473	beautiful place（2）	beautifulplace
beautiful-place	ビューティフルプレイス	standard	3	9784868050544	beautiful place（3）	beautifulplace
biomega	バイオメガ	standard	2	9784088772110	BIOMEGA（2）	biomega
biomega	バイオメガ	standard	3	9784088773179	BIOMEGA（3）	biomega
biomega	バイオメガ	standard	4	9784088774053	BIOMEGA（4）	biomega
biomega	バイオメガ	standard	5	9784088775173	BIOMEGA（5）	biomega
biomega	バイオメガ	standard	6	9784088776224	BIOMEGA（6）	biomega
black-jack	ブラック・ジャック	bunkobon	1	9784253169813	BLACK　JACK（1）	blackjack
black-jack	ブラック・ジャック	bunkobon	2	9784253169820	BLACK　JACK（2）	blackjack
black-jack	ブラック・ジャック	bunkobon	3	9784253169837	BLACK　JACK（3）	blackjack
black-jack	ブラック・ジャック	bunkobon	4	9784253169844	BLACK　JACK（4）	blackjack
black-jack	ブラック・ジャック	bunkobon	5	9784253169851	BLACK　JACK（5）	blackjack
black-jack	ブラック・ジャック	bunkobon	6	9784253169868	BLACK　JACK（6）	blackjack
black-jack	ブラック・ジャック	bunkobon	7	9784253169875	BLACK　JACK（7）	blackjack
black-jack	ブラック・ジャック	bunkobon	8	9784253169882	BLACK　JACK（8）	blackjack
black-jack	ブラック・ジャック	bunkobon	9	9784253169899	BLACK　JACK（9）	blackjack
black-jack	ブラック・ジャック	bunkobon	10	9784253169905	BLACK　JACK（10）	blackjack
black-jack	ブラック・ジャック	bunkobon	11	9784253169912	BLACK　JACK（11）	blackjack
black-jack	ブラック・ジャック	bunkobon	12	9784253169929	BLACK　JACK（12）	blackjack
black-jack	ブラック・ジャック	bunkobon	13	9784253169936	BLACK　JACK（13）	blackjack
black-jack	ブラック・ジャック	bunkobon	14	9784253169943	BLACK　JACK（14）	blackjack
black-jack	ブラック・ジャック	bunkobon	15	9784253170734	BLACK　JACK（15）	blackjack
black-jack	ブラック・ジャック	bunkobon	16	9784253170741	BLACK　JACK（16）	blackjack
black-jack	ブラック・ジャック	bunkobon	17	9784253171175	BLACK　JACK（17）	blackjack
black-knight-bat	BLACK KNIGHTバット	deluxe	1	9784088581279	ブラックナイトバット	ブラックナイトバット
black-lagoon	BLACK LAGOON	standard	1	9784091572011	ブラック・ラグーン（1)	ブラックラグン
black-lagoon	BLACK LAGOON	standard	2	9784091572028	ブラック・ラグーン（2)	ブラックラグン
black-lagoon	BLACK LAGOON	standard	3	9784091572035	ブラック・ラグーン（3)	ブラックラグン
black-lagoon	BLACK LAGOON	standard	4	9784091572042	ブラック・ラグーン（4)	ブラックラグン
black-lagoon	BLACK LAGOON	standard	5	9784091570208	ブラック・ラグーン（5)	ブラックラグン
black-lagoon	BLACK LAGOON	standard	6	9784091570758	ブラック・ラグーン（6)	ブラックラグン
black-lagoon	BLACK LAGOON	standard	7	9784091571137	ブラック・ラグーン（7)	ブラックラグン
black-lagoon	BLACK LAGOON	standard	8	9784091571403	ブラック・ラグーン（8)	ブラックラグン
black-lagoon	BLACK LAGOON	standard	9	9784091571892	ブラック・ラグーン（9)	ブラックラグン
black-lagoon	BLACK LAGOON	standard	10	9784091573759	ブラック・ラグーン（10)	ブラックラグン
black-lagoon	BLACK LAGOON	standard	11	9784091575517	ブラック・ラグーン（11)	ブラックラグン
black-lagoon	BLACK LAGOON	standard	12	9784091576460	ブラック・ラグーン（12）	ブラックラグン
black-sweep-sisters	ブラック・スイープ・シスターズ	standard	3	9784758063982	Black　Sweep　Sisters（3）	blacksweepsisters
blind-game	BLIND GAME	standard	1	9784048526739	ブラインド・ゲーム（stage　1）	ブラインドゲム
blind-game	BLIND GAME	standard	2	9784048527507	ブラインド・ゲーム（stage　2）	ブラインドゲム
blind-game	BLIND GAME	standard	3	9784048528115	ブラインド・ゲーム（stage　3）	ブラインドゲム
blind-game	BLIND GAME	standard	4	9784048528870	ブラインド・ゲーム（stage　4）	ブラインドゲム
blind-game	BLIND GAME	standard	5	9784048529334	ブラインド・ゲーム（stage　5）	ブラインドゲム
blind-game	BLIND GAME	standard	6	9784048530163	ブラインド・ゲーム（stage　6）	ブラインドゲム
blind-game	BLIND GAME	standard	7	9784048531177	ブラインド・ゲーム（7）	ブラインドゲム
blind-game	BLIND GAME	standard	8	9784048531757	ブラインド・ゲーム（stage　8）	ブラインドゲム
blind-game	BLIND GAME	standard	9	9784048532754	ブラインド・ゲーム（9）	ブラインドゲム
blind-game	BLIND GAME	standard	10	9784048533508	ブラインド・ゲーム（stage　10）	ブラインドゲム
bloody-monday	ブラッディ・マンディ	standard	1	9784063638745	BLOODY　MONDAY（1）	bloodymonday
bloody-monday	ブラッディ・マンディ	standard	2	9784063638950	BLOODY　MONDAY（2）	bloodymonday
bloody-monday	ブラッディ・マンディ	standard	3	9784063639193	BLOODY　MONDAY（3）	bloodymonday
bloody-monday	ブラッディ・マンディ	standard	4	9784063639551	BLOODY　MONDAY（4）	bloodymonday
bloody-monday	ブラッディ・マンディ	standard	5	9784063639780	BLOODY　MONDAY（5）	bloodymonday
bloody-monday	ブラッディ・マンディ	standard	6	9784063840155	BLOODY　MONDAY（6）	bloodymonday
bloody-monday	ブラッディ・マンディ	standard	7	9784063840469	BLOODY　MONDAY（7）	bloodymonday
bloody-monday	ブラッディ・マンディ	standard	8	9784063840698	BLOODY　MONDAY（8）	bloodymonday
bloody-monday	ブラッディ・マンディ	standard	9	9784063840773	BLOODY　MONDAY（9）	bloodymonday
bloody-monday	ブラッディ・マンディ	standard	10	9784063841152	BLOODY　MONDAY（10）	bloodymonday
bloody-monday	ブラッディ・マンディ	standard	11	9784063841398	BLOODY　MONDAY（11）	bloodymonday
blue-giant-live-selection	ブルージャイアントライブセレクション	standard	1	9784099430702	BLUE GIANT LIVE SELECTION	bluegiantliveselecti
bomber-girl	Bomber girl	standard	2	9784785921941	ボンバーガール（Data　2）	ボンバガル
born-2-die	BORN 2 DIE	standard	1	9784872334258	ボーン・トゥ・ダイ	ボントゥダイ
bounty-hunter	BOUNTY HUNTER	standard	1	9784107711953	バウンティハンタ-（1）	バウンティハンタ
bounty-hunter	BOUNTY HUNTER	standard	2	9784107711960	バウンティハンタ-（2）	バウンティハンタ
bounty-hunter	BOUNTY HUNTER	standard	3	9784107712080	バウンティハンタ-（3）	バウンティハンタ
bounty-hunter	BOUNTY HUNTER	standard	4	9784107712233	バウンティハンタ-（4）	バウンティハンタ
bounty-sword	Bounty sword	standard	1	9784198301545	バウンティソード（1）	バウンティソド
bounty-sword	Bounty sword	standard	2	9784198301552	バウンティソード（2）	バウンティソド
boy-boy	BOY×BOY	standard	1	9784048531887	ボーイ・ボーイ	ボイボイ
boy-boy	BOY×BOY	standard	2	9784048532327	ボーイ・ボーイ（第2巻）	ボイボイ
boys-of-summer	BOYS OF SUMMER	standard	1	9784091830012	ボーイズオブサマー	ボイズオブサマ
brain-powerd	BRAIN POWERD	standard	1	9784047132221	ブレンパワード（1）	ブレンパワド
brain-powerd	BRAIN POWERD	standard	2	9784047132634	ブレンパワード（2）	ブレンパワド
brain-powerd	BRAIN POWERD	standard	3	9784047132962	ブレンパワード（3）	ブレンパワド
brain-powerd	BRAIN POWERD	standard	4	9784047133907	ブレンパワード（4）	ブレンパワド
brains	ブレインズ	standard	1	9784087825404	Brains（1）	brains
break-age	ブレイク-エイジ	standard	2	9784756108937	BREAK-AGE（2）	breakage
break-age	ブレイク-エイジ	standard	3	9784756111326	BREAK-AGE（3）	breakage
break-age	ブレイク-エイジ	standard	5	9784756111906	BREAK-AGE（5）	breakage
break-age	ブレイク-エイジ	standard	6	9784756112392	BREAK-AGE（6）	breakage
break-age	ブレイク-エイジ	standard	7	9784756112729	BREAK-AGE（7）	breakage
brind	BRIND	standard	1	9784403611308	ブラインド	ブラインド
brothers	BROTHERS	standard	1	9784048525275	ブラザーズ（1）	ブラザズ
brothers	BROTHERS	standard	2	9784048525442	ブラザーズ（2）	ブラザズ
brothers	BROTHERS	standard	3	9784048525466	ブラザーズ（3）	ブラザズ
brothers	BROTHERS	standard	4	9784048526500	ブラザーズ（4）	ブラザズ
case-b	Case B	standard	1	9784765921350	ケ-スB	ケスb
cat-s-world	CAT'S WORLD	standard	1	9784049261561	キャッツ・ワールド（1）	キャッツワルド
cat-s-world	CAT'S WORLD	standard	2	9784049261684	キャッツ・ワールド（2）	キャッツワルド
cat-shit-one	キャットシットワン	standard	1	9784797307160	Cat　Shit　One（VOL．1）	catshitone
cat-shit-one	キャットシットワン	standard	2	9784797309607	Cat　Shit　One（VOL．2）	catshitone
cat-shit-one	キャットシットワン	standard	3	9784797321630	Cat　Shit　One（VOL．3）	catshitone
cat-walk	CAT WALK	standard	1	9784885705342	キャットウォーク	キャットウォク
change-change	CHANGE×CHANGE	standard	1	9784861270574	ちぇんじ2！！	チェンジ2
charger-500	Charger 500	standard	1	9784785912321	チャージャー500（1）	チャジャ500
charger-500	Charger 500	standard	2	9784785912499	チャージャー500（2）	チャジャ500
charger-500	Charger 500	standard	3	9784785912796	チャージャー500（3）	チャジャ500
charger-500	Charger 500	standard	4	9784785912987	チャージャー500（4）	チャジャ500
charger-500	Charger 500	standard	5	9784785913267	チャージャー500（5）	チャジャ500
cherry	Cherry	standard	1	9784091803696	チェリー（1）	チェリ
cherry	Cherry	standard	2	9784091810106	チェリー（2）	チェリ
cherry	Cherry	standard	3	9784091812476	チェリー（3）	チェリ
cherry	Cherry	standard	4	9784091817105	チェリー（4）	チェリ
cipher-the-video-book	サイファ・ザ・ビデオ・ブック	standard	1	9784592730651	CIPHER　THE　VIDEO　BOOK	cipherthevideobook
clip	クリップ	standard	1	9784796240642	Clip	clip
club-crime	Club crime	standard	1	9784758050296	クラブクライム（vol．1）	クラブクライム
collington-woods-street	COLLINGTON WOODS STREET	standard	1	9784797445855	コリントン：ウッズストリート	コリントンウッズストリト
collington-woods-street	COLLINGTON WOODS STREET	standard	2	9784797484014	コリントン：ウッズストリート（sect．2）	コリントンウッズストリト
color-mail	COLOR MAIL	standard	1	9784870254480	カラーメイル	カラメイル
comic-hero	Comic HERO	standard	6	9784870423060	コミックヒーロー（6）	ヒロ
compiler	Compiler	standard	1	9784063140323	コンパイラ（1）	コンパイラ
compiler	Compiler	standard	2	9784063140439	コンパイラ（2）	コンパイラ
compiler	Compiler	standard	3	9784063140576	コンパイラ（3）	コンパイラ
coyote	コヨーテ	standard	1	9784864683593	coyote	coyote
crimson-shell	Crimson-Shell	standard	1	9784757516588	クリムゾン・シェル	クリムゾンシェル
cross-and-crime	クロスアンドクライム	standard	1	9784253150279	CROSS　and　CRIME（1）	crossandcrime
cross-and-crime	クロスアンドクライム	standard	2	9784253150286	CROSS　and　CRIME（2）	crossandcrime
cross-and-crime	クロスアンドクライム	standard	3	9784253150293	CROSS　and　CRIME（3）	crossandcrime
cross-and-crime	クロスアンドクライム	standard	4	9784253150309	CROSS　and　CRIME（4）	crossandcrime
cross-and-crime	クロスアンドクライム	standard	5	9784253150316	CROSS　and　CRIME（5）	crossandcrime
cross-and-crime	クロスアンドクライム	standard	6	9784253150323	CROSS and CRIME（6）	crossandcrime
cross-and-crime	クロスアンドクライム	standard	7	9784253150330	CROSSandCRIME（7）	crossandcrime
cross-and-crime	クロスアンドクライム	standard	8	9784253150347	CROSSandCRIME（8）	crossandcrime
cross-and-crime	クロスアンドクライム	standard	9	9784253150354	CROSS　and　CRIME（9）	crossandcrime
cross-and-crime	クロスアンドクライム	standard	11	9784253150378	CROSS　and　CRIME（11）	crossandcrime
cross-and-crime	クロスアンドクライム	standard	12	9784253150385	CROSS　and　CRIME（12）	crossandcrime
cross-game-2014	CROSS GAME	standard	4	9784091246981	クロスゲーム（4）	クロスゲム
cross-game-2014	CROSS GAME	standard	5	9784091246998	クロスゲーム（5）	クロスゲム
cross-game-2014	CROSS GAME	standard	6	9784091247001	クロスゲーム（6）	クロスゲム
crown	CROWN	standard	1	9784861272950	クラウン（1）	クラウン
crown	CROWN	standard	2	9784861273537	クラウン（2）	クラウン
crown	CROWN	standard	3	9784861274336	クラウン（3）	クラウン
crown	CROWN	standard	4	9784861274947	クラウン（4）	クラウン
crown	CROWN	standard	5	9784861275302	クラウン（5）	クラウン
crusader	Crusader	standard	1	9784403611865	クルセイダー（1）	クルセイダ
crystalize	Crystalize	standard	1	9784896012330	クリスタライズ	クリスタライズ
dark-craibe	DARK‐CRAIBE	standard	1	9784056005066	ダーククライブ（1）	ダククライブ
dark-craibe	DARK‐CRAIBE	standard	2	9784056009330	ダーククライブ（2）	ダククライブ
dark-craibe	DARK‐CRAIBE	standard	3	9784056011944	ダーククライブ（3）	ダククライブ
dark-craibe	DARK‐CRAIBE	standard	4	9784056014488	ダーククライブ（4）	ダククライブ
dark-craibe	DARK‐CRAIBE	standard	5	9784056018271	ダーククライブ（5）	ダククライブ
dark-craibe	DARK‐CRAIBE	standard	6	9784056020021	ダーククライブ（6）	ダククライブ
debonair-drive	DEBONAIR DRIVE	standard	1	9784757744233	デボネア・ドライブ（1）	デボネアドライブ
debonair-drive	DEBONAIR DRIVE	standard	2	9784047260030	デボネア・ドライブ（2）	デボネアドライブ
debonair-drive	DEBONAIR DRIVE	standard	3	9784047267718	デボネア・ドライブ（3）	デボネアドライブ
debut	デビュー	standard	1	9784592138914	DEBUT	debut
delta-city	DELTA CITY	standard	1	9784063119244	デルタシティ（1）	デルタシティ
delta-city	DELTA CITY	standard	2	9784063120035	デルタシティ（2）	デルタシティ
desert-moon	デザート・ムーン	standard	1	9784877346584	Desert　moon	desertmoon
desert-moon	デザート・ムーン	standard	2	9784877347093	Desert　moon（2）	desertmoon
desire-1989	デザイアー	standard	2	9784756714862	Desire（2）	desire
diabolic-garden	ディアボリックガーデン	standard	1	9784757525511	Diabolic　Garden（1）	diabolicgarden
diabolic-garden	ディアボリックガーデン	standard	2	9784757525528	Diabolic　Garden（2）	diabolicgarden
diabolic-garden	ディアボリックガーデン	standard	3	9784757527836	Diabolic　Garden（3）	diabolicgarden
diabolus	DIABOLUS	standard	1	9784088733784	ディアボロス（1）	ディアボロス
diabolus	DIABOLUS	standard	2	9784088734057	ディアボロス（2）	ディアボロス
dog-soldier	DOG SOLDIER	standard	1	9784088611440	ドッグソルジャー（1）	ドッグソルジャ
dog-soldier	DOG SOLDIER	standard	2	9784088611457	ドッグソルジャー（2）	ドッグソルジャ
dog-soldier	DOG SOLDIER	standard	3	9784088611464	ドッグソルジャー（3）	ドッグソルジャ
dog-soldier	DOG SOLDIER	standard	4	9784088611471	ドッグソルジャー（4）	ドッグソルジャ
dog-soldier	DOG SOLDIER	standard	5	9784088611488	ドッグソルジャー（5）	ドッグソルジャ
dog-soldier	DOG SOLDIER	standard	6	9784088611495	ドッグソルジャー（6）	ドッグソルジャ
dog-soldier	DOG SOLDIER	standard	7	9784088611501	ドッグソルジャー（7）	ドッグソルジャ
dog-soldier	DOG SOLDIER	standard	8	9784088612317	ドッグソルジャー（8）	ドッグソルジャ
dog-soldier	DOG SOLDIER	standard	9	9784088612324	ドッグソルジャー（9）	ドッグソルジャ
dog-soldier	DOG SOLDIER	standard	10	9784088612331	ドッグソルジャー（10）	ドッグソルジャ
dog-soldier	DOG SOLDIER	standard	11	9784088612348	ドッグソルジャー（11）	ドッグソルジャ
dog-soldier	DOG SOLDIER	standard	12	9784088612355	ドッグソルジャー（12）	ドッグソルジャ
dogs-bullets-and-carnage	ドッグス/バレッツ＆カーネイジ	standard	1	9784088770765	DOGS　BULLETS　＆　CARNAGE（1）	dogsbulletscarnage
dogs-bullets-and-carnage	ドッグス/バレッツ＆カーネイジ	standard	2	9784088773186	DOGS／BULLETS＆CARNAGE（2）	dogsbulletscarnage
dogs-bullets-and-carnage	ドッグス/バレッツ＆カーネイジ	standard	3	9784088774718	DOGS／BULLETS＆CARNAGE（3）	dogsbulletscarnage
dogs-bullets-and-carnage	ドッグス/バレッツ＆カーネイジ	standard	4	9784088776569	DOGS　BULLETS　＆　CARNAGE（4）	dogsbulletscarnage
dogs-bullets-and-carnage	ドッグス/バレッツ＆カーネイジ	standard	5	9784088778341	DOGS　BULLETS　＆　CARNAGE（5）	dogsbulletscarnage
dogs-bullets-and-carnage	ドッグス/バレッツ＆カーネイジ	standard	6	9784088791111	DOGS　BULLETS　＆　CARNAGE（6）	dogsbulletscarnage
dome-children	DOME CHILDREN	standard	1	9784757507364	ド-ムチルドレン（1）	ドムチルドレン
dome-children	DOME CHILDREN	standard	2	9784757509023	ド-ムチルドレン（2）	ドムチルドレン
doubles-1992	Doubles	standard	1	9784088492940	ダブルス	ダブルス
doubt-tonogai-2008	Doubt	aizoban	1	9784087927054	ダウト	ダウト
dr-typhoon-1996	Dr.Typhoon	wideban	2	9784575934564	Dr．タイフーン（ワイド版）（2）	dr.タイフン
dr-typhoon-1996	Dr.Typhoon	standard	3	9784575934601	Dr．タイフーン（ワイド版）（3）	dr.タイフン
dr-typhoon-1996	Dr.Typhoon	standard	5	9784575934694	Dr．タイフーン（ワイド版）（5）	dr.タイフン
dr-typhoon-1996	Dr.Typhoon	standard	6	9784575934731	Dr．タイフーン（ワイド版）（6）	dr.タイフン
dr-typhoon-1996	Dr.Typhoon	standard	8	9784575934830	Dr．タイフーン（ワイド版）（8）	dr.タイフン
dragon-shaft	DRAGON SHAFT	standard	1	9784198300098	ドラゴン・シャフト	ドラゴンシャフト
dream-king	ドリームキングⓇ	standard	1	9784056038811	Dream　king（1）	dreamking
dream-king	ドリームキングⓇ	standard	2	9784056042030	Dream　king（2）	dreamking
dream-king	ドリームキングⓇ	standard	3	9784056044010	Dream　king（3）	dreamking
dreams	Dreams	bunkobon	1	9784063609486	ドリームス（1）	ドリムス
dreams	Dreams	bunkobon	2	9784063609493	ドリームス（2）	ドリムス
dreams	Dreams	bunkobon	3	9784063609592	ドリームス（3）	ドリムス
dreams	Dreams	bunkobon	4	9784063609608	ドリームス（4）	ドリムス
dreams	Dreams	bunkobon	5	9784063609691	ドリームス（5）	ドリムス
dreams	Dreams	bunkobon	6	9784063609707	ドリームス（6）	ドリムス
dreams	Dreams	bunkobon	7	9784063609776	ドリームス（7）	ドリムス
dreams	Dreams	bunkobon	8	9784063609783	ドリームス（8）	ドリムス
dreams	Dreams	bunkobon	9	9784063609875	ドリームス（9）	ドリムス
dreams	Dreams	bunkobon	10	9784063609882	ドリームス（10）	ドリムス
dreams	Dreams	bunkobon	11	9784063609905	ドリームス（11）	ドリムス
duds-hunt	DUDS HUNT	standard	1	9784757514478	ダズハント	ダズハント
duel-masters	DUEL MASTERS	standard	1	9784091425843	デュエル・マスターズ（第1巻）	デュエルマスタズ
duel-masters	DUEL MASTERS	standard	2	9784091425850	デュエル・マスターズ（第2巻）	デュエルマスタズ
duel-masters	DUEL MASTERS	standard	3	9784091425867	デュエル・マスターズ（第3巻）	デュエルマスタズ
duel-masters	DUEL MASTERS	standard	4	9784091425874	デュエル・マスターズ（第4巻）	デュエルマスタズ
duel-masters	DUEL MASTERS	standard	5	9784091425881	デュエル・マスターズ（第5巻）	デュエルマスタズ
duel-masters	DUEL MASTERS	standard	6	9784091425898	デュエル・マスターズ（第6巻）	デュエルマスタズ
duel-masters	DUEL MASTERS	standard	7	9784091425904	デュエル・マスターズ（第7巻）	デュエルマスタズ
duel-masters	DUEL MASTERS	standard	8	9784091426086	デュエル・マスターズ（第8巻）	デュエルマスタズ
duel-masters	DUEL MASTERS	standard	9	9784091426093	デュエル・マスターズ（第9巻）	デュエルマスタズ
duel-masters	DUEL MASTERS	standard	10	9784091426109	デュエル・マスターズ（第10巻）	デュエルマスタズ
duel-masters	DUEL MASTERS	standard	11	9784091431110	デュエル・マスターズ（第11巻）	デュエルマスタズ
duel-masters	DUEL MASTERS	standard	12	9784091431127	デュエル・マスターズ（第12巻）	デュエルマスタズ
duel-masters	DUEL MASTERS	standard	13	9784091431134	デュエル・マスターズ（第13巻）	デュエルマスタズ
duel-masters	DUEL MASTERS	standard	14	9784091431141	デュエル・マスターズ（第14巻）	デュエルマスタズ
duel-masters	DUEL MASTERS	standard	15	9784091431158	デュエル・マスターズ（第15巻）	デュエルマスタズ
duel-masters	DUEL MASTERS	standard	17	9784091431172	デュエル・マスターズ（17）	デュエルマスタズ
eccentrics	ECCENTRICS	bunkobon	1	9784091913975	エキセントリクス（1）	エキセントリクス
eccentrics	ECCENTRICS	bunkobon	2	9784091913982	エキセントリクス（2）	エキセントリクス
ekubo	E・K・U・B・O・!	standard	1	9784088750088	エ・ク・ボ！（1）	エクボ
ekubo	E・K・U・B・O・!	standard	2	9784088750095	エ・ク・ボ！（2）	エクボ
elan	エラン	bunkobon	1	9784796205047	Elan（1）	elan
elan	エラン	bunkobon	2	9784796205115	Elan（2）	elan
ergo	ergo	standard	1	9784883863334	エルゴ（v．1）	エルゴ
ergo	ergo	standard	2	9784883863396	エルゴ（v．2）	エルゴ
ergo	ergo	standard	3	9784883863464	エルゴ（v．3）	エルゴ
ergo	ergo	standard	4	9784883863495	エルゴ（v．4）	エルゴ
escape-kano-2014	ESCAPE	standard	1	9784088534589	エスケープ	エスケプ
euromanga	euromanga	standard	1	9784870318571	ユーロマンガ（1号）	ユロマンガ
euromanga	euromanga	standard	7	9784864101844	ユーロマンガ（7号）	ユロマンガ
euromanga	euromanga	standard	8	9784864102438	ユーロマンガ（8号）	ユロマンガ
exhiibition	EXHIIBITION	standard	1	9784893674166	エキシビション	エキシビション
fake-rebellion	Fake rebellion	standard	1	9784757561403	フェイク・リベリオン（1）	フェイクリベリオン
fake-rebellion	Fake rebellion	standard	2	9784757564503	フェイク・リベリオン（2）	フェイクリベリオン
fight-1996	ファイト!	standard	1	9784408430584	Fight！（第1巻）	fight
fight-1996	ファイト!	standard	2	9784408430737	Fight！（第2巻）	fight
final-fantasy-lost-stranger	ファイナルファンタジーロスト・ストレンジャー	standard	6	9784757568914	FINAL FANTASY LOST STRANGER（6）	finalfantasyloststra
final-fantasy-lost-stranger	ファイナルファンタジーロスト・ストレンジャー	standard	7	9784757571495	FINAL FANTASY LOST STRANGER（7）	finalfantasyloststra
final-fantasy-lost-stranger	ファイナルファンタジーロスト・ストレンジャー	standard	8	9784757576247	FINAL FANTASY LOST STRANGER（8）	finalfantasyloststra
final-fantasy-lost-stranger	ファイナルファンタジーロスト・ストレンジャー	standard	9	9784757580251	FINAL FANTASY LOST STRANGER（9）	finalfantasyloststra
final-fantasy-lost-stranger	ファイナルファンタジーロスト・ストレンジャー	standard	10	9784757584662	FINAL FANTASY LOST STRANGER（10）	finalfantasyloststra
final-fantasy-lost-stranger	ファイナルファンタジーロスト・ストレンジャー	standard	11	9784757590021	FINAL FANTASY LOST STRANGER（11）	finalfantasyloststra
final-fantasy-lost-stranger	ファイナルファンタジーロスト・ストレンジャー	standard	13	9784301000020	FINAL FANTASY LOST STRANGER（13）	finalfantasyloststra
final-fantasy-xii	FINAL FANTASY Ⅻ	standard	1	9784757518308	ファイナルファンタジー12（1）	ファイナルファンタジ12
final-fantasy-xii	FINAL FANTASY Ⅻ	standard	2	9784757520820	ファイナルファンタジー12	ファイナルファンタジ12
final-fantasy-xii	FINAL FANTASY Ⅻ	standard	3	9784757522633	ファイナルファンタジー12（3）	ファイナルファンタジ12
final-fantasy-xii	FINAL FANTASY Ⅻ	standard	4	9784757524422	ファイナルファンタジー12（4）	ファイナルファンタジ12
final-fantasy-xii	FINAL FANTASY Ⅻ	standard	5	9784757526501	ファイナルファンタジー12（5）	ファイナルファンタジ12
final-lap	Final lap	standard	1	9784803341119	ファイナル・ラップ	ファイナルラップ
final-mission	Final Mission	standard	1	9784403617584	ファイナル・ミッション	ファイナルミッション
fire-emblem-thracia-776	FIRE EMBLEM THRACIA 776	standard	1	9784757502338	ファイアーエムブレムトラキア776（第1集）	ファイアエムブレムトラキア776
fire-emblem-thracia-776	FIRE EMBLEM THRACIA 776	standard	2	9784757504448	ファイアーエムブレムトラキア776（2）	ファイアエムブレムトラキア776
fire-emblem-thracia-776	FIRE EMBLEM THRACIA 776	standard	3	9784757505728	ファイアーエムブレムトラキア776（3）	ファイアエムブレムトラキア776
flight	FLIGHT	standard	1	9784257916840	フライト	フライト
flowers-2010	Flowers	standard	1	9784088471556	フラワーズ	フラワズ
fobia	Fobia	standard	1	9784845812820	フォビア（1）	フォビア
fobia	Fobia	standard	2	9784845812837	フォビア（2）	フォビア
fool-for-the-city	FOOL for THE CITY	standard	1	9784048520799	フール・フォー・ザ・シティ	フルフォザシティ
foot-gear	Foot gear	standard	3	9784785912079	フット・ギア（3）	フットギア
foot-gear	Foot gear	standard	4	9784785912215	フット・ギア（4）	フットギア
foot-gear	Foot gear	standard	5	9784785912338	フット・ギア（5）	フットギア
foot-gear	Foot gear	standard	6	9784785912390	フット・ギア（6）	フットギア
free-out	Free Out	standard	1	9784879470461	フリー・アウト（1）	フリアウト
free-out	Free Out	standard	2	9784879470522	フリー・アウト（2）	フリアウト
free-soul	Free soul	standard	1	9784396763381	フリーソウル	フリソウル
frontier	FRONTIER	standard	1	9784253230919	フロンティア（1）	フロンティア
frontier	FRONTIER	standard	2	9784253230926	フロンティア（2）	フロンティア
frontier	FRONTIER	standard	3	9784253230933	フロンティア（3）	フロンティア
garden-1996	Garden	standard	1	9784877280970	ガーデン	ガデン
garden	ガーデン	standard	1	9784063234350	GARDEN	garden
gate-runner	ゲートランナー	standard	1	9784253232012	Gate　runner（1）	gaterunner
gate-runner	ゲートランナー	standard	2	9784253232029	Gate　runner（2）	gaterunner
genocyber	GENOCYBER	standard	1	9784893673244	ジェノサイバー（1）	ジェノサイバ
gift-2002	ギフト	standard	2	9784063191097	Gift（2）	gift
gigant	ギガント	standard	2	9784098601677	GIGANT（2）	gigant
gigant	ギガント	standard	3	9784098602643	GIGANT（3）	gigant
gigant	ギガント	standard	4	9784098604241	GIGANT（4）	gigant
gigant	ギガント	standard	5	9784098605811	GIGANT（5）	gigant
gigant	ギガント	standard	6	9784098607457	GIGANT（6）	gigant
gigant	ギガント	standard	7	9784098608355	GIGANT（7）	gigant
gigant	ギガント	standard	8	9784098610136	GIGANT（8）	gigant
gigant	ギガント	standard	9	9784098611621	GIGANT（9）	gigant
girl-friday	ガールフライデー	standard	1	9784396762896	Girl　friday	girlfriday
glamorous-gossip	GLAMOROUS GOSSIP	standard	5	9784403619809	グラマラス・ゴシップ（5）	グラマラスゴシップ
gloom-party	GLOOM PARTY	standard	1	9784253046183	グルームパーティー（1）	グルムパティ
gloom-party	GLOOM PARTY	standard	2	9784253046190	グルームパーティー（2）	グルムパティ
gloom-party	GLOOM PARTY	standard	3	9784253046206	グルームパーティー（3）	グルムパティ
gloom-party	GLOOM PARTY	standard	4	9784253046213	グルームパーティー（4）	グルムパティ
gloom-party	GLOOM PARTY	standard	5	9784253046220	グルームパーティー（5）	グルムパティ
gold-2	ゴールド	standard	1	9784785920852	GOLD（1）	gold
gold-2	ゴールド	standard	2	9784785921101	GOLD（2）	gold
gong-rock	Gong rock	standard	1	9784883214723	ゴングロック	ゴングロック
gorilla-kick	GORILLA KICK!	standard	1	9784766112818	ゴリラ・キック！	ゴリラキック
great-horse	GREAT HORSE	standard	1	9784088712918	グレートホース（1）	グレトホス
great-horse	GREAT HORSE	standard	2	9784088712925	グレートホース（2）	グレトホス
great-horse	GREAT HORSE	standard	3	9784088712932	グレートホース（3）	グレトホス
great-horse	GREAT HORSE	standard	4	9784088712949	グレートホース（4）	グレトホス
great-horse	GREAT HORSE	standard	5	9784088712956	グレートホース（5）	グレトホス
great-horse	GREAT HORSE	standard	6	9784088712963	グレートホース（6）	グレトホス
great-horse	GREAT HORSE	standard	7	9784088712970	グレートホース（7）	グレトホス
great-horse	GREAT HORSE	standard	8	9784088712987	グレートホース（8）	グレトホス
great-horse	GREAT HORSE	standard	9	9784088712994	グレートホース（9）	グレトホス
green-paradise	GREEN PARADISE	standard	1	9784403612534	グリーン・パラダイス	グリンパラダイス
grey	Grey	standard	1	9784198365103	グレイ（1）	グレイ
gundam-exa-2013	ガンダムEXA	standard	6	9784041209271	GUNDAM　EXA　（6）	gundamexa
gundam-exa-2013	ガンダムEXA	standard	7	9784041210727	GUNDAM　EXA　（7）	gundamexa
gurazeni-2014	Gurazeni	standard	16	9784063883824	グラゼニ（16）	グラゼニ
habibi	ハビビ	standard	1	9784864720359	habibi（1）	habibi
habibi	ハビビ	standard	2	9784864720366	habibi（2）	habibi
handy-99	Handy 99	standard	1	9784785913786	ハンディ99（1）	ハンディ99
handy-99	Handy 99	standard	2	9784785914080	ハンディ99（2）	ハンディ99
handy-99	Handy 99	standard	3	9784785914271	ハンディ99（3）	ハンディ99
happy	ハッピー!	standard	1	9784091834010	Happy！（1）	happy
happy	ハッピー!	standard	2	9784091834027	Happy！（2）	happy
happy	ハッピー!	standard	3	9784091834034	Happy！（3）	happy
happy	ハッピー!	standard	4	9784091834041	Happy！（4）	happy
happy	ハッピー!	standard	5	9784091834058	Happy！（5）	happy
happy	ハッピー!	standard	6	9784091834065	Happy！（6）	happy
happy	ハッピー!	standard	7	9784091834072	Happy！（7）	happy
happy	ハッピー!	standard	8	9784091834089	Happy！（8）	happy
happy	ハッピー!	standard	9	9784091834096	Happy！（9）	happy
happy	ハッピー!	standard	10	9784091834102	Happy！（10）	happy
happy	ハッピー!	standard	11	9784091842916	Happy！（11）	happy
happy	ハッピー!	standard	12	9784091842923	Happy！（12）	happy
happy	ハッピー!	standard	13	9784091842930	Happy！（13）	happy
happy	ハッピー!	standard	14	9784091842947	Happy！（14）	happy
happy	ハッピー!	standard	15	9784091842954	Happy！（15）	happy
happy	ハッピー!	standard	16	9784091842961	Happy！（16）	happy
happy	ハッピー!	standard	17	9784091842978	Happy！（17）	happy
happy	ハッピー!	standard	18	9784091842985	Happy！（18）	happy
happy	ハッピー!	standard	19	9784091842992	Happy！（19）	happy
happy	ハッピー!	standard	20	9784091843005	Happy！（20）	happy
happy	ハッピー!	standard	21	9784091852212	Happy！（21）	happy
happy	ハッピー!	standard	22	9784091852229	Happy！（22）	happy
happy	ハッピー!	standard	23	9784091852236	Happy！（23）	happy
hard-luck	Hard luck	standard	1	9784088712659	ハードラック	ハドラック
harlem-beat	Harlem beat	bunkobon	1	9784063607666	ハーレムビート（1）	ハレムビト
harlem-beat	Harlem beat	bunkobon	2	9784063607673	ハーレムビート（2）	ハレムビト
harlem-beat	Harlem beat	bunkobon	3	9784063607796	ハーレムビート（3）	ハレムビト
harlem-beat	Harlem beat	bunkobon	4	9784063607802	ハーレムビート（4）	ハレムビト
harlem-beat	Harlem beat	bunkobon	5	9784063607857	ハーレムビート（5）	ハレムビト
harlem-beat	Harlem beat	bunkobon	6	9784063607864	ハーレムビート（6）	ハレムビト
harlem-beat	Harlem beat	bunkobon	7	9784063608076	ハーレムビート（7）	ハレムビト
harlem-beat	Harlem beat	bunkobon	8	9784063608083	ハーレムビート（8）	ハレムビト
harlem-beat	Harlem beat	bunkobon	9	9784063608243	ハーレムビート（9）	ハレムビト
harlem-beat	Harlem beat	bunkobon	10	9784063608250	ハーレムビート（10）	ハレムビト
harlem-beat	Harlem beat	bunkobon	11	9784063608410	ハーレムビート（11）	ハレムビト
harlem-beat	Harlem beat	bunkobon	12	9784063608427	ハーレムビート（12）	ハレムビト
harlem-beat	Harlem beat	bunkobon	13	9784063608687	ハーレムビート（13）	ハレムビト
harlem-beat	Harlem beat	bunkobon	14	9784063608694	ハーレムビート（14）	ハレムビト
harlem-beat	Harlem beat	bunkobon	15	9784063608830	ハーレムビート（15）	ハレムビト
harlem-beat	Harlem beat	bunkobon	16	9784063608847	ハーレムビート（16）	ハレムビト
hi-hi-hi	Hi Hi Hi!	standard	2	9784575931037	ハイ！ハイ！ハイ！（2）	ハイハイハイ
hiromi-no-romance-bokkusu	博美のロマンス★BOX	standard	1	9784091364012	ニューヨークダスト	ニュヨクダスト
home-sugihara-2010	HOME	standard	1	9784088472591	ホーム（1）	ホム
home-sugihara-2010	HOME	standard	2	9784088473154	ホーム（2）	ホム
home-sweet-home	ホーム、スイートホーム	standard	1	9784796288392	HOME，SWEET　HOME（1）	homesweethome
horizon	HORIZON	standard	1	9784091393319	ホライゾン	ホライゾン
hotel	ホテル	standard	1	9784091810410	HOTEL（第1巻）	hotel
hotel	ホテル	standard	2	9784091862624	HOTEL	hotel
hotel	ホテル	standard	3	9784091810434	HOTEL（第3巻）	hotel
hotel	ホテル	standard	5	9784091810458	HOTEL（第5巻）	hotel
hotel	ホテル	standard	7	9784091810472	HOTEL（第7巻）	hotel
hotel	ホテル	standard	9	9784091810496	HOTEL（第9巻）	hotel
hotel	ホテル	standard	10	9784091810502	HOTEL（第10巻）	hotel
hotel	ホテル	standard	11	9784091817914	HOTEL（第11巻）	hotel
hotel	ホテル	standard	12	9784091817921	HOTEL（第12巻）	hotel
hotel	ホテル	standard	13	9784091817938	HOTEL（第13巻）	hotel
hotel	ホテル	standard	14	9784091817945	HOTEL（第14巻）	hotel
hotel	ホテル	standard	15	9784091817952	HOTEL（第15巻）	hotel
hotel	ホテル	standard	16	9784091817969	HOTEL（第16巻）	hotel
hotel	ホテル	standard	17	9784091817976	HOTEL（第17巻）	hotel
hotel	ホテル	standard	18	9784091817983	HOTEL（第18巻）	hotel
hotel	ホテル	standard	19	9784091817990	HOTEL（第19巻）	hotel
hotel	ホテル	standard	20	9784091818003	HOTEL（第20巻）	hotel
hotel	ホテル	standard	21	9784091830814	HOTEL（第21巻）	hotel
hotel	ホテル	standard	22	9784091830821	HOTEL（第22巻）	hotel
hotel	ホテル	standard	24	9784091830845	HOTEL（第24巻）	hotel
hotel	ホテル	standard	25	9784091830852	HOTEL（第25巻）	hotel
hotel	ホテル	standard	26	9784091830869	HOTEL（第26巻）	hotel
hotel	ホテル	standard	27	9784091830876	HOTEL（第27巻）	hotel
hotel	ホテル	standard	28	9784091830883	HOTEL（第28巻）	hotel
hotel	ホテル	standard	29	9784091830890	HOTEL（第29巻）	hotel
hotel	ホテル	standard	30	9784091830906	HOTEL（第30巻）	hotel
hotel	ホテル	standard	31	9784091844712	HOTEL（第31巻）	hotel
hotel	ホテル	standard	32	9784091844729	HOTEL（第32巻）	hotel
hotel	ホテル	standard	33	9784091844736	HOTEL（第33巻）	hotel
hotel	ホテル	standard	34	9784091844743	HOTEL（第34巻）	hotel
hotel	ホテル	standard	35	9784091844750	HOTEL（第35巻）	hotel
hotel	ホテル	standard	36	9784091844767	HOTEL（第36巻）	hotel
hotel	ホテル	standard	37	9784091844774	HOTEL（第37巻）	hotel
hotel	ホテル	bunkobon	1	9784091923110	HOTEL（1）	hotel
hotel	ホテル	bunkobon	2	9784091923127	HOTEL（2）	hotel
hotel	ホテル	bunkobon	3	9784091923134	HOTEL（3）	hotel
hotel	ホテル	bunkobon	4	9784091923141	HOTEL（4）	hotel
hotel	ホテル	bunkobon	5	9784091923158	HOTEL（5）	hotel
hotel	ホテル	bunkobon	6	9784091923165	HOTEL（6）	hotel
hotel	ホテル	bunkobon	7	9784091923172	HOTEL（7）	hotel
hotel	ホテル	bunkobon	8	9784091923189	HOTEL（8）	hotel
hotel	ホテル	bunkobon	9	9784091923196	HOTEL（9）	hotel
hotel	ホテル	bunkobon	10	9784091923202	HOTEL（10）	hotel
hotel	ホテル	bunkobon	11	9784091923219	HOTEL（11）	hotel
hotel	ホテル	bunkobon	12	9784091923226	HOTEL（12）	hotel
hotel	ホテル	bunkobon	13	9784091923233	HOTEL（13）	hotel
hotel	ホテル	bunkobon	14	9784091923240	HOTEL（14）	hotel
hotel	ホテル	bunkobon	15	9784091923257	HOTEL（15）	hotel
hotel	ホテル	bunkobon	16	9784091923264	HOTEL（16）	hotel
hotel	ホテル	bunkobon	17	9784091923271	HOTEL（17）	hotel
hotel	ホテル	bunkobon	18	9784091923288	HOTEL（18）	hotel
hotel	ホテル	bunkobon	19	9784091923295	HOTEL（19）	hotel
hotel	ホテル	bunkobon	20	9784091923301	HOTEL（20）	hotel
hotel	ホテル	bunkobon	21	9784091923318	HOTEL（21）	hotel
hotel	ホテル	bunkobon	22	9784091923325	HOTEL（22）	hotel
hotel	ホテル	bunkobon	23	9784091923332	HOTEL（23）	hotel
hotel	ホテル	bunkobon	24	9784091923349	HOTEL（24）	hotel
hotel	ホテル	bunkobon	25	9784091923356	HOTEL（25）	hotel
hurricane	ハリケーン	bunkobon	1	9784062601979	Hurricane	hurricane
i-care-because-you-do	アイ・ケア・ビコーズ・ユー・ドゥ	standard	1	9784063761191	I Care Because You Do	icarebecauseyoudo
jeanne-darc	Jeanne Darc	standard	1	9784048525787	ジャンヌ・ダルク	ジャンヌダルク
jerry-boy	Jerry boy	standard	1	9784197930524	ジェリーボーイ	ジェリボイ
jinki-extend	JINKI:EXTEND	standard	1	9784901926065	ジンキ・エクステンド（1）	ジンキエクステンド
jinki-extend	JINKI:EXTEND	standard	2	9784901926287	ジンキ・エクステンド（2）	ジンキエクステンド
jinki-extend	JINKI:EXTEND	standard	3	9784901926737	ジンキ・エクステンド（3）	ジンキエクステンド
jinki-extend	JINKI:EXTEND	standard	4	9784861270017	ジンキ・エクステンド（4）	ジンキエクステンド
jinki-extend	JINKI:EXTEND	standard	5	9784861270529	ジンキ・エクステンド（5）	ジンキエクステンド
jinki-extend	JINKI:EXTEND	standard	6	9784861271083	ジンキ・エクステンド（6）	ジンキエクステンド
jinki-extend	JINKI:EXTEND	standard	7	9784861271717	ジンキ・エクステンド（7）	ジンキエクステンド
jinki-extend	JINKI:EXTEND	standard	8	9784861272431	ジンキ・エクステンド（8）	ジンキエクステンド
jinki-extend	JINKI:EXTEND	standard	9	9784861273315	ジンキ・エクステンド（9）	ジンキエクステンド
jinx	JINX	standard	1	9784757506756	ジンクス	ジンクス
joker	JOKER	bunkobon	1	9784403500169	ジョーカー（1）	ジョカ
joker	JOKER	bunkobon	2	9784403500176	ジョーカー（2）	ジョカ
joker	JOKER	bunkobon	3	9784403500213	ジョーカー（3）	ジョカ
joker	JOKER	bunkobon	4	9784403500480	ジョーカー（4）	ジョカ
joker	JOKER	bunkobon	5	9784403501227	ジョーカー（5）	ジョカ
juliet	Juliet	standard	1	9784091513717	ジュリエット（1）	ジュリエット
juliet	Juliet	standard	2	9784091513724	ジュリエット（2）	ジュリエット
juliet	Juliet	standard	3	9784091513731	ジュリエット（3）	ジュリエット
juliet	Juliet	standard	4	9784091513748	ジュリエット（4）	ジュリエット
kabu-tantei-monogatari	Cabu 探偵物語	standard	1	9784847030444	カブ（1）	カブ
kabu-tantei-monogatari	Cabu 探偵物語	standard	2	9784847030451	カブ（2）	カブ
kabuto	カブト	deluxe	1	9784088581781	Kabuto（1）	kabuto
kabuto	カブト	deluxe	2	9784088581798	Kabuto（2）	kabuto
kaleidoscope-1994	Kaleidoscope	standard	1	9784257033813	カレイドスコ-プ	カレイドスコプ
kanon-usami-2003	カノン	standard	1	9784408432502	Canon	canon
kick-ass	キック・アス	standard	2	9784796871976	KICK-ASS（2）	kickass
kick-ass	キック・アス	standard	3	9784796875400	KICK-ASS（3）	kickass
kishidou-club	騎士堂倶楽部	standard	1	9784877348731	キシドウクラブ	キシドウクラブ
kiss-kiss	キス〔キスマーク〕キス	standard	1	9784091381583	キス・キス（1）	キスキス
kiss-kiss	キス〔キスマーク〕キス	standard	2	9784091381590	キス・キス（2）	キスキス
kiss-kiss	キス〔キスマーク〕キス	standard	3	9784091381606	キス・キス（3）	キスキス
knights-murao-2006	ナイツ	standard	1	9784840235723	KNIGHTS（1）	knights
knights-murao-2006	ナイツ	standard	2	9784840237833	KNIGHTS（2）	knights
knights-murao-2006	ナイツ	standard	3	9784840239585	KNIGHTS（3）	knights
knights-murao-2006	ナイツ	standard	4	9784840241007	KNIGHTS（4）	knights
knights-murao-2006	ナイツ	standard	5	9784048670432	KNIGHTS（5）	knights
koudelka	KOUDELKA	standard	1	9784047133044	クーデルカ（1）	クデルカ
koudelka	KOUDELKA	standard	2	9784047133389	クーデルカ（2）	クデルカ
koudelka	KOUDELKA	standard	3	9784047133617	クーデルカ（3）	クデルカ
la-blue-girl	ラ・ブルー・ガール	standard	1	9784845805280	La☆blue　girl（1）	la☆bluegirl
la-blue-girl	ラ・ブルー・ガール	standard	2	9784845805297	La☆blue　girl（2）	la☆bluegirl
la-blue-girl	ラ・ブルー・ガール	standard	3	9784915858574	La☆blue　girl（3）	la☆bluegirl
la-blue-girl	ラ・ブルー・ガール	standard	4	9784915858611	La☆blue　girl（4）	la☆bluegirl
lampo	LAMPO	standard	1	9784091493118	ランポ（1）	ランポ
lampo	LAMPO	standard	2	9784091493125	ランポ（2）	ランポ
lampo	LAMPO	standard	3	9784091493132	ランポ（3）	ランポ
lampo	LAMPO	standard	4	9784091493149	ランポ（4）	ランポ
lesson	Lesson	standard	1	9784088640853	レッスン	レッスン
lesson	Lesson	bunkobon	1	9784087851502	レッスン	レッスン
levius	Levius	standard	1	9784091886446	レビウス（1）	レビウス
levius	Levius	standard	2	9784091886521	レビウス（2）	レビウス
levius	Levius	standard	3	9784091886729	レビウス（3）	レビウス
lightning-anchor	ライトニング・アンカー	standard	1	9784757551091	Lightning　Anchor（1）	lightninganchor
lightning-brigade	ライトニング・ブリゲイド	standard	1	9784063234657	LIGHTNING　BRIGADE（1）	lightningbrigade
lives	LIVES	standard	2	9784253232043	ライブス（2）	ライブス
liza	Liza	standard	1	9784063140286	ライザ（1）	ライザ
liza	Liza	standard	2	9784063140354	ライザ（2）	ライザ
mad-stone	マッド・ストーン	standard	1	9784198330330	MAD　STONE（1）	madstone
mad-stone	マッド・ストーン	standard	2	9784198330347	MAD　STONE（2）	madstone
marionole-golem	MARIONOLE GOLEM	standard	1	9784870255562	マリオノール・ゴーレム	マリオノルゴレム
marriage	Marriage	standard	1	9784048526722	マリッジ	マリッジ
martyria	MARTYRIA	standard	1	9784800000828	マルチュリア（1）	マルチュリア
martyria	MARTYRIA	standard	2	9784800001955	マルチュリア（2）	マルチュリア
midas-eater	MIDAS EATER	standard	2	9784047154940	マーダス・イーター（2）	マダスイタ
midnight-trip	Midnight trip	standard	1	9784061025387	ミッドナイトトリップ	ミッドナイトトリップ
milinda-fight	MILINDA❤FIGHT	standard	1	9784088715773	ミリンダファイト	ミリンダファイト
milky-way	ミルキーウェイ	standard	1	9784088465616	Milky　way	milkyway
momo-momo-peach	もも〔桃〕もも〔逆さまの桃〕ピーチ	standard	1	9784091300690	もも・もも・ピーチ	モモモモピチ
money-moon	MONEY MOON	standard	1	9784091823212	マネームーン（1）	マネムン
money-moon	MONEY MOON	standard	2	9784091823229	マネームーン（2）	マネムン
money-moon	MONEY MOON	standard	3	9784091823236	マネームーン（3）	マネムン
mother	Mother	standard	1	9784796297301	マザー（1）	マザ
mother	Mother	standard	2	9784796297400	マザー（2）	マザ
nanahan-rider	750ライダー	bunkobon	2	9784253171960	ナナハンライダー（2）	ナナハンライダ
nanahan-rider	750ライダー	bunkobon	4	9784253171984	ナナハンライダー（4）	ナナハンライダ
narcissus-black	ナーシサス・ブラック	standard	1	9784391913729	Narcissus　black（1）	narcissusblack
neo-geo-comic	NEO・GEO COMIC	standard	1	9784756111937	ネオジオコミック（1）	ネオジオ
nesia	Nesia!!	standard	1	9784756106476	ネシア	ネシア
new-comer	NEW COMER	standard	1	9784107714237	ニューカマー（1）	ニュカマ
new-comer	NEW COMER	standard	2	9784107714480	ニューカマー（2）	ニュカマ
new-comer	NEW COMER	standard	3	9784107714633	ニューカマー（3）	ニュカマ
new-comer	NEW COMER	standard	4	9784107714800	ニューカマー（4）	ニュカマ
new-comer	NEW COMER	standard	5	9784107714947	ニューカマー（5）	ニュカマ
niea-7-recycle	NieA_7 recycle	standard	1	9784041204375	ニアアンダーセブンリサイクル	ニアアンダセブンリサイクル
nyaight-of-the-living-cat	Nyaight of the living cat	standard	1	9784800010872	ニャイト・オブ・ザ・リビングキャット（1）	ニャイトオブザリビングキャット
nyaight-of-the-living-cat	Nyaight of the living cat	standard	2	9784800011817	ニャイト・オブ・ザ・リビングキャット（2）	ニャイトオブザリビングキャット
nyaight-of-the-living-cat	Nyaight of the living cat	standard	3	9784800012647	ニャイト・オブ・ザ・リビングキャット（3）	ニャイトオブザリビングキャット
nyaight-of-the-living-cat	Nyaight of the living cat	standard	4	9784800013514	ニャイト・オブ・ザ・リビングキャット（4）	ニャイトオブザリビングキャット
nyaight-of-the-living-cat	Nyaight of the living cat	standard	5	9784800014276	ニャイト・オブ・ザ・リビングキャット（5）	ニャイトオブザリビングキャット
nyaight-of-the-living-cat	Nyaight of the living cat	standard	6	9784800015570	ニャイト・オブ・ザ・リビングキャット（6）	ニャイトオブザリビングキャット
nyaight-of-the-living-cat	Nyaight of the living cat	standard	7	9784800016157	ニャイト・オブ・ザ・リビングキャット（7）	ニャイトオブザリビングキャット
nyankees	ニャンキーズ	standard	1	9784041053003	NYANKEES　（1）	nyankees
nyankees	ニャンキーズ	standard	2	9784041057728	NYANKEES　（2）	nyankees
nyankees	ニャンキーズ	standard	3	9784041057735	NYANKEES　（3）	nyankees
nyankees	ニャンキーズ	standard	4	9784041071496	NYANKEES　（4）	nyankees
nyankees	ニャンキーズ	standard	5	9784041079010	NYANKEES　（5）	nyankees
nyankees	ニャンキーズ	standard	6	9784041079027	NYANKEES　（6）	nyankees
offered	オファード	standard	1	9784091822918	Offered（1）	offered
offered	オファード	standard	2	9784091822925	Offered（2）	offered
offered	オファード	standard	3	9784091822932	Offered（3）	offered
offered	オファード	standard	4	9784091822949	Offered（4）	offered
omega-tribe-kingdom	オメガトライブキングダム	standard	1	9784091874856	OMEGA　TRIBE　KINGDOM（1）	omegatribekingdom
omega-tribe-kingdom	オメガトライブキングダム	standard	2	9784091801685	OMEGA　TRIBE　KINGDOM（2）	omegatribekingdom
omega-tribe-kingdom	オメガトライブキングダム	standard	3	9784091803672	OMEGA　TRIBE　KINGDOM（3）	omegatribekingdom
omega-tribe-kingdom	オメガトライブキングダム	standard	4	9784091806390	OMEGA　TRIBE　KINGDOM（4）	omegatribekingdom
omega-tribe-kingdom	オメガトライブキングダム	standard	5	9784091808066	OMEGA　TRIBE　KINGDOM（5）	omegatribekingdom
omega-tribe-kingdom	オメガトライブキングダム	standard	6	9784091811646	OMEGA　TRIBE　KINGDOM（6）	omegatribekingdom
omega-tribe-kingdom	オメガトライブキングダム	standard	7	9784091812445	OMEGA TRIBE KINGDOM（7）	omegatribekingdom
omega-tribe-kingdom	オメガトライブキングダム	standard	8	9784091814470	OMEGA　TRIBE　KINGDOM（8）	omegatribekingdom
omega-tribe-kingdom	オメガトライブキングダム	standard	9	9784091815583	OMEGA　TRIBE　KINGDOM（9）	omegatribekingdom
omega-tribe-kingdom	オメガトライブキングダム	standard	10	9784091818560	OMEGA　TRIBE　KINGDOM（10）	omegatribekingdom
omega-tribe-kingdom	オメガトライブキングダム	standard	11	9784091820945	OMEGA　TRIBE　KINGDOM（11）	omegatribekingdom
one-room-story	One-room story	standard	1	9784088631813	ワンルームストーリー（1）	ワンルムストリ
one-room-story	One-room story	standard	2	9784088631820	ワンルームストーリー（2）	ワンルムストリ
one-room-story	One-room story	standard	3	9784088631837	ワンルームストーリー（3）	ワンルムストリ
one-room-story	One-room story	standard	4	9784088631844	ワンルームストーリー（4）	ワンルムストリ
one-room-story	One-room story	standard	5	9784088631851	ワンルームストーリー（5）	ワンルムストリ
one-room-story	One-room story	standard	6	9784088631868	ワンルームストーリー（6）	ワンルムストリ
one-room-story	One-room story	standard	7	9784088631875	ワンルームストーリー（7）	ワンルムストリ
one-room-story	One-room story	standard	8	9784088631882	ワンルームストーリー（8）	ワンルムストリ
oratorio-scape	ORATORIO SCAPE	standard	1	9784403611742	オラトリオ・スケープ（1）	オラトリオスケプ
oratorio-scape	ORATORIO SCAPE	standard	2	9784403612169	オラトリオ・スケープ（2）	オラトリオスケプ
oratorio-scape	ORATORIO SCAPE	standard	3	9784403612589	オラトリオ・スケープ（3）	オラトリオスケプ
oratorio-scape	ORATORIO SCAPE	standard	4	9784403612916	オラトリオ・スケープ（4）	オラトリオスケプ
oratorio-scape	ORATORIO SCAPE	standard	5	9784403613319	オラトリオ・スケープ（5）	オラトリオスケプ
oratorio-scape	ORATORIO SCAPE	standard	6	9784403613869	オラトリオ・スケープ（6）	オラトリオスケプ
orfina	Orfina	standard	1	9784893672568	オルフィ-ナ（1）	オルフィナ
orfina	Orfina	standard	2	9784049260779	オルフィーナ（2）	オルフィナ
orfina	Orfina	standard	3	9784049260953	オルフィーナ（3）	オルフィナ
orfina	Orfina	standard	4	9784049261011	オルフィーナ（4）	オルフィナ
orfina	Orfina	standard	5	9784049261196	オルフィーナ（5）	オルフィナ
orfina	Orfina	standard	6	9784049261325	オルフィーナ（6）	オルフィナ
orfina	Orfina	standard	7	9784049261622	オルフィーナ（8）	オルフィナ
orfina	Orfina	standard	9	9784049261882	オルフィーナ（9）	オルフィナ
orfina	Orfina	standard	10	9784049262131	オルフィーナ（10）	オルフィナ
orfina	Orfina	standard	11	9784049262414	オルフィーナ（v．11）	オルフィナ
orfina	Orfina	standard	12	9784049262520	オルフィーナ（v．12）	オルフィナ
organ-box	Organ box	standard	1	9784821197910	オルゴンボックス	オルゴンボックス
original-quest	Original quest	standard	1	9784088711652	オリジナル　クエスト	オリジナルクエスト
pangaea-1990	PANGAEA	standard	1	9784403612299	パンゲア	パンゲア
pangaea-ezel	Pangaea ezel	standard	1	9784861270567	パンゲア・エゼル（1）	パンゲアエゼル
pangaea-ezel	Pangaea ezel	standard	2	9784861272516	パンゲア・エゼル（2）	パンゲアエゼル
pangaea-ezel	Pangaea ezel	standard	3	9784861273957	パンゲア・エゼル（3）	パンゲアエゼル
pangaea-ezel	Pangaea ezel	standard	4	9784861274909	パンゲア・エゼル（4）	パンゲアエゼル
pangaea-ezel	Pangaea ezel	standard	5	9784861275692	パンゲア・エゼル（5）	パンゲアエゼル
pangaea-ezel	Pangaea ezel	standard	6	9784861277153	パンゲア・エゼル（6）	パンゲアエゼル
pangaea-ezel	Pangaea ezel	standard	7	9784861278662	パンゲア・エゼル（7）（完）	パンゲアエゼル
pangaea	PANGAEA	standard	1	9784870254701	パンゲア（1）	パンゲア
pangaea	PANGAEA	standard	2	9784757501614	パンゲア（2）	パンゲア
pangaea	PANGAEA	standard	3	9784757503472	パンゲア（3）	パンゲア
pangaea	PANGAEA	standard	4	9784757505384	パンゲア（4）	パンゲア
pangaea	PANGAEA	standard	5	9784757506459	パンゲア（5）	パンゲア
paradise-lady	Paradise lady	standard	1	9784063140460	パラダイス・レディー（1）	パラダイスレディ
paradise-lady	Paradise lady	standard	2	9784063140569	パラダイス・レディー（2）	パラダイスレディ
paradise-lost	PARADISE LOST	standard	1	9784884757182	パラダイス・ロスト（1）	パラダイスロスト
paradise-wave	Paradise wave	standard	1	9784061701885	パラダイス・ウェイブ（1）	パラダイスウェイブ
paradise-wave	Paradise wave	standard	2	9784061702066	パラダイス・ウェイブ（2）	パラダイスウェイブ
paradise	パラダイス	standard	1	9784091366238	Paradise	paradise
partner	PARTNER	wideban	1	9784091347312	パートナー（1）	パトナ
partner	PARTNER	wideban	2	9784091347329	パートナー（2）	パトナ
partner	PARTNER	wideban	3	9784091347336	パートナー（3）	パトナ
partner	PARTNER	wideban	4	9784091347343	パートナー（4）	パトナ
partner	PARTNER	wideban	5	9784091347350	パートナー（5）	パトナ
partner	PARTNER	wideban	6	9784091347367	パートナー（6）	パトナ
partner	PARTNER	wideban	7	9784091347374	パートナー（7）	パトナ
partner	PARTNER	wideban	8	9784091347381	パートナー（8）	パトナ
peach-fight	ピーチファイト	standard	1	9784088776934	peach　fight！	peachfight
penetrator	PENETRATOR	standard	1	9784049261608	ペネトレイター（1）	ペネトレイタ
penetrator	PENETRATOR	standard	2	9784049261752	ペネトレイター（2）	ペネトレイタ
pet	ペット	standard	1	9784832282032	Pet	pet
phantom-wizard	PHANTOM WIZARD	standard	1	9784049261530	ファントムウィザード（1）	ファントムウィザド
phantom-wizard	PHANTOM WIZARD	standard	2	9784049261646	ファントムウィザード（2）	ファントムウィザド
phantom-wizard	PHANTOM WIZARD	standard	3	9784049261783	ファントムウィザード（3）	ファントムウィザド
phantom	PHANTOM!	standard	1	9784591083574	ファントム！（1）	ファントム
phantom	PHANTOM!	standard	2	9784591086391	ファントム！（2）	ファントム
phantom	PHANTOM!	standard	3	9784591090022	ファントム！（3）	ファントム
phantom	PHANTOM!	standard	4	9784591092927	ファントム！（4）	ファントム
planet-brute	PLANET BRUTE	standard	1	9784829183106	プラネット・ブル-ト（1）	プラネットブルト
planet-brute	PLANET BRUTE	standard	2	9784829183175	プラネット・ブル-ト（2）	プラネットブルト
pound-for-pound	パウンド フォー パウンド	standard	1	9784253210614	Pound　for　pound（1）	poundforpound
pound-for-pound	パウンド フォー パウンド	standard	2	9784253210621	Pound　for　pound（2）	poundforpound
pound-for-pound	パウンド フォー パウンド	standard	3	9784253210638	Pound　for　pound（3）	poundforpound
pound-for-pound	パウンド フォー パウンド	standard	4	9784253210645	Pound　for　pound（4）	poundforpound
pound-for-pound	パウンド フォー パウンド	standard	5	9784253210652	Pound　for　pound（5）	poundforpound
power-stone	POWER STONE	standard	1	9784063238808	パワーストーン	パワストン
pretty-cat-s-show-time	PRETTY CAT'S SHoW TIME	standard	1	9784877342517	プリティ・キャッツ・ショウタイム	プリティキャッツショウタイム
princess-bride-story	PRINCESS☆BRIDE☆STORY	standard	1	9784861271007	ぷりんせす・ぶらいど・すとーりー	プリンセスブライドストリ
proud-of-you	PROUD OF YOU	standard	1	9784403611377	プラウド・オブ　ユー	プラウドオブユ
psycho-busters	Psycho Busters	standard	1	9784063637137	サイコバスターズ（1）	サイコバスタズ
psycho-busters	Psycho Busters	standard	2	9784063637687	サイコバスターズ（2）	サイコバスタズ
psycho-busters	Psycho Busters	standard	3	9784063638233	サイコバスターズ（3）	サイコバスタズ
psycho-busters	Psycho Busters	standard	4	9784063638707	サイコバスターズ（4）	サイコバスタズ
psycho-busters	Psycho Busters	standard	5	9784063639452	サイコバスターズ（5）	サイコバスタズ
psycho-busters	Psycho Busters	standard	6	9784063639872	サイコバスターズ（6）	サイコバスタズ
psycho-busters	Psycho Busters	standard	7	9784063840513	サイコバスターズ（7）	サイコバスタズ
pumpkin-scissors	パンプキン・シザーズ	standard	1	9784063348798	Pumpkin　Scissors（1）	pumpkinscissors
pumpkin-scissors	パンプキン・シザーズ	standard	2	9784063348897	Pumpkin　Scissors（2）	pumpkinscissors
pumpkin-scissors	パンプキン・シザーズ	standard	3	9784063349771	Pumpkin　Scissors（3）	pumpkinscissors
pumpkin-scissors	パンプキン・シザーズ	standard	4	9784063720570	Pumpkin　Scissors（4）	pumpkinscissors
pumpkin-scissors	パンプキン・シザーズ	standard	5	9784063721638	Pumpkin　Scissors（5）	pumpkinscissors
pumpkin-scissors	パンプキン・シザーズ	standard	6	9784063722147	Pumpkin　Scissors（6）	pumpkinscissors
pumpkin-scissors	パンプキン・シザーズ	standard	7	9784063722970	Pumpkin　Scissors（7）	pumpkinscissors
pumpkin-scissors	パンプキン・シザーズ	standard	8	9784063723540	Pumpkin　Scissors（8）	pumpkinscissors
pumpkin-scissors	パンプキン・シザーズ	standard	9	9784063754636	Pumpkin　Scissors（9）	pumpkinscissors
pumpkin-scissors	パンプキン・シザーズ	standard	10	9784063755213	Pumpkin　Scissors（10）	pumpkinscissors
pumpkin-scissors	パンプキン・シザーズ	standard	11	9784063756913	Pumpkin　Scissors（11）	pumpkinscissors
pumpkin-scissors	パンプキン・シザーズ	standard	12	9784063758245	Pumpkin　Scissors（12）	pumpkinscissors
pumpkin-scissors	パンプキン・シザーズ	standard	14	9784063760033	Pumpkin Scissors（14）	pumpkinscissors
pumpkin-scissors	パンプキン・シザーズ	standard	15	9784063761436	Pumpkin Scissors（15）	pumpkinscissors
pumpkin-scissors	パンプキン・シザーズ	standard	16	9784063766912	Pumpkin　Scissors（16）	pumpkinscissors
pumpkin-scissors	パンプキン・シザーズ	standard	17	9784063768220	Pumpkin　Scissors（17）	pumpkinscissors
pumpkin-scissors	パンプキン・シザーズ	standard	18	9784063770018	Pumpkin　Scissors（18）	pumpkinscissors
pumpkin-scissors	パンプキン・シザーズ	standard	19	9784063771497	Pumpkin　Scissors（19）	pumpkinscissors
pumpkin-scissors	パンプキン・シザーズ	standard	20	9784063773293	Pumpkin　Scissors（20）	pumpkinscissors
pumpkin-scissors	パンプキン・シザーズ	standard	21	9784063932294	Pumpkin　Scissors（21）	pumpkinscissors
pumpkin-scissors	パンプキン・シザーズ	standard	22	9784065123607	Pumpkin　Scissors（22）	pumpkinscissors
pumpkin-scissors	パンプキン・シザーズ	standard	23	9784065176290	Pumpkin　Scissors（23）	pumpkinscissors
pumpkin-scissors	パンプキン・シザーズ	standard	24	9784065360880	Pumpkin　Scissors（24）	pumpkinscissors
purple	Purple	standard	2	9784091517524	パープル（2）	パプル
raburetaa-seo-2007	ラブレター	standard	1	9784063410389	Love　letter	loveletter
ragnarok	RAGNAROK	standard	1	9784047134447	ラグナロク（1）	ラグナロク
ragnarok	RAGNAROK	standard	2	9784047134973	ラグナロク（2）	ラグナロク
ragnarok	RAGNAROK	standard	3	9784047135383	ラグナロク（3）	ラグナロク
rangeman	RANGEMAN	standard	1	9784091206688	レンジマン（1）	レンジマン
rangeman	RANGEMAN	standard	2	9784091208255	レンジマン（2）	レンジマン
rangeman	RANGEMAN	standard	3	9784091210258	レンジマン（3）	レンジマン
rangeman	RANGEMAN	standard	4	9784091211538	レンジマン（4）	レンジマン
rangeman	RANGEMAN	standard	5	9784091212009	レンジマン（5）	レンジマン
re-birth	RE-BIRTH	standard	1	9784056001457	リ・バース	リバス
reach-man	リーチマン	standard	1	9784063871555	REACH　MAN（1）	reachman
reach-man	リーチマン	standard	2	9784063871746	REACH　MAN（2）	reachman
reach-man	リーチマン	standard	3	9784063872156	REACH　MAN（3）	reachman
real-kiss-2014	リアルキス	standard	1	9784091316462	Real Kiss	realkiss
red-sun-inc	RED SUN Inc	standard	1	9784091576491	レッドサン・インク（1）	レッドサンインク
red-sun-inc	RED SUN Inc	standard	2	9784091576729	レッドサン・インク（2）	レッドサンインク
red-sun-inc	RED SUN Inc	standard	3	9784091576934	レッドサン・インク（3）	レッドサンインク
red-sun-inc	RED SUN Inc	standard	4	9784091577481	レッドサン・インク（4）	レッドサンインク
reiko	レイコ	standard	1	9784088498904	Reiko	reiko
relife	リライフ	standard	12	9784803012958	ReLIFE（12）	relife
relife	リライフ	standard	13	9784803013245	ReLIFE（13）	relife
relife	リライフ	standard	14	9784803013559	ReLIFE（14）	relife
relife	リライフ	standard	15	9784803013849	ReLIFE（15）	relife
revenger	リベンジャー	standard	1	9784757587021	REVENGER（1）	revenger
revenger	リベンジャー	standard	2	9784757592759	REVENGER（2）(完)	revenger
reverb	Reverb	standard	1	9784049261868	リバーブ	リバブ
rifrein	Rifrein	standard	1	9784061754843	リフレイン	リフレイン
rifrein	Rifrein	standard	2	9784061021594	リフレイン（2）	リフレイン
rifrein	Rifrein	standard	3	9784061022027	リフレイン（3）	リフレイン
rifrein	Rifrein	standard	4	9784061022249	リフレイン（4）	リフレイン
rising-1989	RISING	standard	1	9784088617251	ライジング	ライジング
road-runner	Road runner	standard	1	9784088520483	ロードランナー（1）	ロドランナ
road-runner	Road runner	standard	2	9784088520490	ロードランナー（2）	ロドランナ
road-runner	Road runner	standard	3	9784088520506	ロードランナー（3）	ロドランナ
rozen-maiden-entr-acte	Rozen Maiden Entr'acte	standard	1	9784344806504	ローゼンメイデンアントラクト	ロゼンメイデンアントラクト
rozen-maiden	Rozen Maiden	standard	9	9784088795638	ローゼンメイデン（9）	ロゼンメイデン
rozen-maiden	Rozen Maiden	standard	10	9784088797779	ローゼンメイデン（10）	ロゼンメイデン
run-city	@RUN CITY	standard	1	9784091883117	アトランシティー	アトランシティ
ryuuichi-golf-manga	隆一ゴルフ漫画	standard	1	9784583028118	リュウイチゴルフマンガ	リュウイチゴルフマンガ
samuraiman	SAMURAIMAN	standard	1	9784253202718	サムライマン（1）	サムライマン
samuraiman	SAMURAIMAN	standard	2	9784253202725	サムライマン（2）	サムライマン
samuraiman	SAMURAIMAN	standard	3	9784253202732	サムライマン（3）	サムライマン
sand-lander	SAND LANDER	standard	1	9784257917335	サンドランダー	サンドランダ
sandman-1998	SANDMAN	standard	1	9784924914063	サンドマン（1）	サンドマン
sandman-1998	SANDMAN	standard	2	9784924914070	サンドマン（2）	サンドマン
sandman-1998	SANDMAN	standard	3	9784924914087	サンドマン（3）	サンドマン
sandman-1998	SANDMAN	standard	4	9784924914094	サンドマン（4）	サンドマン
sandman-1998	SANDMAN	standard	5	9784924914308	サンドマン（5）	サンドマン
santiago	SANTIAGO	standard	1	9784091864178	サンチャゴ（1）	サンチャゴ
santiago	SANTIAGO	standard	2	9784091868992	サンチャゴ（2）	サンチャゴ
secret-reverse	シークレットリバース	aizoban	1	9784087925531	SECRET REVERSE	secretreverse
secret-siblings	シークレット×シブリングス	standard	1	9784757542051	SECRET×SIBLINGS（1）	secret×siblings
secret-siblings	シークレット×シブリングス	standard	3	9784757545380	SECRET×SIBLINGS（3）	secret×siblings
seventeen-seventeen	SEVENTEEN SEVENTEEN	standard	1	9784063010053	セブンティーン・セブンティーン	セブンティンセブンティン
sewing	ソーイング	standard	1	9784253041010	SEWING（1）	sewing
sewing	ソーイング	standard	2	9784253041027	SEWING（2）	sewing
sewing	ソーイング	standard	3	9784253041034	SEWING（3）	sewing
sewing	ソーイング	standard	4	9784253041041	SEWING（4）	sewing
sewing	ソーイング	standard	5	9784253041058	SEWING（5）	sewing
sewing	ソーイング	standard	6	9784253041065	SEWING（6）	sewing
sewing	ソーイング	standard	7	9784253041072	SEWING（7）	sewing
sewing	ソーイング	standard	8	9784253041089	SEWING（8）	sewing
sewing	ソーイング	standard	9	9784253041096	SEWING（9）	sewing
sewing	ソーイング	standard	10	9784253041102	SEWING（10）	sewing
sewing	ソーイング	standard	11	9784253041119	SEWING（11）	sewing
shaman-king	シャーマンキング	standard	33	9784065228593	SHAMAN　KING（33）	shamanking
shaman-king	シャーマンキング	standard	34	9784065228609	SHAMAN　KING（34）	shamanking
shaman-king	シャーマンキング	standard	35	9784065236352	SHAMAN　KING（35）	shamanking
shoichi	Shoichi	standard	5	9784884754914	ショーイチ（5）	ショイチ
shoichi	Shoichi	standard	6	9784884755416	ショーイチ（6）	ショイチ
shoichi	Shoichi	standard	7	9784884755720	ショーイチ（7）	ショイチ
shoichi	Shoichi	standard	9	9784884756970	ショーイチ（9）	ショイチ
singles-1992	SINGLES	standard	1	9784063280210	シングルズ（1）	シングルズ
singles-1992	SINGLES	standard	2	9784063280272	シングルズ（2）	シングルズ
singles-1992	SINGLES	standard	3	9784063280319	シングルズ（3）	シングルズ
sleeping-beauty-clinic	Sleeping beauty clinic	standard	1	9784893673688	スリーピング・ビューティ・クリニック（1）	スリピングビュティクリニック
sleeping-beauty-clinic	Sleeping beauty clinic	standard	3	9784893673695	スリーピング・ビューティ・クリニック（2）	スリピングビュティクリニック
snow-2006	SNOW	standard	1	9784088497051	スノウ	スノウ
soccer-boy	サッカーボーイ	standard	1	9784403613104	SOCCER　BOY	soccerboy
sonic-deserter	ソニック・デザーター	bunkobon	1	9784796204972	Sonic　deserter	sonicdeserter
sonic-wizard	SONIC WIZARD	standard	1	9784884757557	ソニック・ウィザード（1）	ソニックウィザド
sonic-wizard	SONIC WIZARD	standard	2	9784884758530	ソニック・ウィザード（2）	ソニックウィザド
sonic-wizard	SONIC WIZARD	standard	3	9784812450918	ソニック・ウィザード（3）	ソニックウィザド
soul-gadget	SOUL GADGET	standard	1	9784049262179	ソウルガジェット（1）	ソウルガジェット
spin-out	SPIN OUT	standard	1	9784091255518	スピンナウト（1）	スピンナウト
spin-out	SPIN OUT	standard	2	9784091255525	スピンナウト（2）	スピンナウト
spin-out	SPIN OUT	standard	3	9784091255532	スピンナウト（3）	スピンナウト
spin-out	SPIN OUT	standard	4	9784091255549	スピンナウト（4）	スピンナウト
spree-killer	スプリー★キラー	standard	1	9784893937025	SPREE★KILLER（＃1）	spree★killer
spree-killer	スプリー★キラー	standard	2	9784893937803	SPREE★KILLER（＃2）	spree★killer
sssspecial	SSSSPECIAL	standard	1	9784403611940	エスエスエススペシャル	エスエスエススペシャル
stallion	STALLION	standard	1	9784886728135	スタリオン（1）	スタリオン
stallion	STALLION	standard	2	9784886728241	スタリオン（2）	スタリオン
star-collector	STAR COLLECTOR	standard	1	9784906268023	スターコレクター	スタコレクタ
star-flight	スタア★フライト	standard	1	9784403665073	STAR☆Flight	star☆flight
star-gazer	STAR GAZER	standard	1	9784870251724	スターゲイザー（1）	スタゲイザ
star-gazer	STAR GAZER	standard	2	9784870252004	スターゲイザー（2）	スタゲイザ
star-gazer	STAR GAZER	standard	3	9784870252264	スターゲイザー（3）	スタゲイザ
star-head	Star head	standard	1	9784906268504	スタ-ヘッド	スタヘッド
star-ocean	STAR OCEAN	standard	1	9784870254268	スターオーシャン	スタオシャン
starship-operators	StarShip Operators	standard	1	9784840229227	スターシップ・オペレーターズ（1）	スタシップオペレタズ
starship-operators	StarShip Operators	standard	2	9784840231022	スターシップ・オペレーターズ（2）	スタシップオペレタズ
stay-gold	STAY GOLD	standard	1	9784063634303	ステイゴールド（1）	ステイゴルド
stay-gold	STAY GOLD	standard	2	9784063634310	ステイゴールド（2）	ステイゴルド
stay-gold	STAY GOLD	standard	3	9784063634570	ステイゴールド（3）	ステイゴルド
stray-keys	ストレイキーズ	standard	1	9784757523609	STRAYKEYS（1）	straykeys
stray-keys	ストレイキーズ	standard	2	9784757524934	STRAYKEYS（2）	straykeys
stray-little-devil	STRAY LITTLE DEVIL	standard	1	9784840229562	ストレイ　リトル　デビル（1）	ストレイリトルデビル
stray-little-devil	STRAY LITTLE DEVIL	standard	2	9784840231619	ストレイ　リトル　デビル（2）	ストレイリトルデビル
stray-little-devil	STRAY LITTLE DEVIL	standard	3	9784840233682	ストレイ　リトル　デビル（3）	ストレイリトルデビル
studio-five	STUDIO FIVE	standard	1	9784592146827	ステューディオ5（1）	ステュディオ5
studio-five	STUDIO FIVE	standard	2	9784592146834	ステューディオ5（2）	ステュディオ5
supanguru	スパングル	standard	1	9784792602369	Spangle	spangle
susperia-select	Susperia select	standard	1	9784253129336	サスペリアセレクト（1）	サスペリアセレクト
swing-style	スイング・スタイル	standard	1	9784088772059	Swing-style（1）	swingstyle
swing-style	スイング・スタイル	standard	2	9784088773889	Swing-style（2）	swingstyle
sword-gale	ソードゲイル	standard	1	9784063721409	SWORD　GALE（1）	swordgale
sword-gale	ソードゲイル	standard	2	9784063722291	SWORD　GALE（2）	swordgale
sword-gale	ソードゲイル	standard	3	9784063723328	SWORD　GALE（3）	swordgale
sword-gale	ソードゲイル	standard	4	9784063754933	SWORD　GALE（4）	swordgale
synchronicity	SYNCHRONICITY	standard	1	9784088755533	シンクロニシティ（1）	シンクロニシティ
synchronicity	SYNCHRONICITY	standard	2	9784088760049	シンクロニシティ（2）	シンクロニシティ
synchronicity	SYNCHRONICITY	standard	3	9784088762074	シンクロニシティ（3）	シンクロニシティ
taboo-tattoo	タブー・タトゥー	standard	1	9784840129893	TABOO TATTOO（01）	tabootattoo
taboo-tattoo	タブー・タトゥー	standard	2	9784840133654	TABOO TATTOO（02）	tabootattoo
taboo-tattoo	タブー・タトゥー	standard	3	9784840137522	TABOO　TATTOO（03）	tabootattoo
taboo-tattoo	タブー・タトゥー	standard	4	9784840140362	TABOO　TATTOO（04）	tabootattoo
take-moon	TAKE MOON	standard	1	9784758062824	テイクムーン	テイクムン
tales-of-destiny-inomata-2000	Tales of Destiny	standard	1	9784757202191	テイルズオブデスティニー（1）	テイルズオブデスティニ
tales-of-destiny-inomata-2000	Tales of Destiny	standard	5	9784757701489	テイルズオブデスティニー（5）	テイルズオブデスティニ
tales-of-eternia	Tales of Eternia	standard	1	9784757506244	テイルズオブエターニア（1）	テイルズオブエタニア
tales-of-eternia	Tales of Eternia	standard	2	9784757507418	テイルズオブエターニア（2）	テイルズオブエタニア
tales-of-the-abyss-2006	テイルズオブジアビス	standard	3	9784861272899	Tales　of　the　abyss（3）	talesoftheabyss
the-bird	ザ・バード	standard	1	9784088617596	THE　BIRD（1）	thebird
the-bird	ザ・バード	standard	2	9784088617602	THE　BIRD（2）	thebird
the-cigar-story	ザ・シガー・ストーリー	standard	1	9784087803563	The cigar story	thecigarstory
the-mad-pachi-slot-brother-s	THE MAD PACHI-SLOT BROTHER'S	standard	1	9784893676801	ザ・マッドパチスロブラザーズ（1）	ザマッドパチスロブラザズ
the-mad-pachi-slot-brother-s	THE MAD PACHI-SLOT BROTHER'S	standard	3	9784893677419	ザ・マッドパチスロブラザ-ズ（3）	ザマッドパチスロブラザズ
the-mad-pachi-slot-brother-s	THE MAD PACHI-SLOT BROTHER'S	standard	4	9784893678003	ザ・マッドパチスロブラザ-ズ（第4巻）	ザマッドパチスロブラザズ
the-moon	ザ・ムーン	bunkobon	1	9784091921918	THE MOON（1）	themoon
the-moon	ザ・ムーン	bunkobon	2	9784091921925	THE MOON（2）	themoon
the-moon	ザ・ムーン	bunkobon	3	9784091921932	THE MOON（3）	themoon
the-moon	ザ・ムーン	bunkobon	4	9784091921949	THE MOON（4）	themoon
the-rapeman	THE レイプマン	standard	2	9784883321667	THE　RAPEMAN（2）	therapeman
third-gear	Third gear	standard	1	9784575932355	サード・ギア	サドギア
thriller	THRILLER	standard	1	9784253038430	スリラー（1）	スリラ
thriller	THRILLER	standard	2	9784253038447	スリラー（v．2）	スリラ
tim-burton-s-the-nightmare-before-christmas	TIM BURTON'S THE NIGHTMARE BEFORE CHRISTMAS	deluxe	1	9784063349368	ティム・バートン　ナイトメアー・ビフォア・クリスマス	ティムバトンナイトメアビフォアクリスマス
tim-burton-s-the-nightmare-before-christmas	TIM BURTON'S THE NIGHTMARE BEFORE CHRISTMAS	standard	1	9784063640915	ティム・バートン　ナイトメアー・ビフォア・クリスマス	ティムバトンナイトメアビフォアクリスマス
to-y-2016	TO-Y	standard	1	9784091213518	トーイ（1）	トイ
to-y-2016	TO-Y	standard	2	9784091213525	トーイ（2）	トイ
to-y-2016	TO-Y	standard	3	9784091213532	トーイ（3）	トイ
to-y-2016	TO-Y	standard	4	9784091213549	トーイ（4）	トイ
to-y-2016	TO-Y	standard	5	9784091213556	トーイ（5）	トイ
to-y-2016	TO-Y	standard	6	9784091213563	トーイ（6）	トイ
to-y-2016	TO-Y	standard	7	9784091213570	トーイ（7）	トイ
to-y-2016	TO-Y	standard	8	9784091213587	トーイ（8）	トイ
to-y-2016	TO-Y	standard	9	9784091213594	トーイ（9）	トイ
to-y-2016	TO-Y	standard	10	9784091213600	トーイ（10）	トイ
to-y-2016	TO-Y	bunkobon	1	9784091930514	トーイ（1）	トイ
to-y-2016	TO-Y	bunkobon	2	9784091930521	トーイ（2）	トイ
to-y-2016	TO-Y	bunkobon	3	9784091930538	トーイ（3）	トイ
to-y-2016	TO-Y	bunkobon	4	9784091930545	トーイ（4）	トイ
to-y-2016	TO-Y	bunkobon	5	9784091930552	トーイ（5）	トイ
to-y-2016	TO-Y	bunkobon	6	9784091930569	トーイ（6）	トイ
tokyo-barudo	東京バルド	standard	1	9784757526266	TOKYO　BARDO（1）	tokyobardo
tokyo-barudo	東京バルド	standard	2	9784757527607	TOKYO　BARDO（2）	tokyobardo
tokyo-barudo	東京バルド	standard	3	9784757529465	TOKYO　BARDO（3）	tokyobardo
tokyo-barudo	東京バルド	standard	4	9784757531758	TOKYO BARDO（4）	tokyobardo
tokyo-barudo	東京バルド	standard	5	9784757531765	TOKYO BARDO（5）	tokyobardo
tokyo-tribe	Tokyo tribe	deluxe	1	9784796605885	トーキョー・トライブ	トキョトライブ
tokyo-tribe	Tokyo tribe	standard	1	9784568730012	トーキョー・トライブ	トキョトライブ
toy-doll	TOY DOLL	standard	1	9784396760656	トイ・ドール	トイドル
trickys	TRICKYS	standard	1	9784757506510	トリッキーズ（1）	トリッキズ
trickys	TRICKYS	standard	2	9784757507678	トリッキーズ（2）	トリッキズ
trickys	TRICKYS	standard	3	9784757508637	トリッキーズ（3）	トリッキズ
trickys	TRICKYS	standard	4	9784757509412	トリッキーズ（4）	トリッキズ
trigun	トライガン	standard	1	9784198301279	Trigun（1）	trigun
trigun	トライガン	standard	2	9784198301446	Trigun（2）	trigun
trigun	トライガン	standard	3	9784198301859	Trigun（3）	trigun
trippa	TRIPPA!	standard	1	9784766334265	トリッパ	トリッパ
true-colors	TRUE COLORS	standard	1	9784821195190	トゥルー・カラーズ	トゥルカラズ
turning-point-2017	ターニングポイント	standard	1	9784864105736	TURNING　POINT	turningpoint
twin-signal	ツインシグナル	bunkobon	1	9784257722649	Twin　signal（1）	twinsignal
twin-signal	ツインシグナル	bunkobon	2	9784257722694	Twin　signal（2）	twinsignal
twin-signal	ツインシグナル	bunkobon	3	9784257722724	Twin　signal（3）	twinsignal
twin-signal	ツインシグナル	bunkobon	4	9784257722779	Twin　signal（4）	twinsignal
twin-signal	ツインシグナル	bunkobon	5	9784257722816	Twin　signal（5）	twinsignal
twin-signal	ツインシグナル	bunkobon	6	9784257722854	Twin　signal（6）	twinsignal
twin-signal	ツインシグナル	bunkobon	7	9784257722892	Twin　signal（7）	twinsignal
twin-signal	ツインシグナル	bunkobon	8	9784257722946	Twin　signal（8）	twinsignal
twin-signal	ツインシグナル	bunkobon	9	9784257722991	Twin　signal（9）	twinsignal
twin-signal	ツインシグナル	bunkobon	10	9784257723059	Twin　signal（10）	twinsignal
twin-signal	ツインシグナル	bunkobon	11	9784257723134	Twin　signal（11）	twinsignal
twin	ツイン	standard	1	9784091510211	TWIN（1）	twin
twin	ツイン	standard	2	9784091510228	TWIN（2）	twin
twin	ツイン	standard	3	9784091510235	TWIN（3）	twin
twin	ツイン	standard	4	9784091510242	TWIN（4）	twin
twinkle	twinkle	standard	1	9784838708970	ツインクル	ツインクル
under-the-rose	アンダーザローズ	deluxe	1	9784344803169	Under　the　Rose（1）	undertherose
under-the-rose	アンダーザローズ	deluxe	2	9784344804555	Under　the　Rose（2）	undertherose
under-the-rose	アンダーザローズ	deluxe	3	9784344806528	Under　the　Rose（3）	undertherose
under-the-rose	アンダーザローズ	deluxe	4	9784344808669	Under　the　Rose（4）	undertherose
under-the-rose	アンダーザローズ	deluxe	5	9784344811713	Under the Rose（5）	undertherose
under-the-rose	アンダーザローズ	deluxe	6	9784344816480	Under the Rose（6）	undertherose
under-the-rose	アンダーザローズ	deluxe	7	9784344822948	Under the Rose（7）	undertherose
under-the-rose	アンダーザローズ	deluxe	8	9784344829909	Under　the　Rose（8）	undertherose
under-the-rose	アンダーザローズ	deluxe	9	9784344835696	Under　the　Rose（9）	undertherose
under-the-rose	アンダーザローズ	deluxe	10	9784344841222	Under　the　Rose（10）	undertherose
under-the-rose	アンダーザローズ	bunkobon	1	9784344813670	UNDER　THE　ROSE	undertherose
untitled	UNTITLED	deluxe	1	9784048529389	アンタイトルド	アンタイトルド
valkyrie-profile-2-silmeria	VALKYRIE PROFILE 2 SILMERIA	standard	1	9784757519510	ヴァルキリープロファイル2シルメリア（1）	ヴァルキリプロファイル2シルメリア
valkyrie-profile-2-silmeria	VALKYRIE PROFILE 2 SILMERIA	standard	2	9784757521384	ヴァルキリープロファイル2シルメリア（2）	ヴァルキリプロファイル2シルメリア
valkyrie-profile-2-silmeria	VALKYRIE PROFILE 2 SILMERIA	standard	3	9784757523036	ヴァルキリープロファイル2シルメリア（3）	ヴァルキリプロファイル2シルメリア
valkyrie-profile-2-silmeria	VALKYRIE PROFILE 2 SILMERIA	standard	4	9784757525429	ヴァルキリープロファイル2シルメリア（4）	ヴァルキリプロファイル2シルメリア
valkyrie-profile-2000	VALKYRIE PROFILE	standard	2	9784757502079	ヴァルキリープロファイル（第2集）	ヴァルキリプロファイル
valkyrie-profile-2001-2	VALKYRIE PROFILE	standard	6	9784757504554	ヴァルキリープロファイル（第6集）	ヴァルキリプロファイル
valkyrie-profile-2001	VALKYRIE PROFILE	standard	5	9784757503953	ヴァルキリープロファイル（第5集）	ヴァルキリプロファイル
valkyrie-profile	VALKYRIE PROFILE	standard	1	9784757501805	ヴァルキリープロファイル（第1集）	ヴァルキリプロファイル
valkyrie-profile	VALKYRIE PROFILE	standard	2	9784757504226	ヴァルキリープロファイル（2）	ヴァルキリプロファイル
valkyrie-profile	VALKYRIE PROFILE	standard	3	9784757502611	ヴァルキリープロファイル（第3集）	ヴァルキリプロファイル
valkyrie-profile	VALKYRIE PROFILE	standard	4	9784757502895	ヴァルキリープロファイル（第4集）	ヴァルキリプロファイル
valkyrie-profile	VALKYRIE PROFILE	standard	7	9784757506145	ヴァルキリープロファイル（第7集）	ヴァルキリプロファイル
vattroller-x	バトローラーX	standard	1	9784088736907	バトローラーエックス（1）	バトロラエックス
vattroller-x	バトローラーX	standard	2	9784088738246	バトローラーエックス（2）	バトロラエックス
vattroller-x	バトローラーX	standard	3	9784088738925	バトローラーエックス（3）	バトロラエックス
venus	Venus	standard	1	9784845805594	ヴィーナス（1）	ヴィナス
venus	Venus	standard	2	9784845805600	ヴィーナス（2）	ヴィナス
vice	Vice	standard	1	9784048523363	バイス（1）	バイス
voice-1991	Voice	bunkobon	1	9784883157525	ヴォイス	ヴォイス
walkin-butterfly	Walkin' butterfly	standard	1	9784776792215	ウォーキン バタフライ（1）	ウォキンバタフライ
waqwaq	WaqWaq	bunkobon	1	9784086188418	ワークワーク（1）	ワクワク
waqwaq	WaqWaq	bunkobon	2	9784086188425	ワークワーク（2）	ワクワク
waqwaq	WaqWaq	bunkobon	3	9784086188432	ワークワーク（3）	ワクワク
wave	Wave	standard	1	9784253149334	ウェーブ（1）	ウェブ
wave	Wave	standard	2	9784253149341	ウェーブ（2）	ウェブ
wild-adapter	WILD ADAPTER	standard	1	9784199601613	ワイルドアダプター（01）	ワイルドアダプタ
wild-life	WILD LIFE	standard	1	9784091264213	ワイルドライフ（1）	ワイルドライフ
wild-life	WILD LIFE	standard	2	9784091264220	ワイルドライフ（2）	ワイルドライフ
wild-life	WILD LIFE	standard	3	9784091264237	ワイルドライフ（3）	ワイルドライフ
wild-life	WILD LIFE	standard	4	9784091264244	ワイルドライフ（4）	ワイルドライフ
wild-life	WILD LIFE	standard	5	9784091264251	ワイルドライフ（5）	ワイルドライフ
wild-life	WILD LIFE	standard	6	9784091264268	ワイルドライフ（6）	ワイルドライフ
wild-life	WILD LIFE	standard	7	9784091264275	ワイルドライフ（7）	ワイルドライフ
wild-life	WILD LIFE	standard	8	9784091264282	ワイルドライフ（8）	ワイルドライフ
wild-life	WILD LIFE	standard	9	9784091264299	ワイルドライフ（9）	ワイルドライフ
wild-life	WILD LIFE	standard	10	9784091264305	ワイルドライフ（10）	ワイルドライフ
wild-life	WILD LIFE	standard	11	9784091271914	ワイルドライフ（11）	ワイルドライフ
wild-life	WILD LIFE	standard	12	9784091271921	ワイルドライフ（12）	ワイルドライフ
wild-life	WILD LIFE	standard	13	9784091271938	ワイルドライフ（13）	ワイルドライフ
wild-life	WILD LIFE	standard	14	9784091271945	ワイルドライフ（14）	ワイルドライフ
wild-life	WILD LIFE	standard	15	9784091271952	ワイルドライフ（15）	ワイルドライフ
wild-life	WILD LIFE	standard	16	9784091200495	ワイルドライフ（16）	ワイルドライフ
wild-life	WILD LIFE	standard	17	9784091203472	ワイルドライフ（17）	ワイルドライフ
wild-life	WILD LIFE	standard	18	9784091204387	ワイルドライフ（18）	ワイルドライフ
wild-life	WILD LIFE	standard	19	9784091206268	ワイルドライフ（19）	ワイルドライフ
wild-life	WILD LIFE	standard	20	9784091207005	ワイルドライフ（20）	ワイルドライフ
wild-life	WILD LIFE	standard	21	9784091210098	ワイルドライフ（21）	ワイルドライフ
wild-life	WILD LIFE	standard	22	9784091210609	ワイルドライフ（22）	ワイルドライフ
wild-life	WILD LIFE	standard	23	9784091211644	ワイルドライフ（23）	ワイルドライフ
wild-life	WILD LIFE	standard	24	9784091212092	ワイルドライフ（24）	ワイルドライフ
wild-life	WILD LIFE	standard	25	9784091212993	ワイルドライフ（25）	ワイルドライフ
wild-life	WILD LIFE	standard	26	9784091213846	ワイルドライフ（26）	ワイルドライフ
winter-rose	Winter Rose	standard	1	9784063028782	ウィンター・ローズ	ウィンタロズ
wonder-bit	WONDER BIT	standard	1	9784756106438	ワンダービット（1）	ワンダビット
wonder-bit	WONDER BIT	standard	4	9784756109101	ワンダービット（4）	ワンダビット
wonder-bit	WONDER BIT	bunkobon	1	9784840120258	ワンダービット（1）	ワンダビット
wonder-bit	WONDER BIT	bunkobon	2	9784840120395	ワンダービット（2）	ワンダビット
wonder-bit	WONDER BIT	bunkobon	3	9784840120647	ワンダービット（3）	ワンダビット
wonder-school-boy	WONDER SCHOOL BOY	standard	1	9784091252111	ワンダー・スクール・ボーイ（1）	ワンダスクルボイ
wonder-school-boy	WONDER SCHOOL BOY	standard	2	9784091252128	ワンダー・スクール・ボーイ（2）	ワンダスクルボイ
wonder-school-boy	WONDER SCHOOL BOY	standard	3	9784091252135	ワンダー・スクール・ボーイ（3）	ワンダスクルボイ
wonder-school-boy	WONDER SCHOOL BOY	standard	4	9784091252142	ワンダー・スクール・ボーイ（4）	ワンダスクルボイ
wonder-school-boy	WONDER SCHOOL BOY	standard	5	9784091252159	ワンダー・スクール・ボーイ（5）	ワンダスクルボイ
wonder-school-boy	WONDER SCHOOL BOY	standard	6	9784091252166	ワンダー・スクール・ボーイ（6）	ワンダスクルボイ
wonder-school-boy	WONDER SCHOOL BOY	standard	7	9784091252173	ワンダー・スクール・ボーイ（7）	ワンダスクルボイ
wonder-school-boy	WONDER SCHOOL BOY	standard	8	9784091252180	ワンダー・スクール・ボーイ（8）	ワンダスクルボイ
worldend-fairytale	WORLDEND FAIRYTALE	standard	1	9784757502017	ワールドエンド・フェアリーテイル（1）	ワルドエンドフェアリテイル
worldend-fairytale	WORLDEND FAIRYTALE	standard	2	9784757503809	ワールドエンド・フェアリーテイル（2）	ワルドエンドフェアリテイル
worldend-fairytale	WORLDEND FAIRYTALE	standard	3	9784757505414	ワールドエンド・フェアリーテイル（3）	ワルドエンドフェアリテイル
worldend-fairytale	WORLDEND FAIRYTALE	standard	4	9784757508675	ワールドエンド・フェアリーテイル（4）	ワルドエンドフェアリテイル
x-men-1994-4	エックスメン	standard	2	9784884757106	X-men（2）	xmen
x-men-1994-4	エックスメン	standard	12	9784884757441	X-men（12）	xmen
young-alive-in-love	ヤング・アライブ・イン・ラブ	standard	1	9784088794525	Young，Alive，in　Love（01）	youngaliveinlove
young-alive-in-love	ヤング・アライブ・イン・ラブ	standard	2	9784088796253	Young，Alive，in　Love（02）	youngaliveinlove
young-alive-in-love	ヤング・アライブ・イン・ラブ	standard	3	9784088797793	Young，Alive，in　Love（03）	youngaliveinlove
young-and-tears	Young and tears	standard	1	9784821182909	ヤング・アンド・ティアーズ（1）	ヤングアンドティアズ
yuureigari	幽霊狩り	standard	1	9784061082267	ゆうれいがり	ユウレイガリ
zman	ZMAN	standard	1	9784870250024	ゼットマン（1）	ゼットマン
zman	ZMAN	standard	2	9784870250147	ゼットマン（2）	ゼットマン
zman	ZMAN	standard	3	9784870250260	ゼットマン（3）	ゼットマン
zman	ZMAN	standard	4	9784870250390	ゼットマン（4）	ゼットマン
zman	ZMAN	standard	5	9784870250512	ゼットマン（5）	ゼットマン
zman	ZMAN	standard	6	9784870250703	ゼットマン（6）	ゼットマン
zman	ZMAN	standard	7	9784870250857	ゼットマン（7）	ゼットマン
zman	ZMAN	standard	8	9784870250970	ゼットマン（8）	ゼットマン
zman	ZMAN	standard	9	9784870251137	ゼットマン（9）	ゼットマン
zman	ZMAN	standard	10	9784870251281	ゼットマン（10）	ゼットマン
zman	ZMAN	standard	11	9784870251359	ゼットマン（11）	ゼットマン
