isbn13	publisher	reason	title
9784823610318	ジーオーティー	adult_publisher	悪役令嬢E×EX
9784868120988	ワニマガジン社	adult_publisher	艶色シークレット
9784823610301	ジーオーティー	adult_publisher	甘色テンプテーション
9784861175046	文苑堂	adult_publisher	あまえづくし
9784823610271	ジーオーティー	adult_publisher	異世界来たのでスケベスキルで全力謳歌しようと思う. 3
9784868120971	ワニマガジン社	adult_publisher	異世界召喚されたので鍛え上げた肉体を駆使してスケベしようと思
9784868120995	ワニマガジン社	adult_publisher	いろめくシャングリラ
9784301004592	スクウェア・エニックス	title_keyword	華麗なるエロ漫画部. 1
9784861175039	文苑堂	adult_publisher	キミに火照る
9784861175022	文苑堂	adult_publisher	獣耳のリコリス. 4
9784823610325	ジーオーティー	adult_publisher	こーびしようよ
9784823610264	ジーオーティー	adult_publisher	子供には見せられない童話集
9784799221488	キルタイムコミュニケーション	adult_publisher	サキュバシスターズ : 聖職姉妹の背徳
9784823610547	ジーオーティー	adult_publisher	あなたは俺の運命でしょ!!
9784866539676	コアマガジン	adult_publisher	あまい言葉は恋に届く
9784799221631	キルタイムコミュニケーション	adult_publisher	甘恋ぼなぺてぃーと
9784799221747	キルタイムコミュニケーション	adult_publisher	異種交配実験 : 異形を産まされる美女たち
9784866539751	コアマガジン	adult_publisher	いろどりかぞく
9784823610486	ジーオーティー	adult_publisher	エロトラップダンジョン物語 : 夢見る冒険者達と呪われたサキ
9784799221617	キルタイムコミュニケーション	adult_publisher	エロバラエティ : ドスケベ企画でハメられ公開大絶頂!
9784868121053	ワニマガジン社	adult_publisher	えろびいき
9784823610448	ジーオーティー	adult_publisher	おねぇさんに喰われる。 : オフパコ相手は童貞好きのドS美女
9784868121046	ワニマガジン社	adult_publisher	おんなのこ。
9784799221648	キルタイムコミュニケーション	adult_publisher	快楽尋問でイキ地獄 : 別冊コミックアンリアル
9784775530597	オークラ出版	adult_publisher	カラダで覚えな俺の筆跡 : 幼なじみの書道家はなぞるように愛
9784861175060	文苑堂	adult_publisher	きみに堕ちる
9784098733170	小学館	title_keyword	99%サキュバスちゃん. 6
9784823610455	ジーオーティー	adult_publisher	義理ですからっ
9784799221730	キルタイムコミュニケーション	adult_publisher	くっ殺ヒロインズ. SP26
9784867782422	秋水社	adult_publisher	獣は贄に愛されたい. 下
9784832206113	芳文社	title_keyword	恋文と13歳の女優. 8
9784253013154	秋田書店	title_keyword	コンビニで出会ったエロい女の子と爛れきった関係になりました。
9784823610530	ジーオーティー	adult_publisher	最狂ヤンキーが僕だけに夢中な件!?
9784864958042	秋水社	adult_publisher	サイテーな高階くんは極甘な性獣でした. 3
9784867782088	秋水社	adult_publisher	アイネクライネをうたって. 3
9784799221242	キルタイムコミュニケーション	adult_publisher	アストロキング : 召喚勇者だけど下級認定されたのでメイドハ
9784823609756	ジーオーティー	adult_publisher	あなたとわたしの恋色模様
9784799221228	キルタイムコミュニケーション	adult_publisher	異世界魔術師は魔法を唱えない : THE COMIC. 7
9784868120858	ワニマガジン社	adult_publisher	陰キャ同士のセックスが一番エロいよね
9784866539379	コアマガジン	adult_publisher	うしちちガールズ
9784868120797	ワニマガジン社	adult_publisher	エロ漫研とかにようこそ!
9784434366871	ブラスト出版	adult_publisher	おーばーふろぉ. [8]
9784866539485	コアマガジン	adult_publisher	おしりで性処理はセックスでは、ない
9784867782095	秋水社	adult_publisher	可愛いあなたを壊したい : 幼馴染キュートアグレッション. 
9784866539249	コアマガジン	adult_publisher	君のえっちな弱点
9784868120865	ワニマガジン社	adult_publisher	ギャルすこパコる
9784823609879	ジーオーティー	adult_publisher	クズ女子が本気の恋に落ちるまで-NOiPA編-. 1
9784910582672	ジュネット	adult_publisher	黒革と悪人
9784758089043	一迅社	title_keyword	黒豹殿下、フェロモンがダダ漏れです! : 淫紋持ち神子ですが
9784799221273	キルタイムコミュニケーション	adult_publisher	軍属麗奴ツバキ淫れ散る三戦華THE COMIC
9784867782057	秋水社	adult_publisher	結婚、のち恋愛。 : 冷徹御曹司と身代わり結婚. 3
9784823609749	ジーオーティー	adult_publisher	極楽温泉物語
9784799221204	キルタイムコミュニケーション	adult_publisher	最強魔王は無双してたのに : 女体化解除のカギは人助けの旅で
9784823609978	ジーオーティー	adult_publisher	貴方の為に××されて…
9784823610004	ジーオーティー	adult_publisher	アモラルアイランド. 上
9784823609985	ジーオーティー	adult_publisher	S1女優の専属デカチンになるまで
9784823609923	ジーオーティー	adult_publisher	堕ちちゃってもいいよね
9784866539591	コアマガジン	adult_publisher	おっぱいたゆたゆ人妻さんの短編集
9784861174971	文苑堂	adult_publisher	恋は微熱を孕んで
9784823610134	ジーオーティー	adult_publisher	徒華ナイトメア
9784799221419	キルタイムコミュニケーション	adult_publisher	異世界女体化伝 : 欲望の末路
9784823610158	ジーオーティー	adult_publisher	幼なじみで恋人の彼女とシたいことぜんぶ. 2
9784861174995	文苑堂	adult_publisher	隠れビッチちゃんの日常
9784866539683	コアマガジン	adult_publisher	きみと、はじめて。
9784866539638	コアマガジン	adult_publisher	キミはやさしく寝取られる : Perfect Edition
9784868120919	ワニマガジン社	adult_publisher	ギャルとめっちゃ生ハメ中出しえっちするハナシ
9784799221297	キルタイムコミュニケーション	adult_publisher	くっ殺ヒロインズ. SP25
9784781625560	イースト・プレス	title_keyword	アオハルくんは今日もスケベできない!?
9784799221822	キルタイムコミュニケーション	adult_publisher	悪役令嬢はもう全部が嫌になったので、記憶喪失のふりをすること
9784823610752	ジーオーティー	adult_publisher	あこがれブレイキング
9784867782415	秋水社	adult_publisher	あんたの相棒はオレなんで!
9784823610783	ジーオーティー	adult_publisher	異世界召喚ギャルズと魔王討伐パコハメ旅!
9784866539928	コアマガジン	adult_publisher	陰キャに優しい世界
9784799221785	キルタイムコミュニケーション	adult_publisher	ATMおじさん : 異世界でモテ期が止まらない! : アート
9784832297234	芳文社	title_keyword	江口さんちの純情サキュバス. Volume 2
9784823610707	ジーオーティー	adult_publisher	エッジバトル・マネーショット
9784868121091	ワニマガジン社	adult_publisher	オフパコします?
9784823610738	ジーオーティー	adult_publisher	俺のこと、好きにならないでね。. episode02
9784799221815	キルタイムコミュニケーション	adult_publisher	顔も思い出せない婚約者に、婚約解消を提案しましたが : 一見
9784868121084	ワニマガジン社	adult_publisher	彼女はされたい
9784866539881	コアマガジン	adult_publisher	君は輝く月花のように
9784866539874	コアマガジン	adult_publisher	求愛惑星
9784823610745	ジーオーティー	adult_publisher	旧友と不倫してみた. 1
9784824016768	オーバーラップ	title_keyword	九条さんは一晩中抱けるド絶倫 : 豹変男子のイキすぎ絶頂テク
9784867782378	秋水社	adult_publisher	結婚、のち恋愛。 : 冷徹御曹司と身代わり結婚. 4
9784799221761	キルタイムコミュニケーション	adult_publisher	ゲームをしていると思ったらいつの間にか異世界にいた. 1
9784864958073	秋水社	adult_publisher	限界保育士と育児疲れの魔王様. 2
9784866539782	コアマガジン	adult_publisher	恋しない君と恋がしたい
9784799221839	キルタイムコミュニケーション	adult_publisher	恋は異なもの推しなもの
9784864958059	秋水社	adult_publisher	極愛!! : 今日から恋と極道、相続します. 1
9784065437971	講談社	title_keyword	色欲無双 : 変態スキルが暴走してヤリサーから追放された俺は
9784867782392	秋水社	adult_publisher	じゃない方の伯爵令嬢 : 人違いで求婚されたので破談にして差
9784861175091	文苑堂	adult_publisher	青春コンプレックス : タイムリープでエロ無双!! 2
9784867782408	秋水社	adult_publisher	聖女ルネスと獣の少年. 2
9784799221792	キルタイムコミュニケーション	adult_publisher	政略結婚の相手に「私のこと好きになって」とお祈りした結果. 
9784823610721	ジーオーティー	adult_publisher	ぜんぶ欲しがりな君のせい
9784868121114	ワニマガジン社	adult_publisher	だって発情しちゃうから
9784864958066	秋水社	adult_publisher	断固として婚約辞退はいたしません : 私がヒロインです. 1
9784799221778	キルタイムコミュニケーション	adult_publisher	ダンジョンを造ろう. 2
9784868121077	ワニマガジン社	adult_publisher	だんだんクセになる
9784868121107	ワニマガジン社	adult_publisher	ツー・オン・ワン
9784868121060	ワニマガジン社	adult_publisher	濡恋スイッチ
9784866539867	コアマガジン	adult_publisher	浜家さんはけっこうエロい
9784592166559	白泉社	title_keyword	ハメられた未亡人はPTAを許さない. 4
9784823610684	ジーオーティー	adult_publisher	ぱらのいあけ～じ. 8
9784823610653	ジーオーティー	adult_publisher	ビジュ・カワ
9784823610714	ジーオーティー	adult_publisher	フィクションがとまらない
9784575382495	双葉社	title_keyword	腐男子召喚 : 異世界で神獣にハメられました. 13
9784823610677	ジーオーティー	adult_publisher	ふわとろりっぷ
9784861175084	文苑堂	adult_publisher	ブライド・メイド
9784823610646	ジーオーティー	adult_publisher	真夜中の悪魔. 1
9784823610660	ジーオーティー	adult_publisher	無自覚な幼馴染と興味本位でヤってみたら
9784868121121	ワニマガジン社	adult_publisher	熱にあてられて
