empty_page	title	dest_title
aporon-no-kanashimi	アポロンの哀しみ	マンガギリシア神話
eiyuu-herakuresu	英雄ヘラクレス	マンガギリシア神話
higeki-no-ou-oidipusu	悲劇の王オイディプス	マンガギリシア神話
meikai-no-orufeusu	冥界のオルフェウス	マンガギリシア神話
odeyusseusu-no-koukai	オデュッセウスの航海	マンガギリシア神話
oryunposu-no-kamigami	オリュンポスの神々	マンガギリシア神話
toroi-no-mokuba	トロイの木馬	マンガギリシア神話
koha-ace-collection	コハエースこれくしょん	複数(2)
koha-ace-ekkusupii	コハエースXP	複数(2)
koha-ace-iiekkusu	コハエースEX	複数(2)
kafuka	カフカ	複数(3)
bibou-no-series	美貌のディテイル	June pride
hana-chiru-yoru-ni-kimi-o-omoeba	花散る夜にきみを想えば	June pride
kisetsu-hazure-no-kaidan	季節はずれのカイダン	June pride
jun-1997	純	ジュン
jun-2012	純	複数(2)
ajia-he-no-michi	千里の道も-アジアへの道-	複数(2)
aoi-shundou	あおい蠢動	あかい蠢動
shundou	蠢動	あかい蠢動
astaroth-2017	アスタロト・クロニクル	複数(2)
bidan-no-dendou-dii-ekkusu	美男の殿堂DX	美男の殿堂
bidan-no-dendou-zetto	美男の殿堂Z	美男の殿堂
dragon-quest	ドラゴンクエスト	複数(2)
fuufu-partner-kankei-mo-sore-de-ii	夫婦・パートナー関係もそれでいい。	それでいい。
yappari-sore-de-ii	やっぱり、それでいい。	それでいい。
gekiman-devilman-no-show	激マン!デビルマンの章	複数(2)
goburinzu-rai	ゴブリンズ・ライ	サタニックブランチ
ranpushieedo	ランプシェード	サタニックブランチ
home-sugihara-2010	HOME	ホーム
saishuu-sensou	最終戦争	複数(2)
kyuuso-wa-cheese-no-yume-o-miru-all-in-wan-edition	窮鼠はチーズの夢を見るオールインワンエディション	窮鼠はチーズの夢を見る
kyuuso-wa-cheese-no-yume-o-miru-reboot-edition	窮鼠はチーズの夢を見るリブートエディション	窮鼠はチーズの夢を見る
soredemo-majime-ni-danjo-kousai	それでもまじめに!男女交際	まじめに!男女交際
yappari-majime-ni-danjo-kousai	やっぱりまじめに!男女交際	まじめに!男女交際
neko-youkai-gorogoro	ねこようかいゴロゴロ	ねこようかい
neko-youkai-mugyutsu	ねこようかいムギュッ!	ねこようかい
takeru-1984	タケル	takeru
tales-of-destiny2	Tales of Destiny2	複数(2)
1-yamamoto-1993	'1'	複数(2)
4teen	4TEEN	14歳
24colors	24COLORS	COLORS カラーズ
5-2000	'5'	ファイブ
akai-kami-no-shounen	クリスマス	赤い髪の少年
amefuri-hime-to-sabaku-ouji	雨降り姫と砂漠王子	人魚姫と半魚人王子
amenohousoku	雨の法則	ラグナ戦記
angel-dust-neo-nanase-2003	ANGEL/DUST neo	エンジェル/ダスト
angelic-kanbaseeshon	エンジェリック・カンバセーション	Are you enemy?
aquarium-2000	アクアリウム	Aquarium
arc-the-lad-ii	Arc The Lad Ⅱ	アークザラッドⅡ
bakudan-1995	BAKUDAN	ばくだん
bara-no-kabin	ばらの花びん	ゴールデンライラック
blazblue	BLAZBLUE	ブレイブルー リミックスハート
boku-to-ohiru-o	僕とお昼を	稲作
kibando	牙人	ブッキラによろしく!
catwalk	キャットウォーク	CAT WALK
change-kitamura-2005	ちぇんじ!	Change!
check	Check!!	HAPPYのRECIPE
chocolat-no-mahou-memorial-collection	ショコラの魔法 ティアーズコレクション	ショコラの魔法 パーフェクトコレクション
crusader-kawaso-2002	クルセイダー	Crusader
darkness-2006	ダークネス	Darkness
desire-1989	デザイアー	Desire
dessin	dessin	NICO SAYS
dream	ドリーム	妖精王
fight-1996	ファイト!	Fight!
warattegoran	わらってごらん	画太郎先生ありがとう
gift-2009	ぎふと	Gift
ginneko-minmin	ぎんねこMINMIN	うさねこちゃん
majindensetsu	魔神伝説	ゴッドマジンガー
gogo-monster	GOGOモンスター	複数(2)
gon-selection	GON SELECTION	ゴン
gym-2000	ジム	Gym
heiwa-no-kane-series	平和の鐘シリーズ	中沢啓治平和マンガ作品集
high-score-aruko-2002	ハイスコア	HIGH SCORE
himawari-2011	向日葵	おひさま笑顔
hiyoko-brand	Hiyoko brand	おくさまは女子高生
nito-monogatari	二兎物語	Ichigo
idol-sousei-densetsu-princess	美少女創世伝説プリンセス	Princess
imagine-29	Imagine 29	イマジン
jihad-sadakane-1993	ジハード	Jihad
jipang	JIPANG	ジパング
shiroki-ouji-no-koimonogatari	白き王子の恋物語	女王を愛した暗殺者
junk-2005	ジャンク	JUNK
tenkafun	天花粉	階段宮殿
kimi-no-tonari	キミノトナリ	闇都市伝説
kurotokage-2019	黒トカゲ	黒とかげ
maya-2004	マヤ	Maya
mazin-saga-nagai	魔神サーガ	マジンサーガ
minamo-no-sato-minasoko-no-mori	水面の郷・水底の守	たたらの辻に…
mint-1997	MINT	眠兎
onegai-maruchi-kun	おねがい!マルチくん	軌道はずれの迷惑星
mobile-suit-gundam-f90	Mobile suit gundam F90	複数(3)
step-mother	Stepマザー	Mother
natsu-no-guuwa	夏の寓話	天人唐草
yoru-no-ryouiki	夜の領域	夏の思い出
urami	怨	呪
oz-manual	オズマニュアル	OZ
percolation-2010	パーコレイション	Percolation
pocket-monsters-special-2014	Pocket monsters special	複数(3)
real-kiss-2014	リアルキス	Real kiss
ring-inagaki-1999	リング	RiNG
ringo-takamochi	リンゴ	Ringo
shiroi-egumonto	白いエグモント	ウェディング・ドレス
silver-suetsugu-2005	Silver	シルバー
spiral-2003	SPIRAL	スパイラル
ultraman-g	ウルトラマンG	複数(2)
venus-2015	ヴィーナス	Venus
wani-bunsho-2010	82分署	ワニ分署
wings-1995	ウイングス	WINGS
worst-komuro-1970	ワースト	WORST
yoru-aruku-shitai	夜歩く死体	闇に光る幼女の目
you-2003	陽	YOH
