題相違	eikou-no-naporeon | eroika
題相違	hihon-gikeiki | masurao
題相違	hiyoko-brand | oku-sama-wa-joshikousei
題相違	akai-hitsuji-no-kokuin | hakushaku-cain | kafuka | wasure-rareta-juliet
題相違	aporon-no-kanashimi | eiyuu-herakuresu | higeki-no-ou-oidipusu | manga-girishia-shinwa | meikai-no-orufeusu | odeyusseusu-no-koukai | oryunposu-no-kamigami | toroi-no-mokuba
題相違	besuteia | ryuugetsushou
別著者	cue-2004 | cue
題相違	god-mazinger | majindensetsu
別著者	24colors | colors-1992
別著者	fire-emblem-thracia-776-2000 | fire-emblem-thracia-776
題相違	idol-sousei-densetsu-princess | princess
別著者	king-z | king
別著者	gift-2006 | gift-2012 | gift-hirose-2003
別著者	kuro-tokage | kurotokage-2019
題相違	shinpika-mizuki-shigeru-den | watashi-ha-gegege
別著者	tales-of-destiny-inomata-2000 | tales-of-destiny2
別著者	venus-2015 | venus