slug	title	db_nums	ndl_nums	class	fill_isbns
17sai	17歳	[2]	[]	NDL_NONE	
4-zun-yon	シーズン4	[4]	[]	NDL_NONE	
40-made-ni-shitai-10-no-koto	40までにしたい10のこと	[2]	[]	NDL_NONE	
5-nenburi-ni-tsunagaru-moto-kare-ishi-kara-tsutawaru-atsui-netsu	5年ぶりに繋がる元カレ医師から伝わる熱い熱	[2]	[]	NDL_NONE	
ai-no-fujitsubo	愛のふじつぼ	[1, 2]	[1, 2]	MISSING	
ai-no-shin-tairiku	愛の新大陸	[6]	[1]	TRUE_SINGLE	1:4088477057
aitora	#アイトラ	[1, 3]	[]	NDL_NONE	
aku-no-hana-2011	悪の華	[3]	[]	NDL_NONE	
akushumi-na-bigaku	悪趣味な美学	[7]	[1]	TRUE_SINGLE	1:4091787762
akuyaku-reijou-ni-tensei-shitara-risou-no-heya-ga-te-ni-hairimashita	悪役令嬢に転生したら理想の部屋が手に入りました!	[2]	[]	NDL_NONE	
amida-shizuku	阿弥陀しずく	[2]	[1, 2]	MISSING	1:9784864420044
angel	Angel	[1, 2, 3, 4, 5, 6, 7]	[]	NDL_NONE	
ano-hi-no-aozora	あの日の青空	[7]	[7]	CONT	
aoi-fuyuko	アオイ冬子	[1, 2]	[1, 2]	MISSING	
aozora-kazoku	あおぞら家族	[2]	[1, 2]	MISSING	1:9784871221719
aporon-ha-shit-suru	アポローンは嫉妬する	[2]	[1]	TRUE_SINGLE	1:4091787711
arakure-neverland	荒くれネバーランド	[2]	[1, 2]	MISSING	
arashi-to-ibuki	あらしといぶき	[2]	[1, 2]	MISSING	1:9784046065032
ashita-ai-kamoshirenai	あした愛かもしれない	[2]	[1, 2]	MISSING	1:9784758024082
atai-to-nechikoyan	あたいとネチコヤン	[2]	[]	NDL_NONE	
awayukishou	淡雪抄	[3]	[1]	TRUE_SINGLE	1:4253095712
ayashii-iyashi-no-yakumo-san	あやしい癒しの八雲さん	[2]	[1, 2]	MISSING	1:9784046835925
b-boy-luv	B-boy luv	[2]	[2]	CONT	
b-boy-petit	B-boyぷち	[2]	[2]	CONT	
banchou-kami-eshi-koitsu-desu	番長!神絵師コイツです!	[2]	[1, 2]	MISSING	
baroque-2017	バロック	[3]	[]	NDL_NONE	
batsutsu	バツッ!!	[2]	[]	NDL_NONE	
be-free	Be free!	[1, 2, 3, 4, 5, 6, 7, 8, 9, 10, 11, 12]	[]	NDL_NONE	
best-obu-tezuka-osamu	ベスト・オブ・手塚治虫	[2]	[1]	TRUE_SINGLE	1:4081063869
besuteia	ベスティア	[4]	[]	NDL_NONE	
biba-usagi-kozou	ビバ☆うさぎ小僧	[1, 2, 3, 4, 5]	[1, 2, 3, 4, 5]	MISSING	
biiparu-kozou-no-autodoa-kyouhon	ビーパル小僧のアウトドア教本	[2]	[2]	CONT	
black-jack-oavban	BLACK JACK OAV版	[1, 2]	[1, 2]	MISSING	
black-sweep-sisters	ブラック・スイープ・シスターズ	[3]	[3]	CONT	
bloody-monday-season-2-zetsubou-no-hako	Bloody Monday season 2 絶望ノ匣	[8]	[1, 2, 3, 4, 5, 6, 7, 8]	CONT	1:9784063842302;2:9784063842579;3:9784063843040;4:9784063843484;5:9784063843866;6:9784063844313;7:9784063844634
blush-dc	/Blush-DC	[1, 2, 3, 4, 5, 6, 7, 8, 9, 10]	[1, 2, 3, 4, 5, 6, 7, 8, 9, 10]	MISSING	
bocchi-jieikee-wa-obentou-o-tsukuru-koto-ni-shita	ぼっちJKはお弁当を作ることにした。	[1, 2]	[1, 2]	MISSING	
bolts-and-nuts-prologue	BOLTS AND NUTS!Prologue	[20]	[]	NDL_NONE	
bon-kudo	ボン	[2]	[]	NDL_NONE	
byakuyou-no-musume	白妖の娘	[1, 2, 3, 4]	[1, 2, 3, 4]	MISSING	
card-game-usagi	カードゲームうさぎ	[2]	[1, 2]	MISSING	1:9784040758589
chi-chotto-dake-kaettekita-kita-dokutaa-slump	ちちょっとだけかえってきたDr.SLUMP	[2]	[]	NDL_NONE	
chotto-matou-yo-harutora-kun	ちょっと待とうよ、春虎くん	[2]	[1, 2]	MISSING	1:9784403668364
cielo	Cielo	[3]	[]	NDL_NONE	
comic-hero	Comic HERO	[6]	[]	NDL_NONE	
comic-indeep	COMIC INDEEP	[3]	[3]	CONT	
contradict	コントラディクト	[2]	[1, 2]	MISSING	1:9784866575735
cool	COOL	[1, 2, 3, 4]	[]	NDL_NONE	
craibu	C-live	[4]	[4]	CONT	
daikazoku-gohan-monogatari	大家族ごはん物語	[2]	[]	NDL_NONE	
dainiji-chousen-sensou-yugio	第二次朝鮮戦争ユギオ	[2]	[2]	CONT	
dakara-katte-ni-yuusha-toka-haou-ni-nintei-sunno-yameroyo	だから勝手に勇者とか覇王に認定すんのやめろよ!	[2]	[1, 2]	MISSING	1:9784434309526
dakarete-tamaruka	抱かれてたまるか!	[2]	[]	NDL_NONE	
dakedo-kurasedo-suki-ga-ienai	抱けど暮らせど「好き」が言えない	[2]	[1, 2, 3]	MISSING	1:9784861239854;3:9784867871720
danna-sama-no-shitsukekata-next	だんな様のしつけ方 next	[2]	[1]	TRUE_SINGLE	1:9784091376206
danshaku-kouchou-hai	男爵校長high!	[2]	[2]	CONT	
daphne	ダフネー	[29]	[]	NDL_NONE	
daruma-tanaka-2004	達摩	[3]	[]	NDL_NONE	
david	David	[2]	[]	NDL_NONE	
deki-no-ii-kiss-warui-kiss	できのいいキス悪いキス	[1, 2]	[]	NDL_NONE	
dfk	DFK	[2]	[1, 2]	MISSING	
dokkiri-doctor	どっきりドクター	[1, 2, 3, 4]	[1, 2, 3, 4]	MISSING	
doridorikyasusan	ドリドリキャス子さん	[2]	[1]	TRUE_SINGLE	1:4797318023
dr-typhoon-1996	Dr.Typhoon	[2, 3, 5, 6, 8]	[2, 3, 5, 6, 8]	CONT	
dragon-efekuto-sakamoto-ryouma-ibun	ドラゴンエフェクト 坂本龍馬異聞	[3]	[1, 2, 3]	MISSING	1:9784864683098;2:9784864683180
eien-o-miru-musume	永遠を見る娘	[5]	[1]	TRUE_SINGLE	1:4592125029
elysion	エリュシオン	[5]	[1, 5]	MISSING	1:9784344825802
emerald-ha-kidoriya	エメラルドは気取り屋	[10]	[1]	TRUE_SINGLE	1:4091787797
f1-sokuhou-guranpuri-tengoku	F1速報グランプリ天国	[7]	[5, 6, 7]	CONT	5:9784779618673;6:9784779630767
feauei-no-samurai	フェアウェイの侍	[2]	[]	NDL_NONE	
feroumerou	フェロウメロウ	[2]	[]	NDL_NONE	
fight-2006	ファイト!	[3]	[]	NDL_NONE	
flcl	フリクリ	[1, 2, 3]	[1, 2]	MISSING	
fudanshi-no-ore-ga-youkya-osananajimi-ni-semarareteru-ken	腐男子の俺が陽キャ幼馴染に迫られてる件	[2]	[]	NDL_NONE	
fujiko-efu-fujio-ishoku-tanpenshuu	藤子・F・不二雄 異色短編集	[1, 2, 3]	[]	NDL_NONE	
fushigi-no-mori-no-monogatari	不思議の森の物語	[1, 2, 3]	[1, 2, 3]	MISSING	
fusoku-no-renjou	不測ノ恋情	[3]	[1, 3]	MISSING	
futago-saien	双子菜園	[1, 2, 5]	[1, 2, 3, 4, 5]	MISSING	3:9784065372937;4:9784065391235
futarijime-under-dog	ふたりじめアンダードッグ	[2]	[1, 2]	MISSING	1:9784799760581
gakuran-hachinengumi	ガクラン八年組	[1, 2, 3, 4, 5, 6, 7, 8, 9, 10, 11]	[1, 2, 3, 4, 5, 6, 7, 8, 9, 10, 11]	MISSING	
game-comic-collection	ゲームコミックコレクション	[2]	[2]	CONT	
garou-densetsu-kumocho-1996	餓狼伝説	[3]	[]	NDL_NONE	
garu	天馬の空	[4]	[1, 2, 3, 4]	MISSING	
ginga-tetsudou-no-yoru	銀河鉄道の夜	[1, 2]	[]	NDL_NONE	
girl	ガール	[2]	[]	NDL_NONE	
gokudou-domu-sabu	極道dom/sub	[2]	[1, 2]	MISSING	1:9784867780459
gokujou-rakuen-otoko	極上楽園男子	[2]	[1]	TRUE_SINGLE	1:9784091308498
gokuraku-houshinden	極楽封神伝	[3]	[]	NDL_NONE	
goudan-araki-mataemon	豪談荒木又右衛門	[1, 6]	[1]	TRUE_SINGLE	
goudan-gotou-matabee	豪談後藤又兵衛	[4]	[1]	TRUE_SINGLE	1:4120026817
goudan-hidari-jingorou	豪談左甚五郎	[9]	[1]	TRUE_SINGLE	1:4120028356
goudan-iwami-juutarou	豪談岩見重太郎	[7]	[1]	TRUE_SINGLE	1:4120027872
goudan-kirigakure-saizou	豪談霧隠才蔵	[1, 2]	[1]	TRUE_SINGLE	
goudan-musashibou-benkei	豪談武蔵坊弁慶	[1, 10]	[1]	TRUE_SINGLE	
goudan-raiden-tameemon	豪談雷電為右衛門	[8]	[1]	TRUE_SINGLE	1:4120028100
goudan-sanada-gunki	豪談真田軍記	[1, 5]	[1]	TRUE_SINGLE	
goudan-sarutobi-sasuke	豪談猿飛佐助	[1, 3]	[1]	TRUE_SINGLE	
gouman-sheikh-no-propose	傲慢シークのプロポーズ	[2]	[1, 2]	MISSING	1:9784776753735
gozen-0-ji-no-amai-wana	午前0時の甘い罠	[2]	[1, 2, 3]	MISSING	1:9784796415088;3:9784796418126
grand-vacances	グラン・バカン	[2]	[]	NDL_NONE	
grayscale-children	グレースケールチルドレン	[2]	[2]	CONT	
greed-packet-unlimited	グリードパケット∞	[4]	[4]	CONT	
guy-saito-1990	ガイ	[2]	[]	NDL_NONE	
haguhagu	はぐはぐ	[1, 3]	[1, 2, 3]	MISSING	2:4575725862
hakujou-ga-hakuhyou-o-fumu	薄情が薄氷を踏む	[12]	[1]	TRUE_SINGLE	1:4091786022
hal-ayase-2017	ハル	[2]	[]	NDL_NONE	
hametsu-machi-akuyaku-reijou-wa-zetsurin-kikoushi-ni-dakitsubusareru	破滅待ち悪役令嬢は絶倫貴公子に抱きつぶされる	[2]	[1, 2]	MISSING	1:9784867870730
hamster-no-kyuukyuubako	ハムスターの救急箱	[3]	[3]	CONT	
hana-arashi	華あらし	[5]	[1]	TRUE_SINGLE	1:4253095739
hana-ichimonme	花いちもんめ	[2]	[]	NDL_NONE	
hana-ikusa	華いくさ	[6]	[1]	TRUE_SINGLE	1:4253095747
hana-kariudo	花狩人	[13]	[1]	TRUE_SINGLE	1:4253910181
hana-omoi	華想ひ	[8]	[1]	TRUE_SINGLE	1:4253095976
hanabi-ga-agattara	花火が上がったら	[2]	[1]	TRUE_SINGLE	1:4253120962
hanna-of-the-z	はんなof the Z	[2]	[2]	CONT	
happy-birthday-komikku	ハッピーバースデー	[3]	[]	NDL_NONE	
heisei-kochikame-13-nen	平成こち亀13年	[7]	[1, 7]	MISSING	1:9784081150038
heiwa-no-kane-series	平和の鐘シリーズ	[20]	[1, 20]	MISSING	
hero-special	ヒーロースペシャル	[2]	[1, 2]	MISSING	1:4091408311
hi-hi-hi	Hi Hi Hi!	[1, 2]	[]	NDL_NONE	
hi-no-ataru-sakamichi	陽のあたる坂道	[3]	[]	NDL_NONE	
hidoku-shinaide-plus	酷くしないでplus +	[1, 2]	[1, 2]	MISSING	
hiiragi-buchou-no-panst-line	柊部長のパンストライン	[2]	[]	NDL_NONE	
himawari-ga-koi-o-shita-noha-dare	向日葵が恋をしたのは誰?	[4]	[1]	TRUE_SINGLE	1:4091787738
himegimi-no-tou-kizukurugan	姫君の塔-キズクルガン-	[3]	[]	NDL_NONE	
himitsu-ha-barashitemo-ii	秘密はバラしてもいい	[9]	[1]	TRUE_SINGLE	1:4091787789
hinako	HINAKO !!!	[2]	[]	NDL_NONE	
hisauchi-michio-kenkyuu-2-ai-no-tabou-ni-tsuite-sukebe-wa-tsurai-yotsu	ひさうちみちお研究2 愛の多忙について スケベはつらいよっ!	[2]	[1]	TRUE_SINGLE	1:447945005X
hito-wa-sore-o-furin-to-yobu	人はそれを不倫と呼ぶ	[2]	[2]	CONT	
hitomi-ni-utsuru-kimi-wa-zenbu-ore-no-mono	瞳に映るキミは、全部オレのもの	[2]	[]	NDL_NONE	
hitsukurikaetsuta-omochiyabako	ひっくりかえったおもちゃ箱	[1, 2]	[1]	TRUE_SINGLE	
hohoemi-o-kaeshitara	微笑みを返したら	[3]	[1]	TRUE_SINGLE	1:4253120970
holy-maruo-1996	Holy	[2]	[]	NDL_NONE	
honba-joshikou-manual	本場ぢょしこうマニュアル	[1, 2]	[1, 2]	MISSING	
honkon-tokusou-lady	香港特捜Lady	[2]	[1]	TRUE_SINGLE	1:4898291384
honomi-bureikutsu	ほのみぶれいくっ!	[2]	[2]	CONT	
hontou-ni-atta-nama-maji-giretsu-byouin-esupii	本当にあった〔○生〕マジギレッ病院SP	[2]	[]	NDL_NONE	
hoozuki-yo	鬼灯夜	[7]	[1]	TRUE_SINGLE	1:4253095755
hot-komyunikeeshiyon	あったかファミリー ホット・コミュニケーション	[2]	[1, 2]	MISSING	1:4061703749
i-san-kareshi	遺産彼氏。	[2]	[1, 2]	MISSING	1:9784861237447
igaguri-kun	イガグリくん	[1, 9]	[1, 2, 3]	MISSING	
ijippari-na-senpai-no-shitsukekata	意地っ張りな先輩のしつけ方	[2]	[]	NDL_NONE	
ijiwaru-na-tsugai	いじわるな番	[2]	[]	NDL_NONE	
iki-doll	生き人形	[1, 2]	[1]	TRUE_SINGLE	
ikinari-shinrensai	いきなり新連載	[2]	[2]	CONT	
imagine-2020	とよ田みのる短編集	[2]	[1, 2]	MISSING	1:9784091237354
inu-go	いぬ五	[5]	[1]	TRUE_SINGLE	1:9784107715470
invincible-iron-man-ironheart	インビンシブル・アイアンマン:アイアンハート	[2]	[]	NDL_NONE	
isekai-kara-elf-san-ga-ochitekita-nodesuga	異世界からエルフさんが落ちてきたのですが!?	[2]	[]	NDL_NONE	
itokoi-chidori	愛恋千鳥	[2]	[1]	TRUE_SINGLE	
itoshi-no-shippo-chan	愛しのしっぽちゃん	[2]	[1, 2]	MISSING	1:9784575381498
joker-2000-2	ジョーカー	[3]	[]	NDL_NONE	
julia-ga-kubittake	ジュリアが首ったけ	[1, 2, 3, 4, 5, 6, 7]	[1, 2, 3, 4, 5, 6, 7]	MISSING	
jun-1997	純	[1, 2]	[]	NDL_NONE	
junai-rakuen-otoko	潤愛楽園男子	[3]	[1]	TRUE_SINGLE	1:9784091311542
junai-yakuza-to-dousei-seikatsu	純愛ヤクザと同棲生活	[2]	[]	NDL_NONE	
junai	純愛	[3]	[]	NDL_NONE	
jungle	ジャングル	[3]	[]	NDL_NONE	
juukyouden	柔侠伝	[1, 2, 3, 8]	[1, 2, 3, 4, 5, 6, 7, 8, 9, 10, 11, 12]	MISSING	
juuou-mujin-no-kaze	縦横無尽の風	[11]	[1]	TRUE_SINGLE	1:4091787800
k-shitsuki-1988	K	[1, 2]	[]	NDL_NONE	
kaerenai-futari	帰れないふたり	[4]	[1]	TRUE_SINGLE	1:9784091670489
kago-no-naka-no-ohime-sama	籠の中のお姫様	[8]	[1]	TRUE_SINGLE	1:4091787770
kaii-san-to-ore	怪異さんと俺	[2]	[1, 2]	MISSING	1:9784046843654
kaika-ansatsuchou-tenpousen	開化暗殺帳天保銭	[2]	[2]	CONT	
kaiki-shinsatsushitsu	怪奇診察室	[1, 2]	[1, 2]	MISSING	
kairanban-no-etchi-na-rule-wa-zettai-desu	回覧板のエッチなルールは絶対です。	[2]	[]	NDL_NONE	
kaishain-no-merodii	かいしゃいんのメロディー	[1, 2, 3, 4]	[1, 2, 3, 4]	MISSING	
kaku-san	拡散	[1, 2]	[]	NDL_NONE	
karabuki-shitene	からぶき♥してね	[2]	[2]	CONT	
karutetto	かるってと	[2]	[2]	CONT	
kasei-no-hatsu-chan	火星の八ちゃん	[1, 2, 3]	[1, 2, 3]	MISSING	
kasumigaseki-furiimeeson	霞ヶ関フリーメーソン	[2]	[2]	CONT	
katei-kyoushi-hitman-reborn-chaos-destiny	家庭教師ヒットマンreborn!カオスデスティニー	[2]	[2]	CONT	
kawaisou-na-kimi-wa-boku-dake-no-amayaka-na-kizu	可哀想な君は僕だけの甘やかな傷	[2]	[0, 1, 2]	MISSING	0:9784403669903;1:9784403668623
kayou-manga-daizenshuu	歌謡マンガ大全集	[2]	[2]	CONT	
kaze-no-tenpei	風の天兵	[1, 2]	[1, 2]	MISSING	
keishichou-0-ka-no-onna	警視庁0課の女	[6]	[1, 6]	MISSING	1:4812413419
keroyoi-niigataben-sakaba	けろよい!新潟弁酒場	[2]	[1, 2]	MISSING	1:9784785973582
kifujin-ha-unazukanai	貴婦人は頷かない	[3]	[1]	TRUE_SINGLE	1:409178772X
kimi-no-shita-wa-dolce	君の舌はドルチェ	[2]	[]	NDL_NONE	
kimi-o-mae-ni-shitara-ore-wa-moutsu-nikushokuha-otoko-no-junjouna-yokujou	君を前にしたら俺はもうっ…肉食派男子の純情な欲情	[2]	[]	NDL_NONE	
king-of-pop	KING OF POP	[2]	[1, 2]	MISSING	1:9784791769582
kirishima-kun-wa-ijimetai	桐島くんはいじめたい	[3]	[]	NDL_NONE	
kisaki-to-kawa	后と河	[2]	[1, 2]	MISSING	
kitchen-ni-sumitai	キッチンに住みたい	[2]	[1, 2]	MISSING	1:9784824010483
kochira-tsubaki-sanfujinka	こちら椿産婦人科	[1, 2, 3, 4, 5, 6, 7, 8, 9, 10, 11, 12, 13, 14, 15, 16, 17, 18, 19, 20, 21, 22, 23, 24, 25, 26]	[1, 7, 8, 9, 10, 11, 12, 13]	MISSING	
koi-kara-wa-nigerarenai	恋からは逃げられない	[3]	[]	NDL_NONE	
koi-to-junrei	恋と巡礼	[8]	[]	NDL_NONE	
koisuru-milk-crown	恋するミルククラウン	[2]	[]	NDL_NONE	
kokou-no-ou-to-yotogi-no-jouai	孤高の王と夜伽の情愛	[2]	[]	NDL_NONE	
kono-kanojo	この彼女	[2]	[1, 2, 3, 4]	MISSING	1:9784063845129;3:9784063845716;4:9784063845907
kono-koi-wa-kitto-amasugiru	この恋はきっと、甘すぎる	[2]	[1, 2]	MISSING	1:9784403668616
kono-te-o-hanasanaide	この手を離さないで	[2]	[1, 2, 3]	MISSING	1:9784910526133;3:9784910526690
konoshitayami	木下闇	[14]	[1]	TRUE_SINGLE	1:4253910181
kore-wa-kitto-unmei-no-koi	これはきっと、運命の恋	[2]	[1, 2, 3]	MISSING	3:9784776755258
kotoza-no-regashii	こと座のレガシー	[2]	[]	NDL_NONE	
koukidou-gensou-ganpareedo-march-4-koma-manga-gekijou	高機動幻想ガンパレード・マーチ 4コママンガ劇場	[2]	[]	NDL_NONE	
koukoukyoushimonogatari	高校教師物語	[2]	[]	NDL_NONE	
kuchibeta-wa-koi-ni-jikoru	口下手は恋に事故る	[2]	[1, 2]	MISSING	1:9784799757673
kunpuuki	薫風記	[10]	[1]	TRUE_SINGLE	1:4253910181
kuro-no-koutaishi	黒の皇太子	[5]	[1]	TRUE_SINGLE	1:4091787746
kuzu-no-ha	葛の葉	[9]	[]	NDL_NONE	
kyoto-kagai-ha-konoyo-no-jigoku	京都花街はこの世の地獄	[2]	[1, 2]	MISSING	1:9784801943308
kyou-mo-neko-sama-no-atsu-ga-tsuyoi	今日もネコ様の圧が強い	[2]	[1, 2]	MISSING	1:9784046839879
kyoufu-kaiki	恐怖怪奇	[2]	[2]	CONT	
kyoufu-shinbun	恐怖新聞	[1, 2, 3, 4, 5, 6, 7, 8, 9]	[1, 2, 3, 4, 5, 6, 7]	MISSING	
kyuubanmenootoko	九番目の男	[1, 2, 3, 4, 5, 6, 7, 8]	[1, 2, 3, 4, 5, 6, 7, 8]	MISSING	
l-gion	LÉGION	[3]	[]	NDL_NONE	
la-vie-en-rose-1998	LA VIE EN ROSE	[2]	[]	NDL_NONE	
like-the-beast	Like the beast	[14]	[14]	CONT	
love-neko	ラブ・ネコ	[4]	[4]	CONT	
lovers	Lovers	[2]	[]	NDL_NONE	
machi	街	[1, 62]	[]	NDL_NONE	
madame-to-risou-no-android	マダムと理想のアンドロイド	[2]	[1, 2]	MISSING	1:9784046835765
magatsuhi-boshi	禍津日星	[15]	[1]	TRUE_SINGLE	1:4253910181
magatte-soorou	曲がってそーろう	[3]	[1]	TRUE_SINGLE	1:4898291856
magic-knight-rayearth	魔法騎士レイアース	[1, 2, 3]	[1]	TRUE_SINGLE	
magic-naito-rayearth-2	魔法騎士レイアース2	[1, 2, 3]	[1, 2, 3]	MISSING	
magical-girl-lyrical-nanoha-movie-1st-the-comics	Magical Girl Lyrical Nanoha mo	[2]	[1, 2]	MISSING	1:9784056070712
mahiru-no-tsuki	真昼の月	[2]	[2]	CONT	
maifurendo-doubutsubyouin-nisshi	MF動物病院日誌	[1, 2, 3, 4, 5, 6, 7, 8, 9, 10, 11, 12, 13, 14, 15, 16, 17, 18]	[1, 2, 3, 4, 5, 6, 7, 8, 9, 10, 11, 18]	MISSING	
makai-densetsu	魔界伝説	[2]	[1, 2]	MISSING	
makinonansensu	佐々木マキのナンセンサス世界	[6]	[1, 6]	MISSING	
mama-ha-tenparist	ママはテンパリスト	[1, 2, 3, 4]	[1, 2, 3, 4]	MISSING	
mamakatsu-hajimemashita	ママ活はじめました	[2]	[1, 2]	MISSING	1:9784434300288
manga-de-shitashimu-izumo-shinwa	マンガで親しむ出雲神話	[4]	[4]	CONT	
manga-heiki-saibaa-comics	漫画兵器サイバーコミックス	[4]	[4]	CONT	
manga-zankoku-nippon-banashi-inagaki	まんが残酷日本むかしばなし	[3]	[]	NDL_NONE	
mangaban-nobushi-no-gourmet	漫画版野武士のグルメ	[1, 3]	[1, 2, 3]	MISSING	2:9784344027398
mangataimumini	まんがタイムmini	[5]	[5]	CONT	
manhattan-op	マンハッタン・オプ	[3]	[1, 2, 3]	MISSING	2:4789700208
manka	漫歌	[1, 2]	[1, 2]	MISSING	
manmaru-highschool	まんまるハイスクール	[1, 2, 3, 4, 5]	[1, 2, 3, 4, 5]	MISSING	
mansion-neko-no-kyoumi-shinshin	マンションネコの興味シンシン	[2]	[]	NDL_NONE	
matador	マタドール	[2]	[]	NDL_NONE	
matsuoka-the-incredible	Matsuoka the incredible	[2]	[2, 3]	CONT	3:9784537173956
matte-suki	まって、好き。	[2]	[]	NDL_NONE	
mayonaka-no-raburetaa	真夜中のラブレター	[2]	[2]	CONT	
megurikuruharu	めぐりくるはる	[2]	[]	NDL_NONE	
meiji-no-ibuki	明治の息吹	[1, 2]	[]	NDL_NONE	
meme	メメ	[2]	[]	NDL_NONE	
meshi-baka	めしバカ	[5]	[5]	CONT	
miaki-hitamuki	みあき♥ひたむき	[4]	[4]	CONT	
mii-chan-to-yamada-san	みいちゃんと山田さん	[1, 2, 3, 4, 5, 6]	[1, 2, 3, 4, 5, 6]	MISSING	
milky-way	ミルキーウェイ	[1, 3]	[]	NDL_NONE	
mitsuki-kun-chotto-matte	ミツキくんちょっと待って!	[2]	[1, 2]	MISSING	1:9784758024396
miuman	みうまん	[1, 2]	[1, 2]	MISSING	
miyama-to-nanase-wa-mada-tomodachi	深山と七瀬はまだ友達?	[2]	[1, 2]	MISSING	
mizuki-kun-no-ai-ga-omosugiru	瑞樹くんの愛が重すぎる	[2]	[1, 2]	MISSING	1:9784867870082
mizuno-shinobu-no-risou-no-love	水野忍の理想の恋愛	[2]	[1, 2]	MISSING	1:9784403669354
momopan-clover-2012	MOMOPAN	[25]	[25]	CONT	
motto-otona-no-asobi	もっとオトナのアソビ	[2]	[1]	TRUE_SINGLE	1:9784840117968
muchashi	無茶四	[1, 2, 4]	[1, 2, 10]	MISSING	
nanda-kanda-de-onna-no-hashori-michi	なんだかんだで!女のはしょり道	[6]	[6]	CONT	
nandemo-tsurukame	なんでもツルカメ	[1, 2, 3]	[1, 2]	MISSING	
nefirimu-kusakabe-2008	ネフィリム	[3]	[3]	CONT	
neko-banashi	ねこばなし	[3]	[3]	CONT	
neongai-comics	ネオン街コミックス	[2]	[2]	CONT	
nigennayo-oku-san	逃げんなよ、奥さん。	[2]	[1, 2]	MISSING	1:9784434303661
nihonnorekishi	日本の歴史	[1, 2, 3, 4, 5, 6, 7, 8, 9, 10, 11, 12, 13, 14, 15, 16, 17, 18, 19, 20]	[]	NDL_NONE	
nikushimi-ni-hohoende	憎しみに微笑んで	[1, 3]	[]	NDL_NONE	
ninja-ninbetsuchou	忍者人別帖	[1, 2, 3]	[1, 2, 3]	MISSING	
ninkuu-2nd-stage	忍空2nd stage	[1, 2, 3, 4, 5, 6]	[2]	CONT	
ninpou-juuban-shoubu-shirato	忍法十番勝負	[2]	[1]	TRUE_SINGLE	1:4253014275
ninpou-juuban-shoubu	忍法十番勝負	[1, 3]	[1]	TRUE_SINGLE	
nippon-jinbutsushi	日本人物史	[4]	[]	NDL_NONE	
nouzui-jungle	脳髄ジャングル	[1, 2]	[1, 2]	MISSING	
nurse-station-kozan-1990	ナースステーション	[1, 2, 3, 4, 5]	[]	NDL_NONE	
oishii-otoko-no-tsukurikata	おいしい男の作り方	[1, 2]	[1, 2]	MISSING	
oki-ni-mesu-mama-1994	お気に召すまま。	[2]	[]	NDL_NONE	
oku-sama-hi-no-youjin	奥様火の用心!	[2]	[2]	CONT	
omega-senyou-kareshi	Ω専用カレシ	[2]	[]	NDL_NONE	
onii-chan-kara-nigerarenai	お兄ちゃんから逃げられない!	[2]	[1, 2]	MISSING	1:9784911186039
onna-no-ko-monogatari	おんなのこ物語	[1, 2, 3, 4, 5]	[1, 2, 3, 4, 5]	MISSING	
ookami-sama-no-ichizu-na-bouai	オオカミ様の一途な暴愛	[2]	[]	NDL_NONE	
ore-no-mae-de-nuretero	俺の前で濡れてろ	[2]	[1, 2]	MISSING	1:9784821138135
osaka-geijutsu-daigaku-kanan-bungei-manga-hen	大阪芸術大学河南文藝 漫画篇	[5]	[1, 5]	CONT	1:4883159264
osananajimi-ga-suki-kamo-shirenai	幼馴染が好きかもしれない	[2]	[1, 2]	MISSING	1:9784046068354
oshi-kimono	推し着物	[2]	[]	NDL_NONE	
oshie-danna-sama	教え❤旦那サマ	[6]	[]	NDL_NONE	
oyakodeka	おやこ刑事	[1, 2, 3, 4, 5, 6, 7, 8, 9, 10, 11, 12, 13, 14, 15, 16, 17, 18, 19, 20, 21, 22, 23, 24, 25]	[1, 2, 3, 4, 5, 6, 7, 8, 9, 10, 11, 12]	MISSING	
panchirasshu-jieikee-tara-chan	パンチラッシュJKタラちゃん	[1, 2, 3]	[1, 2, 3]	MISSING	
papa-kari-wa-komando-nante-hoshikunai	パパ (仮) はコマンドなんて欲しくない	[2]	[1, 2]	MISSING	1:9784867781401
papa-no-kokoro	パパのココロ	[2]	[1, 2, 3]	MISSING	1:4574000643;3:4574000856
pet-boy-s	Pet-boy's	[2]	[2]	CONT	
pit-bull	PIT BULL	[1, 2, 3]	[1, 2, 3]	MISSING	
platinum-boys	PLATINUM BOYS	[3]	[3]	CONT	
r-3611193	蒼の男	[3]	[1, 3, 4, 5]	MISSING	4:4403611516;5:4406611923
r-3966128	Mindy land	[2]	[2]	CONT	
r-4443774	前線と銃後	[2]	[1]	TRUE_SINGLE	1:487444377X
raigeki-shindo-juukutengo	雷撃深度一九・五	[5]	[1]	TRUE_SINGLE	1:9784834243338
rasubosu-tachi-no-kakushi-go	ラスボスたちの隠し仔	[3]	[1, 2, 3]	MISSING	2:9784049164398
repeat-after-me-fuwa-2010	リピート・アフター・ミー?	[2]	[1, 2]	MISSING	
reppuu-juukitai-nimaru-san	烈風!!獣機隊二○三	[3]	[1]	TRUE_SINGLE	1:4056011214
risou-no-kekkon	理想の結婚	[2]	[1, 2]	MISSING	1:9784867781524
risoukyou-joshi-zukan	理想郷女子図鑑	[2]	[1, 2, 3]	MISSING	1:9784088940427;3:9784088942216
route-double	ルートダブル	[2]	[1, 2]	MISSING	1:9784757541740
ryuu-to-tora	龍と虎	[2]	[]	NDL_NONE	
ryuukishi-senmon-gakkou	竜騎士専門学校	[2]	[1, 2]	MISSING	1:9784046835178
sadistic-na-shachou-to-elevator-ni-tojikomeraretara-naze-goseikon-ni-itatta-ken	サディスティックな社長とエレベーターに閉じ込められたら、なぜ	[2]	[1, 2]	MISSING	1:9784776753872
sadistic-sayaka-chan	サディスティックさやかちゃん!	[2]	[2]	CONT	
saibara-rieko-no-jinsei-ichinensei	西原理恵子の人生一年生	[2]	[1, 2]	MISSING	1:4091060048
saitsuyo-akuyaku-reijou-nikki	さいつよ☆悪役令嬢日記	[2]	[2]	CONT	
sakigake-otokojuku	魁!!男塾	[1, 2, 3, 4, 5, 6, 7, 8, 9, 10, 11, 12, 13, 14, 15, 16, 17, 18, 19, 20, 21, 22, 23, 24, 25, 26, 27, 28, 29, 30, 31, 32, 33, 34]	[1, 3, 10, 11, 12, 13, 14, 15, 16, 17, 18, 20]	MISSING	
sandoman	サンドマン	[3]	[]	NDL_NONE	
sange	散華	[18]	[]	NDL_NONE	
sarasa	Sarasa	[2]	[]	NDL_NONE	
satonaka-machiko-sakuhinshuu	里中満智子作品集	[1, 2, 3]	[1, 2, 3]	MISSING	
saurus-no-mini-yonku-super-tekunikku	ザウルスのミニ四駆スーパーテクニック	[2]	[1, 2]	MISSING	1:4091025188
sayonara	さよなら!!岸壁先生	[5]	[1, 2, 3, 4, 5]	MISSING	4:4253038352
seifuku-shinya-2-ji	制服、深夜2時。	[2]	[]	NDL_NONE	
seishun-kijinden-240-o-gakuen	青春奇人伝!240学園	[1, 2]	[1, 2, 3]	MISSING	3:9784065134764
seishun-no-nukarumi	青春のぬかるみ	[2]	[1, 2, 3, 4]	MISSING	1:9784434318078;3:9784434352607;4:9784434368561
sekai-no-meisaku-opera	世界の名作オペラ	[10]	[1, 8, 10]	MISSING	
senkou-shoujo	閃光少女	[3]	[3]	CONT	
sensei-daisuki	先生大好き!	[1, 2]	[1, 2]	MISSING	
setsuenshou	雪焔抄	[4]	[1]	TRUE_SINGLE	1:4253095720
setsugekka	雪月華	[2]	[1]	TRUE_SINGLE	1:4253095585
sexy-moto-gokudou	セクシー〈元〉極道	[2]	[1, 2]	MISSING	1:9784253137836
shachiku-joushi-no-koi-to-kairaku	社畜上司の恋と快楽	[2]	[1, 2]	MISSING	
shiba-inu-pon-chan-kyou-mo-wagamichi-o-yuku	柴犬ぽんちゃん、今日もわが道を行く	[2]	[]	NDL_NONE	
shibanban	しばんばん	[2]	[1, 2]	MISSING	1:9784046045652
shigatsu-ni-nareba-kanojo-wa	四月になれば彼女は	[6]	[6]	CONT	
shii-chan-to-mitsu-chan	しーちゃんとみっちゃん	[1, 2]	[1, 2]	MISSING	
shima-chan-chi-no-tsugai-jijou	しまちゃん家の番事情	[2]	[1, 2]	MISSING	1:9784799755303
shima-kun-ni-zenbu-ageru	紫真くんにぜんぶあげる	[2]	[1, 2]	MISSING	1:9784867870792
shimaji	嶋二	[2]	[]	NDL_NONE	
shin-manga-bungaku-zenshuu	新漫画文学全集	[1, 2, 3, 4, 5, 6, 7, 8]	[1, 2, 3, 4, 5, 6, 7, 8]	MISSING	
shina-dark	シャイナ・ダルク	[3]	[3]	CONT	
shinigami-alice-izumiya-2011	死神アリス	[2]	[2]	CONT	
shinno-kun-wa-suki-darake-na-kanojo-ga-sukisugiru	神野くんはスキだらけな彼女が好きすぎる	[2]	[1, 2]	MISSING	
shinshi-na-kare-wa-tondemonai-mashou-no-kyo-pii-deshita	紳士な彼はとんでもない魔性の巨●(ピー)でした	[2]	[1, 2]	MISSING	
shinshin-agatte-nanbo-taichi-yo-nakuna-2006	新々上がってなンボ!!太一よ泣くな	[4]	[4]	CONT	
shinuhodo-kisu-shite	死ぬほどKISSして	[2]	[1, 2]	MISSING	
shitagokoro-ga-yomeru-app	下心が読めるアプリ	[2]	[1, 2]	MISSING	1:9784434347467
shoki-sakuhin-shuu	レフトアンドライト	[28]	[1]	TRUE_SINGLE	1:4049230283
shokugeki-no-sooma-retowaaru-2019	食戟のソーマL'étoile	[8]	[1, 2, 3, 4, 5, 6, 7, 8]	MISSING	1:9784088805344;2:9784088806426;3:9784088807362;4:9784088810423;5:9784088812502;6:9784088813950;7:9784088815794
shounan-bousouzoku	湘南暴走族	[5]	[5]	CONT	
shounangurafutei	湘南グラフティ	[2]	[2]	CONT	
shounen-ha-hiiki-dekiaisareru	少年は贔屓される	[6]	[1]	TRUE_SINGLE	1:4091787754
shousetsu-ace-o-nerae	小説エースをねらえ!	[3]	[1, 2, 3, 4, 5]	MISSING	1:408610590X;2:408610606X;4:4086106639;5:4086107023
skip-kiss	SKIP-KISS	[2]	[2]	CONT	
sora-ga-haretara	空が晴れたら	[4]	[1]	TRUE_SINGLE	1:4253120989
soshite-kozure-ookami-shikaku-no-ko	そして-子連れ狼刺客の子	[5]	[1, 5]	MISSING	1:9784098035113
sourenki	双恋記	[17]	[1]	TRUE_SINGLE	1:4253910181
souteigai-no-sweet-marriage	想定外のスウィートマリッジ	[2]	[]	NDL_NONE	
sugar	シュガー	[1, 2, 3, 4, 5, 6, 7, 8, 9]	[]	NDL_NONE	
suikyouka	水響花	[11]	[1]	TRUE_SINGLE	1:4253910181
suki-nara-nugasete	好きなら脱がせて。	[2]	[]	NDL_NONE	
supi-sanpo	スピ☆散歩	[6]	[1, 2, 3, 4, 5, 6]	MISSING	1:9784022758590;2:9784022758019;3:9784022758156;4:9784022758262;5:9784022758323
supooshon-kid	スポーションKID	[2]	[1, 2]	MISSING	1:4061020757
sushi-damashii-shouwa-44-nen-special	寿司魂昭和44年スペシャル	[11]	[11]	CONT	
susumu-x-minoru	ススム×ミノル	[2]	[1, 2]	MISSING	1:9784823604829
suteki-na-shufutachi	すてきな主婦たち	[2]	[2]	CONT	
takahashi-meijin-monogatari	高橋名人物語	[6]	[1, 2, 3, 4, 5, 6]	MISSING	1:4091041272;2:4091041310;3:4091041353;4:4091041396;5:4091041485
takamari-shisuu-esukareeshon	たかまり指数エスカレーション	[2]	[2]	CONT	
tama-sensei-ni-kike	たま先生に訊け!	[1, 2]	[1, 2]	MISSING	
tamasanchi-no-hogoinu	たまさんちのホゴイヌ	[2]	[1, 2]	MISSING	1:9784418225064
tamasanchi-no-hogoneko	たまさんちのホゴネコ	[2]	[1, 2]	MISSING	1:9784418234301
tange-sazen	丹下左膳	[1, 4]	[]	NDL_NONE	
tanimura-hitoshi-no-bakuretsu-tabiuchi-special	谷村ひとしの爆裂旅打ちスペシャル	[2]	[1, 2]	MISSING	1:4537100753
tanpopo-chan-wa-sub-kamo-shirenai	たんぽぽちゃんはsubかもしれない	[2]	[1, 2]	MISSING	1:9784799768419
tecchannotsubasa	てっちゃんのつばさ	[2]	[1]	TRUE_SINGLE	1:4592760220
teida-neenee	太陽娘	[1, 2]	[1, 2, 3]	MISSING	3:9784776741718
tempest-1993	テンペスト	[1, 2, 3]	[]	NDL_NONE	
tenka-musou	天下無双	[1, 2, 3, 4, 5, 6, 7, 8, 9, 10]	[]	NDL_NONE	
tenshi-no-omou-tsubo	天使の思う壺	[1, 2, 3]	[1, 2, 3]	MISSING	
tenshitachi-no-machi	天使たちの街	[1, 2, 4]	[1, 2, 4]	MISSING	
tim-tim-circus	ティム・ティム・サーカス	[1, 2]	[2]	CONT	
toaru-mei-tantei-to-joshu-no-rabukome-teki-nichijou-tantei-wa-mou-shinde-iru	とある名探偵と助手のラブコメ的日常@探偵はもう、死んでいる。	[2]	[]	NDL_NONE	
tokyo-debut	東京デビュー	[3]	[]	NDL_NONE	
tomodachi-nannin-nakusukana	ともだちなんにんなくすかな	[1, 2]	[1, 2]	MISSING	
tomodachi-wa-kiss-shinai	友達はキスしない!	[2]	[]	NDL_NONE	
tonotatakai	豊臣秀吉と天下統一のたたかい	[3]	[1]	TRUE_SINGLE	1:4061891138
tooboe-ni-koi	遠吠えに恋	[2]	[1, 2]	MISSING	1:9784575381689
tora-ni-yotsumeya	虎に四目屋	[2]	[1, 2]	MISSING	1:9784864424929
torawarekon	囚ワレ婚	[2]	[1, 2, 3, 4, 5, 6, 7, 8, 9, 10, 11, 12]	MISSING	1:9784396701017
toritsu-mahou-gakuen	都立魔法学園	[2]	[1, 2]	MISSING	1:9784877245740
toshishita-no-rinjin-ni-sewa-dekiaisaretemasu	年下の隣人に世話されてます	[2]	[1, 2]	MISSING	1:9784796415439
toshizou	歳三	[3]	[]	NDL_NONE	
toujuushi	闘獣士	[7]	[1, 2, 3, 4, 5, 6, 7]	MISSING	1:9784091245410;2:9784091255457;3:9784091260765;4:9784091274007;5:9784091276490;6:9784091282811
toukaidou-onna-sugoroku	東海道おんな双六	[6]	[1]	TRUE_SINGLE	1:9784862254139
touya	凍夜	[16]	[1]	TRUE_SINGLE	1:4253910181
transistor-teaset-denki-gairozu	トランジスタティーセット	[5]	[5]	CONT	
tsuburaya-age	円谷英二	[2]	[]	NDL_NONE	
tsuihousareta-saikyou-kuzu-kenja-no-henkyou-kosodate-surooraifu	追放最凶クズ〈?〉賢者の辺境子育てスローライフ	[2]	[1, 2]	MISSING	1:9784299040008
uchuusen-red-shark	宇宙船レッドシャーク	[1, 2, 3]	[1, 2, 3]	MISSING	
uiguru-no-suna	ウイグルの砂	[4]	[1]	TRUE_SINGLE	1:4048525999
ultra-q-2011	ウルトラQ	[3]	[]	NDL_NONE	
unchiku-manga	蘊蓄漫画	[1, 2]	[1, 2]	MISSING	
unmei-no-karada-to-wakaretai	運命のカラダと別れたい。	[2]	[1, 2]	MISSING	1:9784434345494
ura-aka-otoko-wa-dakaretai-seme-sama-no-1-ni-xx-saretai	裏アカ男子は抱かれたい攻め様No.1にXXされたい	[3]	[]	NDL_NONE	
uramishuran	それでも行きたい恨ミシュラン	[1, 2]	[1]	TRUE_SINGLE	
valkyrie-profile-2000	VALKYRIE PROFILE	[2]	[]	NDL_NONE	
valkyrie-profile-2001-2	VALKYRIE PROFILE	[6]	[]	NDL_NONE	
valkyrie-profile-2001	VALKYRIE PROFILE	[5]	[]	NDL_NONE	
valkyrie	ワルキューレ	[2]	[]	NDL_NONE	
w3	W3	[1, 2, 3]	[]	NDL_NONE	
watanabe-masako-kyoufu-gekijou-yashagaike	わたなべまさこ恐怖劇場 夜叉ヶ池	[2]	[1]	TRUE_SINGLE	1:4575331678
watashi-no-kyoufutaiken	宜保愛子の私の恐怖体験	[1, 2, 3]	[1, 2, 3]	MISSING	
watashi-o-tsuki-made-tsuretette	私を月まで連れてって!	[1, 2, 3, 4, 5, 6]	[1, 2, 3, 4, 5, 6]	MISSING	
wei	Weiβ	[2]	[1, 2]	MISSING	1:4403660207
with-2000	ウィズ	[2]	[]	NDL_NONE	
wonder-three	WONDER THREE	[1, 2, 3]	[]	NDL_NONE	
x	X	[1, 2, 3, 4, 5, 6, 7, 8, 9, 10, 11, 12, 13, 14, 15, 16, 17, 18]	[]	NDL_NONE	
yakouhai	夜光杯	[12]	[1]	TRUE_SINGLE	1:4253910181
yamamoto-fuutarou-kun	山本風太郎くん	[2]	[1]	TRUE_SINGLE	
yappari-kotowaza-gundam-san	やっぱり・ことわざガンダムさん	[2]	[1]	TRUE_SINGLE	1:9784047155138
yasha-no-hitomi	夜叉の瞳	[3]	[1]	TRUE_SINGLE	1:4091277438
yukai-na-shintouki	ゆかいな神統記	[2]	[]	NDL_NONE	
yukkuri-dabo-san	ゆっくりダボさん	[1, 2, 3, 4, 5]	[1, 2, 3, 5]	MISSING	
yume-no-sousou	夢の葬送	[1, 6]	[1, 6]	MISSING	
yuri-shoujo	百合少女	[3]	[3]	CONT	
yuureidensha	ゆうれい電車	[1, 2]	[1, 2]	MISSING	
yuutousei-no-seifuku-no-naka	優等生の制服のなか	[2]	[]	NDL_NONE	
zannenna-ouji-kun-to-fujoshi-no-noda-san	残念な皇子くんと腐女子の野田さん	[2]	[]	NDL_NONE	
zebra	ゼブラ	[7]	[]	NDL_NONE	
zettai-shitai-eichi-na-koi	絶対したいHな恋!	[2]	[2]	CONT	
zoku-kanaike-no-hitobito	続 金井家の人々	[2]	[]	NDL_NONE	
zoku-kindan-no-koi-o-shiyou	続・禁断の恋をしよう	[2]	[]	NDL_NONE	
