slug	verdict	own	wrong	unk	n_ed	authors	wrong_isbns
gurazeni-tokyo-doomuhen	CLEAN	11	0	0	1	アダチケイジ/コージィ城倉	
mobile-suit-gundam-f90ff-fastest-formula	CLEAN	11	0	0	1	今ノ夜きよし	
mahouka-koukou-no-rettousei-2025	CLEAN	8	0	0	1	柚木N'/竹田羽角/佐島勤/飛口芽衣	
darker-than-black	CLEAN	4	0	0	1	岩原裕二	
hayou-no-tsurugi	CLEAN	4	0	0	1	松元陽	
koi-shita-hito-wa-imouto-no-kawari-ni-shinde-kure-to-itta	CLEAN	3	0	0	1	家守まき	
last-man	CLEAN	3	0	0	1	VivésBastien	
lastman	CLEAN	3	0	0	1	二宮裕次	
ringo	CLEAN	3	0	0	1	こいおみなと	
egao-no-yukue	CLEAN	2	0	0	1	SalaSharon/瀧川イヴ	
koori-no-joou	CLEAN	2	0	0	1	リカチ	
tsuukaa-2018	CLEAN	2	0	0	1	しのはらしのめ	
girl	CLEAN	1	0	0	1	早坂いあん	
happy-birthday-komikku	CLEAN	1	0	0	1	オ・スギル	
ragunasenki	CLEAN	1	0	0	1	外薗昌也	
mobile-suit-gundam-thunderbolt	CLEAN	26	0	0	1	太田垣康男/富野由悠季	
persona-2001	CLEAN	5	0	0	2	松枝尚嗣	
es	CLEAN	12	0	1	2	惣領冬実	
hitorijime-my-hero	CLEAN	11	0	4	1	ありいめめこ	
worst	CLEAN	33	0	0	1	髙橋ヒロシ	
buyuden	CLEAN	13	0	0	1	満田拓也	
change-2018	CLEAN	6	0	0	1	曽田正人/冨山玖呂	
tokyo-toyboxes	CLEAN	5	0	0	1	うめ	
final-fantasy-lost-stranger	REPOINT_full	0	12	0	1	むつきらん	9784757555204(ファイナルファンタジーロスト・ストレ/水瀬, 葉月/亀屋, 樹); 9784757557192(ファイナルファンタジーロスト・ストレ/水瀬, 葉月/亀屋, 樹); 9784757559752(ファイナルファンタジーロスト・ストレ/水瀬, 葉月/亀屋, 樹)
meioukeikakuzeoraimaa	REPOINT_full	0	12	0	1	高屋良樹	9784199501425(冥王計画 (プロジェクト) ゼオライ/ちみ, もりを/ワタリ, ユウ); 9784199501821(冥王計画 (プロジェクト) ゼオライ/ちみ, もりを/ワタリ, ユウ); 9784199502293(冥王計画 (プロジェクト) ゼオライ/ちみ, もりを/ワタリ, ユウ)
x-men	REPOINT_full	0	7	0	1	(unknown)	9784796873123(X-MEN. Vol.1/Hickman, Jonatha); 9784796873390(X-MEN. Vol.2/Hickman, Jonatha); 9784796873406(X-MEN. Vol.3/Hickman, Jonatha)
the-boxer	REPOINT_full	0	5	0	1	LEEHYE	9784088842066(ザ・ボクサー = THE BOXER/JH); 9784088842967(ザ・ボクサー = THE BOXER/JH); 9784088844275(ザ・ボクサー = THE BOXER/JH)
to-heart-2	REPOINT_full	0	5	0	1	御形屋はるか	9784840209786(To heart 1/高雄右京); 9784840212212(To heart 2/高雄右京); 9784840214605(To heart 3/高雄右京)
gurazeni-pa-riiguhen	REPOINT_full	0	4	0	1	コージィ城倉	9784065121450(グラゼニ～パ・リーグ編～. 1/森高, 夕次/足立, 金太郎); 9784065128411(グラゼニ～パ・リーグ編～. 2/森高, 夕次/足立, 金太郎); 9784065143667(グラゼニ～パ・リーグ編～. 3/森高, 夕次/足立, 金太郎)
kaze-no-tani-no-naushika-1984	REPOINT_full	0	3	0	1	(unknown)	9784061744615(風の谷のナウシカ　１　：　腐海のほと/宮崎 駿); 9784061744622(風の谷のナウシカ　２　：　トルメキア/宮崎 駿); 9784061744646(風の谷のナウシカ　４　：　王蟲の怒り/宮崎 駿)
last-order-kazunari-2021	REPOINT_full	0	3	0	1	ひいろ莎々	9784065208182(ラストオーダー = Last Ord/松葉, サトル/浜松, 春日); 9784065227602(ラストオーダー = Last Ord/松葉, サトル/浜松, 春日); 9784065245736(ラストオーダー = Last Ord/松葉, サトル/浜松, 春日)
nein	REPOINT_full	0	3	0	1	有坂あこ	9784403622663(NEIN. 1/トジツキ, ハジメ); 9784403622670(NEIN. 2/トジツキ, ハジメ); 9784041054635(Nein : 9th Story. /木乃, ひのき)
refrain-1988	REPOINT_full	0	3	1	1	ささやななえこ	9784061021594(Rifrein 2/岡田ユキオ); 9784061022027(Rifrein 3/岡田ユキオ); 9784061022249(Rifrein 4/岡田ユキオ)
joker-1998-3	REPOINT_full	0	2	0	1	野間美由紀	9784048530880(Joker. 2/河奈, マリオ); 9784575334838(Joker. 3/上杉, 可南子)
nhk-sono-toki-rekishi-ga-ugoita	REPOINT_full	0	2	0	1	ながいのりあき/谷口敬/小川おさむ/狩那匠/西田真基	9784834272765(その時歴史が動いた 幕末編/日本放送協会取材班/村上, とし); 9784834250688(NHKその時歴史が動いた : コミッ/村上, としや)
engage-watanabe-2009	REPOINT_full	0	1	0	1	渡辺瑞樹	9784063193350(エンゲージ/日高七緒)
hal-ayase-2017	REPOINT_full	0	1	0	1	hal	9784865893540(ハル : 煌'. 2/ハル, pub. 2017)
work-in	REPOINT_full	0	1	0	1	鈴木ツタ	9784757546752(Working!! : web版. /高津, カリノ)
pocket-monsters-special	STRIP	9	55	0	1	真斗	9784091493408(ポケットモンスターspecial. /日下, 秀憲/山本, サトシ); 9784091497116(ポケットモンスターspecial. /日下, 秀憲/山本, サトシ); 9784091497123(ポケットモンスターspecial. /日下, 秀憲/山本, サトシ)
yume-de-aetara-1985	STRIP	1	15	0	1	小椋冬美	9784088618371(夢で逢えたら. 2 (星に願いを)/Hanako); 9784088618388(夢で逢えたら. 3 (Woman)/Hanako); 9784088618395(夢で逢えたら. 4 (ゆびきりげんま/Hanako)
gifuu-doudou	STRIP	2	10	0	1	武村勇治	9784199802287(義風堂々!!疾風 (かぜ) の軍師黒/山田, 俊明); 9784199802799(義風堂々!!直江兼続-前田慶次花語り/原, 哲夫, 1961-/堀江,); 9784199803178(義風堂々!!直江兼続-前田慶次花語り/原, 哲夫, 1961-/堀江,)
x-men-1994-5	STRIP	1	10	0	1	児嶋都/萩原玲二	9784884757090(エックスメン. 1/ヒグチ, ヒロシ); 9784796873390(X-MEN. Vol.2/Hickman, Jonatha); 9784796873406(X-MEN. Vol.3/Hickman, Jonatha)
x-men-1994-3	STRIP	2	9	0	1	中原れい	9784884757090(エックスメン. 1/ヒグチ, ヒロシ); 9784796873390(X-MEN. Vol.2/Hickman, Jonatha); 9784884757311(エックスメン. 4/市川, 裕文)
x-men-1994	STRIP	3	7	0	1	ヒグチヒロシ/やすえこーじ	9784796873390(X-MEN. Vol.2/Hickman, Jonatha); 9784796873406(X-MEN. Vol.3/Hickman, Jonatha); 9784884757311(エックスメン. 4/市川, 裕文)
mahouka-koukou-no-rettousei	STRIP	3	5	0	1	柚木N'/蒼和伸	9784757556195(魔法科高校の劣等生. 来訪者編 4/佐島, 勤/マジコ!); 9784757558038(魔法科高校の劣等生. 来訪者編 5/佐島, 勤/マジコ!); 9784757562790(魔法科高校の劣等生. 来訪者編 6/佐島, 勤/マジコ!)
sp-2000	STRIP	2	5	0	1	国友やすゆき	9784091836151(SP(Security police/灰原, 薬); 9784091837493(SP(Security police/灰原, 薬); 9784091840899(SP(Security police/灰原, 薬)
isekai-ni-kita-mitai-dakedo-dousureba-yoinodarou	STRIP	1	4	0	1	森ゆきなつ	9784344852723(異世界に来たみたいだけど如何すれば良/舞, pub. 2016/天野,); 9784344854154(異世界に来たみたいだけど如何すれば良/舞, pub. 2016/天野,); 9784896377583(異世界に来たみたいだけど如何すれば良/舞, pub. 2016)
mahouka-koukou-no-rettousei-2012	STRIP	4	4	0	1	きたうみつな	9784757558038(魔法科高校の劣等生. 来訪者編 5/佐島, 勤/マジコ!); 9784757562790(魔法科高校の劣等生. 来訪者編 6/佐島, 勤/マジコ!); 9784757562806(魔法科高校の劣等生. 来訪者編 7/佐島, 勤/マジコ!)
hakkou-1985	STRIP	1	3	0	1	長岡良子	9784253097529(白虹 : 義経異聞. 2/中村, 理恵); 9784253097536(白虹 : 義経異聞. 3/中村, 理恵); 9784253097543(白虹 : 義経異聞. 4/中村, 理恵)
mahouka-koukou-no-rettousei-2018	STRIP	4	3	0	1	マジコ!	9784757568396(魔法科高校の劣等生. 師族会議編 1/竹田, 羽角/佐島, 勤); 9784757570177(魔法科高校の劣等生. 師族会議編 2/佐島, 勤/竹田, 羽角); 9784757591271(魔法科高校の劣等生. 師族会議編 8/佐島, 勤/竹田, 羽角)
joker-2012	STRIP	1	2	0	1	上杉可南子	9784091390141(Joker/河野, やす子); 9784048530880(Joker. 2/河奈, マリオ)
fight-2000	STRIP	2	2	0	1	亜月裕	9784408430584(Fight!. 第1巻/阿部, ゆたか); 9784408430737(Fight!. 第2巻/阿部, ゆたか)
hataraku-onee-san	STRIP	2	2	0	1	後藤ユタカ	9784088473819(はたらくおねえさん. 3/細井, 玲子); 9784088475059(はたらくおねえさん. 4/細井, 玲子)
majuugari	STRIP	1	2	0	1	葉月秋子	9784253148924(魔獣狩り. 2/青木, 雅彦); 9784253148931(魔獣狩り. 3/青木, 雅彦)
eden-2021	STRIP	1	1	0	1	磯本つよし	9784047139404(エデン/杉崎, ゆきる)
gakkou-no-kaidan-koga-1994	STRIP	1	1	0	1	古賀新一	9784253128131(学校の怪談. アブナイ女教師篇2/破邪)
perman-fujiko-1979	STRIP	6	1	3	1	藤子不二雄	9784091402646(パーマン 4/藤子・F・不二雄)
last-order-2000	STRIP	1	1	0	1	高田裕三	9784065245736(ラストオーダー = Last Ord/松葉, サトル/浜松, 春日)
red-dragon	STRIP	3	1	0	1	佐藤真理乃	9784882713319(Red dragon/尾崎, 芳美)
stand-up-yamakawa-2013	STRIP	3	1	0	1	山川あいじ	9784056013740(Stand up! 2/白虎丸)
sora-yori-takaku	STRIP	26	1	0	1	宮下あきら	9784267902857(天より高く 1/石川サブロウ/半村良)
fire-emblem-1993	STRIP_multied	1	11	0	2	島田ひろかず	9784796243834(ファイアーエムブレム : 聖戦の系譜/大沢美月); 9784796243971(ファイアーエムブレム : 聖戦の系譜/大沢美月); 9784796244039(ファイアーエムブレム : 聖戦の系譜/大沢美月)
fire-emblem-nintendo-1996	STRIP_multied	0	11	1	2	うさ銀太郎	9784796243834(ファイアーエムブレム : 聖戦の系譜/大沢美月); 9784796243971(ファイアーエムブレム : 聖戦の系譜/大沢美月); 9784796244039(ファイアーエムブレム : 聖戦の系譜/大沢美月)
nippon-no-rekishi-2007-2	STRIP_multied	2	10	0	2	井上大助	9784081950195(帝国主義と民本主義 19/児玉, 幸多/林屋, 辰三郎/武); 9784081950201(アジア・太平洋戦争 20/児玉, 幸多/森, 武麿/林屋,); 9784087461756(日本の歴史 : 漫画版. 1/岩井, 渓, 1955-)
yume-de-aetara-2000	STRIP_multied	17	8	0	2	山花典之	9784088618364(夢で逢えたら. 1 (日曜はダメよ)/Hanako); 9784088618371(夢で逢えたら. 2 (星に願いを)/Hanako); 9784088618388(夢で逢えたら. 3 (Woman)/Hanako)
tempest-1993	STRIP_multied	1	7	2	2	庄司陽子	9784063805970(テンペスト. 3/阿仁谷, ユイジ); 9784063806304(テンペスト = tempest. 4/阿仁谷, ユイジ); 9784063806779(テンペスト = tempest. 5/阿仁谷, ユイジ)
charisma-2	STRIP_multied	0	6	0	2	花小路ゆみ	9784882712237(カリスマ. 1/石原, 理); 9784882712930(カリスマ. 2/石原, 理); 9784882713807(カリスマ. 3/石原, 理)
kuro	STRIP_multied	0	6	0	2	青インク	9784088798332(黒. 1/ソウマトウ); 9784088901176(黒. 2/ソウマトウ); 9784088903613(黒. 3/ソウマトウ)
kuro-1999	STRIP_multied	1	5	0	2	奥浩哉	9784088901176(黒. 2/ソウマトウ); 9784088903613(黒. 3/ソウマトウ); 9784087928181(黒. 1/ソウマトウ)
suikoden-2000	STRIP_multied	5	5	0	2	さいとう・たかを	9784840112468(水滸伝. 第4巻(行者武松之巻)/李, 志清); 9784840112567(水滸伝. 第5巻(呼保義宋江之巻)/李, 志清); 9784840112673(水滸伝. 第6巻(一丈青扈三娘之巻)/李, 志清)
shin-mobile-senki-gundam-wing-1996-3	STRIP_multied	0	3	2	2	細雪純/樹本祐季	9784063217551(新機動戦記ガンダムW 1/ときた洸一/富野由悠季/矢立肇); 9784063217667(新機動戦記ガンダムW. 2/富野, 由悠季, 1941-/矢); 9784063217728(新機動戦記ガンダムW. 3/富野, 由悠季, 1941-/矢)
shin-mobile-senki-gundam-wing-1996-2	STRIP_multied	0	3	2	2	むっちりむうにい	9784063217551(新機動戦記ガンダムW 1/ときた洸一/富野由悠季/矢立肇); 9784063217667(新機動戦記ガンダムW. 2/富野, 由悠季, 1941-/矢); 9784063217728(新機動戦記ガンダムW. 3/富野, 由悠季, 1941-/矢)
gingatetsudou-no-yoru	STRIP_multied	0	3	0	2	永島慎二/石原はるひこ/北原文野	9784061890510(銀河鉄道の夜 : コミック/宮沢, 賢治/古城, 武司); 9784052057779(銀河鉄道の夜/宮沢, 賢治, 1896-193); 9784594016982(銀河鉄道の夜/ますむら, ひろし, 1952-)
hayou-no-ken	STRIP_multied	3	3	0	2	厦門潤	9784088466927(破妖の剣. 2/松元, 陽); 9784088467719(破妖の剣. 3/松元, 陽); 9784088450155(破妖の剣. 4 (紅き神の娘)/松元, 陽)
nihonnorekishi	STRIP_multied	0	3	0	2	笠原一男	9784081950195(帝国主義と民本主義 19/児玉, 幸多/林屋, 辰三郎/武); 9784081950201(アジア・太平洋戦争 20/児玉, 幸多/森, 武麿/林屋,); 9784087461817(日本の歴史 : 漫画版. 7/阿部, 高明, 1957-)
reset	STRIP_multied	1	3	0	2	高橋ユキ	9784821184033(リセット : 悪魔と天使の選択. 1/山本, まゆり); 9784821184040(リセット. 2/山本, まゆり); 9784821184057(リセット. 3/山本, まゆり)
shin-mobile-senki-gundam-daburyuu	STRIP_multied	0	2	3	2	細雪純/氷栗優	9784063217551(新機動戦記ガンダムW 1/ときた洸一/富野由悠季/矢立肇); 9784063217667(新機動戦記ガンダムW. 2/富野, 由悠季, 1941-/矢)
shin-mobile-senki-gundam-wing-1996	STRIP_multied	0	2	2	2	みずき健/樹本祐季	9784063217551(新機動戦記ガンダムW 1/ときた洸一/富野由悠季/矢立肇); 9784063217728(新機動戦記ガンダムW. 3/富野, 由悠季, 1941-/矢)
joker	STRIP_multied	10	2	0	2	道原かつみ	9784091390141(Joker/河野, やす子); 9784048530880(Joker. 2/河奈, マリオ)
k-shitsuki-1988	STRIP_multied	1	2	0	2	谷口ジロー	9784063806205(K : メモリー・オブ・レッド. 2/黒榮, ゆい); 9784063806526(K : メモリー・オブ・レッド. 3/黒榮, ゆい)
sengoku-jieitai-2014	STRIP_multied	2	2	0	2	森秀樹	9784253108225(戦国自衛隊/田辺, 節雄, 1949-); 9784418021130(戦国自衛隊. 下巻/田辺, 節雄, 1949-)
yatsuhakamura-1996	STRIP_multied	0	2	0	2	Jet	9784253108102(八つ墓村/つのだ, じろう, 1936-); 9784062602730(八つ墓村/影丸, 譲也, 1940-201)
aya	STRIP_multied	2	1	0	2	速水翼	9784812414811(Aya/克, 亜樹, 1961-)
cinderella-2004	STRIP_multied	1	1	0	2	寺館和子	9784575724318(シンデレラ : 世界一美しい残酷童話/森園, みるく, 1957-)
cool	STRIP_multied	3	1	0	3	許斐剛	9784088641461(Cool/桜沢, エリカ, 1963-)
ginga-tetsudou-no-yoru	STRIP_multied	2	1	0	2	ますむらひろし	9784061890510(銀河鉄道の夜 : コミック/宮沢, 賢治/古城, 武司)
gold-1997	STRIP_multied	1	1	0	2	魔木子	9784882713579(Gold/夢殿, りさ)
jun-1983	STRIP_multied	0	1	0	2	森下裕美	9784088498034(純/紡木, たく)
kaleidoscope	STRIP_multied	1	1	0	2	野間美由紀	9784257033813(Kaleidoscope/米田, 仁士, 1955-)
oz-itsuki-2004	STRIP_multied	9	1	0	2	樹なつみ	9784840137898(Oz. 6/刻夜, セイゴ)
yatsuhakamura	STRIP_multied	0	1	0	2	影丸穣也	9784253108102(八つ墓村/つのだ, じろう, 1936-)
zero-yamazaki-2009	STRIP_multied	16	1	0	2	やまざき貴子	9784796243278(ZERO/冬目景)
