slug	class	ok	wrong	unknown	db_authors	sample_isbn	sample_verdict	true_title	true_author	max_nshare
jipang	ALL_WRONG	0	62	0	速水翼	9784063287592	WRONG	ジパング（4）	カワグチカイジ	2
worst-komuro-1970	ALL_WRONG	0	29	0	小室孝太郎	9784253202213	WRONG	WORST（5）	高橋ヒロシ	2
high-score-aruko-2002	ALL_WRONG	0	24	0	アルコ	9784088561356	WRONG	HIGH　SCORE（1）	津山チナミ	2
manga-grimm-douwa-2003	ALL_WRONG	0	23	0	魔木子	9784821136797	WRONG	まんがグリム童話	竹崎真実	2
ultraman-g	ALL_WRONG	0	20	0	島本和彦	9784864683210	WRONG	ULTRAMAN	清水栄一/下口智裕	2
gogo-monster	ALL_WRONG	0	18	0	松本大洋	9784091836519	WRONG	MONSTER（1）	浦沢直樹	2
yume-de-aetara-1985	ALL_WRONG	0	15	0	小椋冬美	9784088618371	WRONG	夢で逢えたら（2）	hanako	2
darling-2008	ALL_WRONG	0	13	0	秋本尚美	9784063028744	WRONG	Oh！myダーリン（1）	上田美和	2
gurazeni-pa-riiguhen	ALL_WRONG	0	13	0	コジィ城倉	9784065121450	WRONG	グラゼニ～パ・リーグ編～	森高夕次	2
gurazeni-tokyo-doomuhen	ALL_WRONG	0	13	0	アダチケイジ/コジィ城倉	9784065121450	WRONG	グラゼニ～パ・リーグ編～	森高夕次	2
buyuden	ALL_WRONG	0	12	0	満田拓也	9784091233691	WRONG	BUYUDEN	辻本有博	2
buyuuden	ALL_WRONG	0	12	0	モリヤマツル	9784091233691	WRONG	BUYUDEN	辻本有博	2
meioukeikakuzeoraimaa	ALL_WRONG	0	12	0	高屋良樹	9784199501425	WRONG	冥王計画ゼオライマーΩ	ワタリユウ	2
fire-emblem-1993	ALL_WRONG	0	11	0	島田ヒロカズ	9784796243834	WRONG	ファイアーエムブレム（1）	大沢美月	2
gifuu-doudou	ALL_WRONG	0	10	0	武村勇治/原哲夫/堀江信彦	9784199802287	WRONG	義風堂々!!	山田俊明	2
nito-monogatari	ALL_WRONG	0	10	0	滝沢聖峰	9784091511713	WRONG	Ichigo（1）	六田登	2
mobile-suit-gundam-f90	ALL_WRONG	0	10	0	中原レイ/山口宏	9784061004887	WRONG	機動戦士ガンダムZZ（3）	村上トシヤ/富野由悠季	2
perman-fujiko-1979	ALL_WRONG	0	10	0	藤子不二雄	9784091402615	WRONG	パーマン（1）	藤子f不二雄	2
maya-2004	ALL_WRONG	0	9	0	須藤真澄	9784063120646	WRONG	Maya（1）	本島幸久	2
silver-suetsugu-2005	ALL_WRONG	0	9	0	末次由紀	9784091348524	WRONG	シルバー（1）	藤田和子漫画家	2
final-fantasy-lost-stranger	ALL_WRONG	0	8	0	ムツキラン	9784757555204	WRONG	ファイナルファンタジーロスト・ストレンジャー	亀屋樹	2
gold-1997	ALL_WRONG	0	8	0	魔木子	9784882713579	WRONG	GOLD	夢殿リサ	3
gold-2004	ALL_WRONG	0	8	0	山本隆一郎	9784882713579	WRONG	GOLD	夢殿リサ	3
mahouka-koukou-no-rettousei	ALL_WRONG	0	8	0	柚木n'/蒼和伸/佐島勤	9784757558038	WRONG	魔法科高校の劣等生	マジコ	3
saint-bladers	ALL_WRONG	0	8	0	印照/宮崎マサル	9784049242744	WRONG	SAINT　第1巻	赤石路代	2
tempest-1993	ALL_WRONG	0	7	0	庄司陽子	9784063805970	WRONG	テンペスト	阿仁谷ユイジ	2
top	ALL_WRONG	0	7	0	池田サトミ	9784253204415	WRONG	Two突風！（2）	旭凛太郎/藤井良樹	2
1-yamamoto-1993	ALL_WRONG	0	6	0	山本英夫	9784063522662	WRONG	Ichi	子母澤寛	2
angel	ALL_WRONG	0	6	0	遊人	9784091326737	WRONG	エンジェル（3）	高瀬由香	2
kirara-hiramatsu-1987	ALL_WRONG	0	6	0	平松伸二	9784088612362	WRONG	KIRARA（1）	唯登詩樹	2
red	ALL_WRONG	0	6	0	村枝賢一	9784091358721	WRONG	レッド（2）	小林博美	3
charisma-2	ALL_WRONG	0	5	0	花小路ユミ	9784882712930	WRONG	カリスマ（2）	石原理	2
kuro-1999	ALL_WRONG	0	5	0	奥浩哉	9784088901176	WRONG	黒	ソウマトウ	2
kuro	ALL_WRONG	0	5	0	青インク	9784088901176	WRONG	黒	ソウマトウ	2
sp-2000	ALL_WRONG	0	5	0	国友ヤスユキ	9784091836151	WRONG	SP	金城一紀	2
suikoden-2000	ALL_WRONG	0	5	0	サイトウタカヲ	9784840112468	WRONG	水滸伝（第4巻（行者武松之巻））	李志清/夏秋ノゾミ	2
blazblue	ALL_WRONG	0	4	0	吉岡榊/アクシステムワクス	9784047128552	WRONG	ブレイブルー リミックスハート	スメラギ	2
change-2018	ALL_WRONG	0	4	0	曽田正人/冨山玖呂	9784065131978	WRONG	Change!	晋平太	2
isekai-ni-kita-mitai-dakedo-dousureba-yoinodarou	ALL_WRONG	0	4	0	森ユキナツ	9784344852723	WRONG	異世界に来たみたいだけど如何すれば良いのだろう : 社畜SE	天野コヒツジ	2
jihad-sadakane-1993	ALL_WRONG	0	4	0	山根和俊/定金伸治	9784253144735	WRONG	JIHAD（2）	里見桂/伊月慶悟	2
jun-1983	ALL_WRONG	0	4	0	森下裕美	9784088498034	WRONG	純ーJUN-	紡木タク	4
mahouka-koukou-no-rettousei-2012	ALL_WRONG	0	4	0	キタウミツナ/林フミノ/チョコカレ/佐島勤	9784757558038	WRONG	魔法科高校の劣等生	マジコ	3
persona-1998	ALL_WRONG	0	4	0	上田信舟	9784088731292	WRONG	ペルソナ（2）	松枝尚嗣	2
shin-mobile-senki-gundam-wing-1996-2	ALL_WRONG	0	4	0	ムッチリムウニイ	9784063340020	WRONG	新機動戦記ガンダムW	矢立肇/富野由悠季	5
shin-mobile-senki-gundam-wing-1996-3	ALL_WRONG	0	4	0	細雪純/樹本祐季	9784063340020	WRONG	新機動戦記ガンダムW	矢立肇/富野由悠季	5
24colors	ALL_WRONG	0	3	0	千葉コズエ	9784408431109	WRONG	Colors（第1巻）	麻生歩/説話社	3
colors-2001	ALL_WRONG	0	3	0	啄木鳥シンキ	9784408431109	WRONG	Colors（第1巻）	麻生歩/説話社	3
gingatetsudou-no-yoru	ALL_WRONG	0	3	0	永島慎二/石原ハルヒコ/北原文野/宮沢賢治	9784052057779	WRONG	銀河鉄道の夜	teamバンミカス	3
hakkou-1985	ALL_WRONG	0	3	0	長岡良子	9784253097529	WRONG	白虹（2）	中村理恵	2
joker-1998-3	ALL_WRONG	0	3	0	野間美由紀	9784088601335	WRONG	ジョーカー	織田ミドリ	4
joker-2012	ALL_WRONG	0	3	0	上杉可南子	9784048530880	WRONG	Joker（2）	河奈マリオ	4
jun-1997	ALL_WRONG	0	3	0	関谷巌/友川丈之	9784780801675	WRONG	ジュン	石ノ森章太郎	4
kiss-2014	ALL_WRONG	0	3	0	森田ユキ	9784086188388	WRONG	Kissxxxx	楠本マキ	2
last-man	ALL_WRONG	0	3	0	vivésbastien	9784063949346	WRONG	LASTMAN	下山隆	2
lastman	ALL_WRONG	0	3	0	二宮裕次	9784063949346	WRONG	LASTMAN	下山隆	2
mahouka-koukou-no-rettousei-2025	ALL_WRONG	0	3	0	柚木n'/竹田羽角/佐島勤/飛口芽衣	9784049128642	WRONG	魔法科高校の劣等生 = The irregular at m	石田可奈	2
mint-1997	ALL_WRONG	0	3	0	池谷理香子	9784088712864	WRONG	眠兎（1）	浅田弘幸	2
nihonnorekishi	ALL_WRONG	0	3	0	笠原一男	9784081950195	WRONG	日本の歴史（19）	児玉幸多	2
nippon-no-rekishi-2007-2	ALL_WRONG	0	3	0	井上大助	9784081950195	WRONG	日本の歴史（19）	児玉幸多	2
red-nakaji-1990	ALL_WRONG	0	3	0	ナカジ有紀	9784091358752	WRONG	レッド（5）	小林博美	3
reset-2005	ALL_WRONG	0	3	0	筒井哲也	9784821184033	WRONG	リセット	山本マユリ	3
reset	ALL_WRONG	0	3	0	高橋ユキ	9784821184033	WRONG	リセット	山本マユリ	3
ringo	ALL_WRONG	0	3	0	コイオミナト	9784063366822	WRONG	Ringo（1）	恋緒ミナト	2
shin-mobile-senki-gundam-daburyuu	ALL_WRONG	0	3	0	細雪純/氷栗優	9784063340020	WRONG	新機動戦記ガンダムW	矢立肇/富野由悠季	5
shin-mobile-senki-gundam-wing-1996	ALL_WRONG	0	3	0	ミズキ健/樹本祐季	9784063340020	WRONG	新機動戦記ガンダムW	矢立肇/富野由悠季	5
takeru-1984	ALL_WRONG	0	3	0	石渡治	9784861272776	WRONG	Takeru（2）	唐々煙/中島カズキ	3
wonder-three	ALL_WRONG	0	3	0	貴島煉瓦/keybyylab	9784253062039	WRONG	W3（ワンダースリー）（1）	手塚治虫	2
answer	ALL_WRONG	0	2	0	maria	9784091823519	WRONG	Answer（1）	鎌田洋次	2
box-1991	ALL_WRONG	0	2	0	池上遼一/狩撫麻礼	9784088783727	WRONG	Box（2）	六田登	2
cool	ALL_WRONG	0	2	0	許斐剛	9784088641461	WRONG	Cool	桜沢エリカ	2
crusader-kawaso-2002	ALL_WRONG	0	2	0	河惣益巳	9784403611865	WRONG	クルセイダー（1）	水縞トオル	2
share	ALL_WRONG	0	2	0	三ツ葉優雨	9784757748965	WRONG	DANGEROUSシェア	墨染蓮	2
engage-watanabe-2009	ALL_WRONG	0	2	0	渡辺瑞樹	9784088537429	WRONG	星の瞳のシルエット番外編（ENGAGE）（1）	柊アオイ	2
face-2019	ALL_WRONG	0	2	0	サカワキヒロ太/村生ミオ	9784882717249	WRONG	Face（2）	逢坂ミヤ	4
face	ALL_WRONG	0	2	0	ユキモリリョウ	9784882717249	WRONG	Face（2）	逢坂ミヤ	4
fight-2000	ALL_WRONG	0	2	0	亜月裕	9784408430584	WRONG	Fight！（第1巻）	阿部ユタカ/説話社	4
fight-2006	ALL_WRONG	0	2	0	佐々木潤子	9784408430584	WRONG	Fight！（第1巻）	阿部ユタカ/説話社	4
gadget	ALL_WRONG	0	2	0	衛藤ヒロユキ	9784048529280	WRONG	GADGET　第1巻	佐野真砂輝/ワタナベ京	2
gift-2009	ALL_WRONG	0	2	0	山田j太	9784063191097	WRONG	Gift（2）	秋本尚美	6
gift-2012	ALL_WRONG	0	2	0	塩森恵子	9784063191097	WRONG	Gift（2）	秋本尚美	6
gift-ichinose-2015	ALL_WRONG	0	2	0	一ノ瀬ユマ	9784063191097	WRONG	Gift（2）	秋本尚美	6
gym-2000	ALL_WRONG	0	2	0	池上遼一	9784091840318	WRONG	Gym（1）	柳沢キミオ	2
hataraku-onee-san	ALL_WRONG	0	2	0	後藤ユタカ	9784088473819	WRONG	はたらくおねえさん（3）	細井玲子	2
joker-yamane-1997	ALL_WRONG	0	2	0	山根和俊	9784088601335	WRONG	ジョーカー	織田ミドリ	3
joker	ALL_WRONG	0	2	0	道原カツミ/麻城ユウ	9784048530880	WRONG	Joker（2）	河奈マリオ	4
junk-2005	ALL_WRONG	0	2	0	ユミミ	9784063140798	WRONG	JUNK（1）	土光テツミ/戸井十月	2
k-shitsuki-1988	ALL_WRONG	0	2	0	谷口ジロ/遠崎史朗	9784063806205	WRONG	K	gohands	2
kaze-no-tani-no-naushika-1984	ALL_WRONG	0	2	0	unknown	9784061744615	WRONG	風の谷のナウシカ（1）	宮崎駿	2
kurotokage-2019	ALL_WRONG	0	2	0	森下裕美	9784061082106	WRONG	黒とかげ	高階良子/江戸川乱歩	2
majuugari	ALL_WRONG	0	2	0	葉月秋子	9784253148924	WRONG	魔獣狩り（2）	青木雅彦/夢枕獏	2
nein	ALL_WRONG	0	2	0	有坂アコ	9784403622663	WRONG	NEIN	トジツキハジメ	2
rising-sun	ALL_WRONG	0	2	0	藤原サトシ	9784091846419	WRONG	Rising　sun（1）	サカモトタケシ	2
sengoku-jieitai-2014	ALL_WRONG	0	2	0	森秀樹	9784253108225	WRONG	戦国自衛隊	田辺節雄/半村良	2
sleeping-beauty-yoshikawa-2003	ALL_WRONG	0	2	0	吉川新	9784872787634	WRONG	SLEEPING　BEAUTY（1）	芳崎セイム	2
takeru	ALL_WRONG	0	2	0	寺沢武一	9784861273209	WRONG	Takeru（3）	唐々煙/中島カズキ	3
to-heart-2	ALL_WRONG	0	2	0	御形屋ハルカ/aquaplus	9784757523401	WRONG	To heart 2	キタウミツナ	2
venus-2015	ALL_WRONG	0	2	0	麻生歩	9784845805594	WRONG	ヴィーナス（1）	関口シュン	2
x-men	ALL_WRONG	0	2	0	unknown	9784796873390	WRONG	X-MEN	ジョナサンヒックマン	4
15sai	ALL_WRONG	0	1	0	アサギ龍	9784575817027	WRONG	Sigh	遊人	8
16-sai-kiss	ALL_WRONG	0	1	0	宮坂香帆	9784575817027	WRONG	Sigh	遊人	8
17sai	ALL_WRONG	0	1	0	清水洋三	9784575817027	WRONG	Sigh	遊人	8
19sai	ALL_WRONG	0	1	0	北川夕夏	9784575817027	WRONG	Sigh	遊人	8
27sai	ALL_WRONG	0	1	0	ワタナベ志穂	9784575817027	WRONG	Sigh	遊人	8
sai	ALL_WRONG	0	1	0	ワタセセイゾウ	9784575817027	WRONG	Sigh	遊人	8
ragunasenki	ALL_WRONG	0	1	0	外薗昌也	9784592130604	WRONG	ラグナ戦記	外園昌也	2
aya	ALL_WRONG	0	1	0	速水翼	9784812414811	WRONG	AYA	克亜樹	3
catwalk	ALL_WRONG	0	1	0	ケロリン	9784885705342	WRONG	キャットウォーク	佐多ミサキ	2
cinderella-2004	ALL_WRONG	0	1	0	寺館和子	9784575724318	WRONG	シンデレラ	村崎百郎/森園ミルク	2
comic-higashino-keigo-mystery-2014	ALL_WRONG	0	1	0	松枝尚嗣/東野圭吾	9784253249393	WRONG	コミック東野圭吾ミステリー : アンコール出版	風祭壮太/クボタ尚子/時友美如/瀬畑純/浦川マサ	2
desire-1989	ALL_WRONG	0	1	0	森園ミルク	9784756714862	WRONG	Desire（2）	金沢有倖	2
doll-1996	ALL_WRONG	0	1	0	惣領冬実	9784063145946	WRONG	Doll	岡戸達也	3
doll-2000	ALL_WRONG	0	1	0	緒方剛志/伊達将範	9784063145946	WRONG	Doll	岡戸達也	3
eden-2021	ALL_WRONG	0	1	0	磯本ツヨシ/ネットフリックス	9784047139404	WRONG	エデン	岡田俊平/廣瀬雄	2
eden-sakurazawa-2014	ALL_WRONG	0	1	0	桜沢エリカ	9784047139404	WRONG	エデン	岡田俊平/廣瀬雄	2
egao-no-yukue-2003	ALL_WRONG	0	1	0	逢沢雪名	9784596979087	WRONG	笑顔の行方	シャロンサラ	2
egao-no-yukue	ALL_WRONG	0	1	0	salasharon/瀧川イヴ	9784596979087	WRONG	笑顔の行方	シャロンサラ	2
nhk-sono-toki-rekishi-ga-ugoita	ALL_WRONG	0	1	0	ナガイノリアキ/谷口敬/小川オサム/狩那匠/西田真基	9784834250688	WRONG	NHKその時歴史が動いた（3（幕末編））	日本放送協会	2
es	ALL_WRONG	0	1	0	惣領冬実	9784893671332	WRONG	S	シンツグル/スタジオ編集部	3
s	ALL_WRONG	0	1	0	藤堂裕/小森陽一	9784893671332	WRONG	S	シンツグル/スタジオ編集部	3
face-1992	ALL_WRONG	0	1	0	六本木綾	9784882717249	WRONG	Face（2）	逢坂ミヤ	4
gakkou-no-kaidan-koga-1994	ALL_WRONG	0	1	0	古賀新一	9784253128131	WRONG	学校の怪談（アブナイ女教師篇2）	破邪	2
get-azuma-1999	ALL_WRONG	0	1	0	東マユミ	9784756714718	WRONG	Get！（2）	金沢有倖	2
gift-2002	ALL_WRONG	0	1	0	中村カナコ	9784063191097	WRONG	Gift（2）	秋本尚美	6
ginga-tetsudou-no-yoru-miyazawa-1992	ALL_WRONG	0	1	0	松田一輝/宮沢賢治	9784052057779	WRONG	銀河鉄道の夜	teamバンミカス	3
hal-ayase-2017	ALL_WRONG	0	1	0	hal	9784088670560	WRONG	Hal	牧野アオイ	2
happy-birthday-komikku	ALL_WRONG	0	1	0	オスギル/吉富多美/青木和雄	9784063640434	WRONG	Happy　birthday	原明日美	2
hellhound-2018	ALL_WRONG	0	1	0	安藤慈朗	9784065363669	WRONG	ヘルハウンド（5）	皆川亮二	2
home	ALL_WRONG	0	1	0	内田春菊	9784088473154	WRONG	ホーム（2）	上田倫子	3
kaleidoscope	ALL_WRONG	0	1	0	野間美由紀	9784257033813	WRONG	カレイドスコ-プ	米田仁士	2
kanon-usami-2003	ALL_WRONG	0	1	0	宇佐美真紀	9784408432502	WRONG	Canon	北里千寿	2
kanon	ALL_WRONG	0	1	0	森嶋プチ/keybyylab	9784408432502	WRONG	Canon	北里千寿	2
koi-shita-hito-wa-imouto-no-kawari-ni-shinde-kure-to-itta	ALL_WRONG	0	1	0	家守マキ/永野水貴	9784867942628	WRONG	恋した人は、妹の代わりに死んでくれと言った。-妹と結婚した片	トヨタ瑣織	2
koishita-hito-wa-imouto-no-kawari-ni-shindekure-to-itta-imouto-to-kekkon-shita-kataomoi-aite-ga	ALL_WRONG	0	1	0	家守マキ/永野水貴	9784867942628	WRONG	恋した人は、妹の代わりに死んでくれと言った。-妹と結婚した片	トヨタ瑣織	2
koori-no-joou-2013	ALL_WRONG	0	1	0	真崎春望	9784063419450	WRONG	氷の女王	佐藤千恵	2
koori-no-joou	ALL_WRONG	0	1	0	リカチ	9784063419450	WRONG	氷の女王	佐藤千恵	2
last-order-2000	ALL_WRONG	0	1	0	高田裕三	9784065245736	WRONG	ラストオーダー = Last Order : ひとりぼっちの	カズナリ	2
last-order-kazunari-2021	ALL_WRONG	0	1	0	ヒイロ莎々/浜松春日	9784065245736	WRONG	ラストオーダー = Last Order : ひとりぼっちの	カズナリ	2
love-taishitsu	ALL_WRONG	0	1	0	近藤旭	9784091392244	WRONG	ラブ・トレ～恋愛体質改善講座～	横山真由美	2
mobile-suit-gundam-f90ff-fastest-formula	ALL_WRONG	0	1	0	今ノ夜キヨシ/矢立肇/イノノブヨシ/富野由悠季	9784041144626	WRONG	機動戦士ガンダムF90FF(ファステスト・フォーミュラ)	大河原邦男	2
step-mother	ALL_WRONG	0	1	0	萩森千聖	9784796297400	WRONG	マザー（2）	秋原龍彦/工藤カズヤ	2
otome-wa-boku-ni-koishiteru	ALL_WRONG	0	1	0	アラキカナオ	9784041200612	WRONG	乙女はお姉さまに恋してる	キャラメルbox	2
rinjou	ALL_WRONG	0	1	0	上農ヒロ昭/横山秀夫	9784575848021	WRONG	王様ゲーム臨場	栗山廉士	2
real-kiss-2014	ALL_WRONG	0	1	0	小純月子	9784091316462	WRONG	Real kiss	宮坂香帆	2
rocketman	ALL_WRONG	0	1	0	水木シゲル	9784063706314	WRONG	ロケットマン	加藤元浩	2
samurai-7	ALL_WRONG	0	1	0	浅野マイコ/黒澤明	9784063722741	WRONG	Samurai 7	周防瑞孝	2
samurai-japan	ALL_WRONG	0	1	0	永井豪/ダイナミックプロダクション	9784063722741	WRONG	Samurai 7	周防瑞孝	2
samurai-soldier	ALL_WRONG	0	1	0	山本隆一郎	9784418995042	WRONG	Samurai　soldier	小林源文	2
shikei-shikkounin-mine-1984	ALL_WRONG	0	1	0	ミネ武/西塔紅一	9784253310789	WRONG	私刑執行人　〜殺人弁護士とテミスの天秤〜　3	草下シンヤ/内田康平	2
snow	ALL_WRONG	0	1	0	吉田優希	9784088497051	WRONG	スノウ	藤谷コマキ	2
sora-yori-takaku	ALL_WRONG	0	1	0	宮下アキラ	9784267902857	WRONG	天より高く（1）	石川サブロウ/半村良	2
tenyoritakaku	ALL_WRONG	0	1	0	現津ミカミ	9784267902857	WRONG	天より高く（1）	石川サブロウ/半村良	2
stand-up-yamakawa-2013	ALL_WRONG	0	1	0	山川アイジ	9784056013740	WRONG	STAND　UP！（2）	白虎丸	2
stand-up	ALL_WRONG	0	1	0	板垣雅也	9784056013740	WRONG	STAND　UP！（2）	白虎丸	2
the-bokusaa	ALL_WRONG	0	1	0	黒咲一人	9784088842967	WRONG	ザ・ボクサー 3	jh	2
the-boxer	ALL_WRONG	0	1	0	leehye	9784088842967	WRONG	ザ・ボクサー 3	jh	2
the-combat	ALL_WRONG	0	1	0	望月三起也	9784257900757	WRONG	ザ・コンバット	南聖二	2
the-konbatto	ALL_WRONG	0	1	0	アサリヨシトオ	9784257900757	WRONG	ザ・コンバット	南聖二	2
tsuukaa-2018	ALL_WRONG	0	1	0	シノハラシノメ	9784040698823	WRONG	つうかあ = TWOCAR : RACING SIDECAR	ニコイチ/ツウカア製作委員会	2
tsuukaa	ALL_WRONG	0	1	0	入江紀子	9784040698823	WRONG	つうかあ = TWOCAR : RACING SIDECAR	ニコイチ/ツウカア製作委員会	2
work-in	ALL_WRONG	0	1	0	鈴木ツタ	9784757546752	WRONG	WEB版 WORKING!!	高津カリノ	2
yatsuhakamura-1996	ALL_WRONG	0	1	0	jet	9784253108102	WRONG	八つ墓村	ツノダジロウ	2
yatsuhakamura	ALL_WRONG	0	1	0	影丸穣也/横溝正史	9784253108102	WRONG	八つ墓村	ツノダジロウ	2
zero-yamazaki-2009	ALL_WRONG	0	1	0	ヤマザキ貴子	9784796243278	WRONG	ZERO	冬目景	2
zero-matsumoto	ALL_WRONG	0	1	0	松本大洋	9784344834347	WRONG	ZERO	冬目景	2
ichi	CLEAN_owner	6	0	0	篠原花那/子母澤寛	9784063522662	ok	Ichi	子母澤寛	2
hanitarou-desu	CLEAN_owner	14	0	0	前嶋昭人	9784591046609	ok	ハニ太郎です。	前嶋昭人	13
14	CLEAN_owner	33	0	0	楳図カズオ	9784091823311	ok	14歳（1）	楳図カズオ	2
colors-1992	CLEAN_owner	3	0	0	麻生歩	9784408431109	ok	Colors（第1巻）	麻生歩/説話社	3
4-koma-kapibarasan	CLEAN_owner	4	0	0	チダケイコ/tryworks	9784391141351	ok	4コマカピバラさん	チダケイコ	2
kuradashi-kapibara-san	CLEAN_owner	4	0	0	チダケイコ/tryworks	9784391141351	ok	4コマカピバラさん	チダケイコ	2
sf-five	CLEAN_owner	1	0	0	手塚治虫	9784886533685	ok	SF★ファイブ	手塚治虫	2
five	CLEAN_owner	14	0	0	フルカワシオリ	9784088478494	ok	ファイブ（2）	フルカワシオリ	2
adventure-2030-gakuen	CLEAN_owner	5	0	0	ミヤタ泰宏	9784476086058	ok	アドベンチャ-2030学園（1）	ミヤタ泰宏	2
senri-no-michi-mo	CLEAN_owner	54	0	0	渡辺敏/大原一歩	9784834230116	ok	千里の道も（1）	大原一歩/渡辺敏漫画家	3
akai-hitsuji-no-kokuin	CLEAN_owner	8	0	0	由貴香織里	9784592125976	ok	忘れられたジュリエット	由貴香織里	4
hakushaku-cain	CLEAN_owner	8	0	0	由貴香織里	9784592125976	ok	忘れられたジュリエット	由貴香織里	4
wasure-rareta-juliet	CLEAN_owner	8	0	0	由貴香織里	9784592125976	ok	忘れられたジュリエット	由貴香織里	4
akai-kami-no-shounen	CLEAN_owner	1	0	0	山岸凉子	9784257913887	ok	赤い髪の少年	山岸凉子	2
akaikaminoshounen	CLEAN_owner	1	0	0	山岸凉子	9784257913887	ok	赤い髪の少年	山岸凉子	2
akai-shundou	CLEAN_owner	1	0	0	園山二美	9784757202580	ok	蠢動	園山二美	3
aoi-shundou	CLEAN_owner	1	0	0	園山二美	9784757202580	ok	蠢動	園山二美	3
shundou	CLEAN_owner	1	0	0	園山二美	9784757202580	ok	蠢動	園山二美	3
amefuri-hime-to-sabaku-ouji	CLEAN_owner	1	0	0	清原ナツノ	9784091322661	ok	人魚姫と半魚人王子	清原ナツノ	2
ningyo-hime-to-hangyojin-ouji	CLEAN_owner	1	0	0	清原ナツノ	9784091322661	ok	人魚姫と半魚人王子	清原ナツノ	2
anata-no-omocha	CLEAN_owner	4	0	0	長江朋美	9784091375049	ok	あなたのオモチャ	長江朋美	4
angel-1987	CLEAN_owner	4	0	0	高瀬由香	9784091326737	ok	エンジェル（3）	高瀬由香	2
angel-dust-neo	CLEAN_owner	1	0	0	七瀬葵	9784048533621	ok	エンジェル／ダスト	七瀬葵	2
jump-up-angel	CLEAN_owner	2	0	0	ソウダフミエ/花織マリコ	9784061761216	ok	Jump　up　エンジェル（1）	ソウダフミエ	2
angelic-kanbaseeshon	CLEAN_owner	1	0	0	宮本佳野	9784403680014	ok	Are　you　enemy？	宮本佳野	2
are-you-enemy	CLEAN_owner	1	0	0	宮本佳野	9784403680014	ok	Are　you　enemy？	宮本佳野	2
answer-1990	CLEAN_owner	2	0	0	鎌田洋次	9784091823519	ok	Answer（1）	鎌田洋次	2
wakusei-nendaiki	CLEAN_owner	7	0	0	大石マサル	9784785926625	ok	水惑星年代記	大石マサル	7
manga-girishia-shinwa	CLEAN_owner	8	0	0	里中満智子	9784124901658	ok	マンガギリシア神話（1）	里中満智子	8
aquarium	CLEAN_owner	1	0	0	須藤真澄	9784881994399	ok	Aquarium第2版	須藤真澄	2
arc-the-lad-2	CLEAN_owner	10	0	0	西川秀明	9784870252363	ok	アークザラッド2（1）	西川秀明	2
toaru-hi-no-kuru	CLEAN_owner	4	0	0	竹本泉	9784056070477	ok	とある日のクル	竹本泉	3
astaroth-2003	CLEAN_owner	4	0	0	魔夜峰央	9784253077705	ok	アスタロト（1）	魔夜峰央	3
atashi-ni-yarasena-stj	CLEAN_owner	1	0	0	酒井美羽	9784821189144	ok	ナイショ×ボーイ 教師（アタシ）にやらせな!	酒井美羽	2
atashi-ni-yarasena	CLEAN_owner	1	0	0	酒井美羽	9784821189144	ok	ナイショ×ボーイ 教師（アタシ）にやらせな!	酒井美羽	2
aya-1999	CLEAN_owner	2	0	0	克亜樹	9784812453018	ok	AYA	克亜樹	3
bakudan-1985	CLEAN_owner	2	0	3	本宮ヒロ志	9784088518213	unknown			2
bamboo-blade-b	CLEAN_owner	12	0	0	土塚理弘/スタジオネコ	9784757525962	ok	BAMBOO BLADE B	スタジオネコ	2
bar-lemon-heart	CLEAN_owner	37	0	0	古谷三敏/ファミリ企画	9784575812534	ok	BARレモン・ハート（1）	古谷三敏	2
bara-no-kabin	CLEAN_owner	1	0	0	萩尾望都	9784091910165	ok	ゴールデンライラック（1）	萩尾望都	2
golden-lilac	CLEAN_owner	1	0	0	萩尾望都	9784091910165	ok	ゴールデンライラック（1）	萩尾望都	2
bastard	CLEAN_owner	5	0	0	萩原一至	9784088718323	ok	BASTARD!! 10	萩原一至	2
besuteia	CLEAN_owner	4	0	0	池上遼一	9784063351088	ok	流月抄（1）	池上遼一	2
ryuugetsushou	CLEAN_owner	4	0	0	池上遼一	9784063351088	ok	流月抄（1）	池上遼一	2
bibou-no-series	CLEAN_owner	1	0	0	オオヤ和美/ゴトウシノブ	9784048533256	ok	タクミくんシリーズ June　Pride 〜6月の自尊心〜	オオヤ和美/ゴトウシノブ	4
hana-chiru-yoru-ni-kimi-o-omoeba	CLEAN_owner	1	0	0	オオヤ和美/ゴトウシノブ	9784048533256	ok	タクミくんシリーズ June　Pride 〜6月の自尊心〜	オオヤ和美/ゴトウシノブ	4
june-pride	CLEAN_owner	1	0	0	オオヤ和美/ゴトウシノブ	9784048533256	ok	タクミくんシリーズ June　Pride 〜6月の自尊心〜	オオヤ和美/ゴトウシノブ	4
kisetsu-hazure-no-kaidan	CLEAN_owner	1	0	0	オオヤ和美/ゴトウシノブ	9784048533256	ok	タクミくんシリーズ June　Pride 〜6月の自尊心〜	オオヤ和美/ゴトウシノブ	4
bidan-no-dendou-dii-ekkusu	CLEAN_owner	1	0	0	神葉理世	9784835214627	ok	美男の殿堂	神葉理世	3
bidan-no-dendou-zetto	CLEAN_owner	1	0	0	神葉理世	9784835214627	ok	美男の殿堂	神葉理世	3
binan-no-dendou	CLEAN_owner	1	0	0	神葉理世	9784835214627	ok	美男の殿堂	神葉理世	3
bite-maker-ousamanoomega	CLEAN_owner	1	0	0	杉山美和子	9784098713011	ok	Bite Maker : 王様のΩ	杉山美和子	2
bureiburuu	CLEAN_owner	4	0	0	スメラギ/赤尾デコ	9784047128552	ok	ブレイブルー リミックスハート	スメラギ	2
boku-no-chi-sutte-kuremasenka	CLEAN_owner	4	0	0	山本小鉄子	9784796415217	ok	僕の血吸ってくれませんか	山本小鉄子	2
would-you-suck-my-blood	CLEAN_owner	4	0	0	山本小鉄子	9784796415217	ok	僕の血吸ってくれませんか	山本小鉄子	2
boku-to-ohiru-o	CLEAN_owner	2	0	0	古谷実	9784063344295	ok	稲作	古谷実	4
inasaku	CLEAN_owner	2	0	0	古谷実	9784063344295	ok	稲作	古谷実	4
botsu-chan-no-jidai-1989	CLEAN_owner	2	0	0	谷口ジロ/関川夏央	9784575935233	ok	不機嫌亭漱石	関川夏央/谷口ジロ	2
botsu-chan-no-jidai	CLEAN_owner	2	0	0	谷口ジロ/関川夏央	9784575935233	ok	不機嫌亭漱石	関川夏央/谷口ジロ	2
box-rokuda-2002	CLEAN_owner	2	0	0	六田登	9784088783727	ok	Box（2）	六田登	2
boys-be	CLEAN_owner	33	0	0	玉越博幸/イタバシマサヒロ	9784063117516	ok	BOYS　BE・・・（1）	玉越博幸/イタバシマサヒロ	3
bukkira-ni-yoroshiku	CLEAN_owner	3	0	0	手塚治虫	9784253045513	ok	ブッキラによろしく（1）	手塚治虫	2
kibando	CLEAN_owner	3	0	0	手塚治虫	9784253045513	ok	ブッキラによろしく（1）	手塚治虫	2
bukkomi-no-taku	CLEAN_owner	20	0	0	佐木飛朗斗	9784065307465	ok	疾風(かぜ)伝説特攻(ぶっこみ)の拓	佐木飛朗斗	2
kaze-densetsu-bukkomi-no-taku	CLEAN_owner	20	0	0	所十三/佐木飛朗斗	9784065307465	ok	疾風(かぜ)伝説特攻(ぶっこみ)の拓	佐木飛朗斗	2
bunbuku-tanuki-no-teii-party	CLEAN_owner	7	0	0	森長アヤミ	9784860721152	ok	ぶんぶくたぬきのティーパーティ	森長アヤミ	2
bunbuku-teii-potto-plus	CLEAN_owner	7	0	0	森長アヤミ	9784860721152	ok	ぶんぶくたぬきのティーパーティ	森長アヤミ	2
castille-no-kifujin	CLEAN_owner	1	0	1	森川久美	9784592116912	unknown			2
nageki-no-torisu-tan	CLEAN_owner	1	0	1	森川久美	9784592116912	unknown			2
cat-walk	CLEAN_owner	1	0	0	佐多ミサキ	9784885705342	ok	キャットウォーク	佐多ミサキ	2
change-hashiba-2000	CLEAN_owner	2	0	0	タイラハジメ	9784883321827	ok	Change！（1）	タイラハジメ	2
charenjaazu	CLEAN_owner	3	0	0	高永ヒナコ	9784592203216	ok	合格祈願	高永ヒナコ	2
goukaku-kigan	CLEAN_owner	3	0	0	高永ヒナコ	9784592203216	ok	合格祈願	高永ヒナコ	2
charisma	CLEAN_owner	5	0	0	石原理	9784882712930	ok	カリスマ（2）	石原理	2
check	CLEAN_owner	1	0	0	兄崎ユナ	9784091373113	ok	Happyのrecipe（1）	兄崎ユナ	2
happy-no-recipe	CLEAN_owner	1	0	0	兄崎ユナ	9784091373113	ok	Happyのrecipe（1）	兄崎ユナ	2
chocolat-no-mahou-memorial-collection	CLEAN_owner	1	0	0	ミヅホ梨乃	9784091388469	ok	ショコラの魔法 パーフェクトコレクション	ミヅホ梨乃	2
chocolat-no-mahou-perfect-collection	CLEAN_owner	1	0	0	ミヅホ梨乃	9784091388469	ok	ショコラの魔法 パーフェクトコレクション	ミヅホ梨乃	2
dai-mahou-touge	CLEAN_owner	4	0	0	大和田秀樹	9784047135260	ok	大魔法峠	大和田秀樹漫画家	4
cinderella	CLEAN_owner	1	0	0	森園ミルク/阿曾恵海/西魚リツコ/村崎百郎	9784575724318	ok	シンデレラ	村崎百郎/森園ミルク	2
xxxholic	CLEAN_owner	37	0	2	clamp	9784063347524	ok	×××HOLiC（1）	clamp	4
magic-naito-rayearth-2	CLEAN_owner	9	0	0	clamp	9784063196108	ok	魔法騎士レイアース2（1）	clamp	2
magic-knight-rayearth	CLEAN_owner	10	0	0	clamp	9784063195309	ok	魔法騎士レイアース（1）	clamp	2
comic-higashino-keigo-mystery	CLEAN_owner	1	0	0	オキモトシュウ/浦川マサル/東野圭吾/風祭壮太	9784253249393	ok	コミック東野圭吾ミステリー : アンコール出版	風祭壮太/クボタ尚子/時友美如/瀬畑純/浦川マサ	2
cool-2001	CLEAN_owner	2	0	0	桜沢エリカ	9784088641461	ok	Cool	桜沢エリカ	2
crusader	CLEAN_owner	2	0	0	水縞トオル	9784403611865	ok	クルセイダー（1）	水縞トオル	2
d-n-ei-2	CLEAN_owner	8	0	0	桂正和	9784088717562	ok	D・N・A2（1）	桂正和	2
dangerous-share	CLEAN_owner	2	0	0	湖住フジコ/墨染蓮	9784757748965	ok	DANGEROUSシェア	墨染蓮	2
darker-than-black-okamura-2007	CLEAN_owner	2	0	0	野奇夜/岡村天斎/bones	9784757530089	ok	DARKER THAN BLACK	bones/岡村天斎	2
darkness	CLEAN_owner	6	0	0	魔木子	9784253156912	ok	Darkness（1）	魔木子	2
oh-my-darling	CLEAN_owner	13	0	0	上田美和	9784063028744	ok	Oh！myダーリン（1）	上田美和	2
dear-boys-act-3	CLEAN_owner	1	0	0	八神ヒロキ	9784065392737	ok	DEAR BOYS	八神ヒロキ	2
dear-boys	CLEAN_owner	1	0	0	八神ヒロキ	9784065392737	ok	DEAR BOYS	八神ヒロキ	2
doll-2009	CLEAN_owner	1	0	0	岡戸達也	9784063145946	ok	Doll	岡戸達也	3
doraemon	CLEAN_owner	39	0	0	藤子f不二雄/手塚企画/朝松健	9784091940018	ok	ドラえもん 1［恋愛編］	藤子f不二雄	4
dragon-quest-dai-no-daibouken	CLEAN_owner	84	0	0	稲田浩司/三条陸/堀井雄二	9784088710716	ok	DRAGON　QUEST（1）	稲田浩司/三条陸	3
dream	CLEAN_owner	3	0	0	山岸凉子	9784592881711	ok	妖精王（第1巻）	山岸凉子	2
youseiou	CLEAN_owner	3	0	0	山岸凉子	9784592881711	ok	妖精王（第1巻）	山岸凉子	2
duel-masters	CLEAN_owner	16	0	0	松本シゲノブ	9784091425843	ok	デュエル・マスターズ（第1巻）	松本シゲノブ	2
eikou-no-naporeon	CLEAN_owner	26	0	0	池田理代子	9784124103328	ok	エロイカ（第1巻）	池田理代子	2
eroika	CLEAN_owner	26	0	0	池田理代子	9784124103328	ok	エロイカ（第1巻）	池田理代子	2
engage-1994	CLEAN_owner	2	0	0	柊アオイ	9784088537429	ok	星の瞳のシルエット番外編（ENGAGE）（1）	柊アオイ	2
enueichikee-sono-toki-rekishi-ga-ugoita	CLEAN_owner	1	0	0	井上大助/帯ヒロ志/本山一城/日本放送協会/狩那匠	9784834250688	ok	NHKその時歴史が動いた（3（幕末編））	日本放送協会	2
face-osaka-1998	CLEAN_owner	2	0	0	逢坂ミヤ	9784882717249	ok	Face（2）	逢坂ミヤ	4
fate-strange-fake	CLEAN_owner	1	0	0	森井シヅキ/成田良悟/typemoon	9784047309883	ok	Fate strange Fake	typemoon	2
fight-1990	CLEAN_owner	2	0	0	阿部ユタカ	9784408430584	ok	Fight！（第1巻）	阿部ユタカ/説話社	4
fire-emblem-thracia-776	CLEAN_owner	2	0	1	タカナギ優名	9784757502338	unknown	ファイアーエムブレムトラキア776（第1集）		2
fushigi-toshokan	CLEAN_owner	2	0	0	高尾滋	9784592177623	ok	スロップマンションにお帰り	高尾滋	2
slope-mansion-ni-okaeri	CLEAN_owner	2	0	0	高尾滋	9784592177623	ok	スロップマンションにお帰り	高尾滋	2
fuufu-partner-kankei-mo-sore-de-ii	CLEAN_owner	1	0	0	細川貂々/水島広子	9784422930756	ok	それでいい。 : 自分を認めてラクになる対人関係入門	細川貂々/水島広子	3
sore-de-ii	CLEAN_owner	1	0	0	細川貂々	9784422930756	ok	それでいい。 : 自分を認めてラクになる対人関係入門	細川貂々/水島広子	3
yappari-sore-de-ii	CLEAN_owner	1	0	0	細川貂々	9784422930756	ok	それでいい。 : 自分を認めてラクになる対人関係入門	細川貂々/水島広子	3
gadget-sano-1998	CLEAN_owner	2	0	0	佐野マサキ/ワタナベ京	9784048529280	ok	GADGET　第1巻	佐野真砂輝/ワタナベ京	2
gakkou-no-kaidan-paja-1997	CLEAN_owner	1	0	0	破邪	9784253128131	ok	学校の怪談（アブナイ女教師篇2）	破邪	2
garakutamachi-ki-tan	CLEAN_owner	1	0	0	高橋葉介	9784257724315	ok	我楽多街奇譚	高橋葉介	2
kamen-shounen	CLEAN_owner	1	0	0	高橋葉介	9784257724315	ok	我楽多街奇譚	高橋葉介	2
gatarou-sensei-arigatou	CLEAN_owner	1	0	0	漫☆画太郎	9784088591612	ok	画太郎先生ありがとう	漫☆画太郎	2
warattegoran	CLEAN_owner	1	0	0	漫☆画太郎	9784088591612	ok	画太郎先生ありがとう	漫☆画太郎	2
gekiman-2015	CLEAN_owner	5	0	0	永井豪/永井豪&ダイナミックプロ	9784537163285	ok	激マン!スペシャル	永井豪&ダイナミックプロ	3
gekiman-devilman-no-show	CLEAN_owner	5	0	0	永井豪/ダイナミックプロダクション	9784537163285	ok	激マン!スペシャル	永井豪&ダイナミックプロ	3
gekiman-special	CLEAN_owner	5	0	0	永井豪	9784537163285	ok	激マン!スペシャル	永井豪&ダイナミックプロ	3
genjuu-no-kuni-monogatari	CLEAN_owner	27	0	0	猫十字社/team猫十字社	9784391913897	ok	幻獣の國物語（1）	猫十字社	3
get	CLEAN_owner	1	0	0	金沢有倖	9784756714718	ok	Get！（2）	金沢有倖	2
gift-hirose-2003	CLEAN_owner	2	0	0	秋本尚美	9784063191097	ok	Gift（2）	秋本尚美	6
ginga-tetsudou-no-yoru-2023	CLEAN_owner	1	0	0	teamバンミカス/宮沢賢治	9784052057779	ok	銀河鉄道の夜	teamバンミカス	3
goburinzu-rai	CLEAN_owner	1	0	0	坂田靖子	9784575335071	ok	サタニックブランチ	坂田靖子	3
ranpushieedo	CLEAN_owner	1	0	0	坂田靖子	9784575335071	ok	サタニックブランチ	坂田靖子	3
satanikku-buranchi	CLEAN_owner	1	0	0	坂田靖子	9784575335071	ok	サタニックブランチ	坂田靖子	3
monster	CLEAN_owner	18	0	0	浦沢直樹/スタジオナッツ	9784091836519	ok	MONSTER（1）	浦沢直樹	2
gold	CLEAN_owner	7	0	0	藤田和子/アンメイジャ	9784091388827	ok	ゴールド（2）	藤田和子漫画家	3
gon-selection	CLEAN_owner	7	0	0	田中政志	9784061766297	ok	ゴン（1）	田中政志	2
gon	CLEAN_owner	7	0	0	田中政志	9784061766297	ok	ゴン（1）	田中政志	2
oji-san-to-marshmallow	CLEAN_owner	5	0	0	音井レコ丸	9784758008303	ok	おじさんとマシュマロ	音井レコ丸	5
koha-ace	CLEAN_owner	3	0	0	経験値/typemoon	9784041202838	ok	コハエース	経験値	5
gym	CLEAN_owner	2	0	0	柳沢キミオ	9784091840318	ok	Gym（1）	柳沢キミオ	2
hakkou	CLEAN_owner	3	0	0	中村理恵	9784253097529	ok	白虹（2）	中村理恵	2
hal-makino-2010	CLEAN_owner	1	0	0	牧野アオイ	9784088670560	ok	Hal	牧野アオイ	2
happy-birthday-2004	CLEAN_owner	1	0	0	原明日美	9784063640434	ok	Happy　birthday	原明日美	2
haruka-naru-toki-no-naka-de-6	CLEAN_owner	1	0	0	水野十子	9784065404485	ok	遙かなる時空の中で7	水野十子	2
haruka-naru-toki-no-naka-de-7	CLEAN_owner	1	0	0	水野十子	9784065404485	ok	遙かなる時空の中で7	水野十子	2
hataraku-onee-san-2000	CLEAN_owner	2	0	0	細井玲子	9784088473819	ok	はたらくおねえさん（3）	細井玲子	2
heiwa-no-kane-series	CLEAN_owner	20	0	0	中沢啓治	9784811302607	ok	平和の鐘シリーズ（上巻）	中沢啓治	2
nakazawa-deka-heiwa-manga-sakuhinshuu	CLEAN_owner	20	0	0	中沢啓治	9784811302607	ok	平和の鐘シリーズ（上巻）	中沢啓治	2
hellhound	CLEAN_owner	1	0	0	皆川亮二	9784065363669	ok	ヘルハウンド（5）	皆川亮二	2
high-score	CLEAN_owner	24	0	0	津山チナミ	9784088561356	ok	HIGH　SCORE（1）	津山チナミ	2
hihon-gikeiki	CLEAN_owner	13	0	0	北崎拓	9784091238214	ok	ますらお（1）	北崎拓	2
masurao	CLEAN_owner	13	0	0	北崎拓	9784091238214	ok	ますらお（1）	北崎拓	2
himawari-2011	CLEAN_owner	1	0	0	天野コズエ	9784757502109	ok	おひさま笑顔	天野コズエ	2
ohi-sama-egao	CLEAN_owner	1	0	0	天野コズエ	9784757502109	ok	おひさま笑顔	天野コズエ	2
hipunoshisu-maiku-division-rap-battle-side-b-b-m-t-c	CLEAN_owner	3	0	2	蟹江鉄史/百瀬祐一郎/キングレコド株式会社	9784065160992	ok	ヒプノシスマイク : division rap battle	百瀬祐一郎	3
hipunoshisumaiku	CLEAN_owner	3	0	2	城キイコ/百瀬祐一郎/キングレコド株式会社	9784065160992	ok	ヒプノシスマイク : division rap battle	百瀬祐一郎	3
hypnosis-mic-before-the-battle-the-dirty-dawg	CLEAN_owner	1	0	0	百瀬祐一郎	9784758034715	ok	ヒプノシスマイク : division rap battle	百瀬祐一郎	3
oku-sama-wa-joshikousei	CLEAN_owner	13	0	0	コバヤシヒヨコ	9784087826982	ok	おくさまは女子高生（1）	コバヤシヒヨコ	2
home-ueda-2000	CLEAN_owner	2	0	0	上田倫子	9784088472591	ok	ホーム（1）	上田倫子	3
kariage-kun	CLEAN_owner	47	0	0	植田マサシ	9784575930146	ok	かりあげクン（1）	植田マサシ	2
hurricane	CLEAN_owner	1	0	0	ワタセセイゾウ	9784061045842	ok	ハリケーン	ワタセセイゾウ	2
ichigo	CLEAN_owner	10	0	0	六田登	9784091511713	ok	Ichigo（1）	六田登	2
idol-sousei-densetsu-princess	CLEAN_owner	3	0	0	克亜樹	9784056014068	ok	美少女創世伝説PRINCESS（1）	克亜樹	2
imagine	CLEAN_owner	18	0	0	槇村サトル	9784088642000	ok	イマジン（1）	槇村サトル	2
iyahaya-nantomo	CLEAN_owner	1	0	0	永井豪&ダイナミックプロ	9784594017996	ok	イヤハヤ南友（1）	永井豪/ダイナミックプロダクション	2
iyahayanantomo	CLEAN_owner	1	0	0	永井豪/ダイナミックプロ	9784594017996	ok	イヤハヤ南友（1）	永井豪/ダイナミックプロダクション	2
jihad	CLEAN_owner	4	0	0	里見桂/伊月慶悟	9784253144735	ok	JIHAD（2）	里見桂/伊月慶悟	2
zipang	CLEAN_owner	62	0	0	カワグチカイジ	9784063287592	ok	ジパング（4）	カワグチカイジ	2
joou-o-aishita-ansatsusha	CLEAN_owner	1	0	0	サチミリホ	9784253152983	ok	女王を愛した暗殺者	サチミリホ	2
shiroki-ouji-no-koimonogatari	CLEAN_owner	1	0	0	サチミリホ	9784253152983	ok	女王を愛した暗殺者	サチミリホ	2
joshikousei	CLEAN_owner	14	0	0	大島永遠	9784575831818	ok	女子高生girls-high（3）	大島永遠	2
jun-ishinomori-2003	CLEAN_owner	4	0	0	石ノ森章太郎	9784780801668	ok	ジュン	石ノ森章太郎	4
junk-1994	CLEAN_owner	2	0	0	土光テツミ/戸井十月	9784063140798	ok	JUNK（1）	土光テツミ/戸井十月	2
juran	CLEAN_owner	5	0	1	山田ミネコ	9784885704260	unknown			3
saishuu-sensou	CLEAN_owner	5	0	1	山田ミネコ	9784885704260	unknown			3
k	CLEAN_owner	2	0	0	黒榮ユイ/gohands/gora/goragohands/来楽零	9784063806205	ok	K	gohands	2
kaidan-kyuuden	CLEAN_owner	1	0	0	坂田靖子	9784168110412	ok	階段宮殿	坂田靖子	2
tenkafun	CLEAN_owner	1	0	0	坂田靖子	9784168110412	ok	階段宮殿	坂田靖子	2
kaitou-lupin-den-abanchurie-toujou-hen	CLEAN_owner	1	0	0	森田崇/モリスルブラン	9784835646275	ok	怪盗ルパン伝〈アバンチュリエ〉	モリスルブラン	2
kaitou-lupin-den-aventurier	CLEAN_owner	1	0	0	森田崇/モリスルブラン	9784835646275	ok	怪盗ルパン伝〈アバンチュリエ〉	モリスルブラン	2
kaleidoscope-1994	CLEAN_owner	1	0	0	米田仁士	9784257033813	ok	カレイドスコ-プ	米田仁士	2
karate-baka-ichidai-1972	CLEAN_owner	1	0	0	ツノダジロウ/梶原一騎	9784061010055	ok	空手バカ一代（5）	ツノダジロウ/梶原一騎	2
karate-baka-ichidai	CLEAN_owner	1	0	0	影丸穣也/影丸譲也トjkプロ/梶原一騎	9784061010055	ok	空手バカ一代（5）	ツノダジロウ/梶原一騎	2
kaze-no-tani-no-naushika	CLEAN_owner	2	0	0	宮崎駿	9784061744615	ok	風の谷のナウシカ（1）	宮崎駿	2
keetai-ga-ochiteita	CLEAN_owner	2	0	0	赤石路代	9784091304490	ok	ケータイが落ちていた。	赤石路代	2
seven-piisu	CLEAN_owner	2	0	0	赤石路代	9784091304490	ok	ケータイが落ちていた。	赤石路代	2
kimi-no-tonari	CLEAN_owner	5	0	0	亜月亮	9784253092531	ok	闇都市伝説	亜月亮	2
yami-toshi-densetsu	CLEAN_owner	5	0	0	亜月亮	9784253092531	ok	闇都市伝説	亜月亮	2
kirara	CLEAN_owner	6	0	0	唯登詩樹	9784088612362	ok	KIRARA（1）	唯登詩樹	2
kissxxxx	CLEAN_owner	3	0	0	楠本マキ	9784086188388	ok	Kissxxxx	楠本マキ	2
kochira-katsushikaku-kameari-kouenmae-hashutsujo	CLEAN_owner	8	0	0	秋本治/吉村作治	9784088527369	ok	こちら葛飾区亀有公園前派出所 92	秋本治	2
kouun-ryuusui-jo-fuku	CLEAN_owner	2	0	0	本宮ヒロ志	9784088910574	ok	こううんりゅうすい〈徐福〉 : 行雲流水	本宮ヒロ志	4
kouun-ryuusui	CLEAN_owner	5	0	0	本宮ヒロ志	9784088910574	ok	こううんりゅうすい〈徐福〉 : 行雲流水	本宮ヒロ志	4
kowai-hon	CLEAN_owner	19	0	2	楳図カズオ	9784257904786	ok	楳図かずおこわい本（vol．5）愛蔵版	楳図カズオ	3
kunisaki-izumo-no-jijou	CLEAN_owner	16	0	0	ヒラカワアヤ/近田火日輝	9784091222701	ok	国崎出雲の事情	ヒラカワアヤ	2
kuro-tokage	CLEAN_owner	2	0	0	高階良子/江戸川乱歩	9784061082106	ok	黒とかげ	高階良子/江戸川乱歩	2
kyuuso-wa-cheese-no-yume-o-miru-all-in-wan-edition	CLEAN_owner	1	0	0	水城セトナ	9784778010010	ok	窮鼠はチーズの夢を見る	水城セトナ	3
kyuuso-wa-cheese-no-yume-o-miru-reboot-edition	CLEAN_owner	1	0	0	水城セトナ	9784778010010	ok	窮鼠はチーズの夢を見る	水城セトナ	3
kyuuso-wa-cheese-no-yume-o-miru	CLEAN_owner	1	0	0	水城セトナ	9784778010010	ok	窮鼠はチーズの夢を見る	水城セトナ	3
lady-q	CLEAN_owner	3	0	0	三浦ミツル	9784537097290	ok	レディーQ（1）	三浦ミツル	2
tensai-choukoushi-houjou-mika	CLEAN_owner	3	0	0	三浦ミツル	9784537097290	ok	レディーQ（1）	三浦ミツル	2
lesson	CLEAN_owner	2	0	0	高橋由佳利	9784088640853	ok	レッスン	高橋由佳利	2
rabu-tore-love-taishitsu-kaizen-kouza	CLEAN_owner	1	0	0	横山真由美	9784091392244	ok	ラブ・トレ～恋愛体質改善講座～	横山真由美	2
mahou-senki-lyrical-nanoha-force-touruu-karaado	CLEAN_owner	2	0	0	緋賀ユカリ/都築真紀	9784041202579	ok	魔法戦記リリカルなのはForce	緋賀ユカリ	2
mahou-senki-lyrical-nanoha-force	CLEAN_owner	2	0	0	緋賀ユカリ/都築真紀	9784041202579	ok	魔法戦記リリカルなのはForce	緋賀ユカリ	2
majime-ni-danjo-kousai	CLEAN_owner	3	0	0	桃伊イヅミ	9784088496856	ok	まじめに！男女交際（1）	桃伊イヅミ	3
yappari-majime-ni-danjo-kousai	CLEAN_owner	3	0	0	桃伊イヅミ	9784088496856	ok	まじめに！男女交際（1）	桃伊イヅミ	3
majuu-gari	CLEAN_owner	2	0	0	青木雅彦/夢枕獏	9784253148924	ok	魔獣狩り（2）	青木雅彦/夢枕獏	2
manga-grimm-douwa	CLEAN_owner	23	0	0	竹崎真実	9784821136797	ok	まんがグリム童話	竹崎真実	2
matarou-ga-kuru-2020	CLEAN_owner	1	0	0	藤子不二雄a	9784124102000	ok	新編集魔太郎がくる！！（14）	藤子不二雄a	2
matarou-ga-kuru	CLEAN_owner	1	0	0	藤子不二雄	9784124102000	ok	新編集魔太郎がくる！！（14）	藤子不二雄a	2
maya	CLEAN_owner	9	0	0	本島幸久	9784063120646	ok	Maya（1）	本島幸久	2
mayonaka-no-jewel	CLEAN_owner	3	0	0	麻見雅	9784091303455	ok	真夜中のジュエル	麻見雅	3
mazin-saga-nagai	CLEAN_owner	2	0	0	永井豪	9784594023966	ok	マジンサーガ（05（火星風雲編（後）））	永井豪	2
mazin-saga	CLEAN_owner	2	0	0	永井豪/ダイナミックプロダクション	9784594023966	ok	マジンサーガ（05（火星風雲編（後）））	永井豪	2
neko-banashi-pandania-2020	CLEAN_owner	4	0	0	パンダニア	9784040643946	ok	ねこむかしばなし	パンダニア	4
tatara-no-tsuji-ni	CLEAN_owner	2	0	0	ササヤナナエコ	9784091787613	ok	たたらの辻に…	ササヤナナエ	2
mint	CLEAN_owner	3	0	0	浅田弘幸	9784088712864	ok	眠兎（1）	浅田弘幸	2
mobile-hazure-no-meiwakusei	CLEAN_owner	1	0	0	ヤブウチ優	9784091365811	ok	軌道はずれの迷惑星	ヤブウチ優	2
mobile-suit-gundam-zz	CLEAN_owner	1	0	0	村上トシヤ/矢立肇/富野由悠季	9784061004887	ok	機動戦士ガンダムZZ（3）	村上トシヤ/富野由悠季	2
mobile-suit-gundam-seed	CLEAN_owner	7	0	0	岩瀬昌嗣/高山瑞穂/矢立肇/富野由悠季	9784063101775	ok	機動戦士ガンダムSEED（4）	矢立肇/富野由悠季	2
mobile-suit-gundam-seed-destiny	CLEAN_owner	2	0	0	矢立肇/富野由悠季	9784063102116	ok	機動戦士ガンダムシードデスティニー（第9巻）	矢立肇/富野由悠季	2
mobile-suit-gundam-thunderbolt-gaiden	CLEAN_owner	2	0	0	太田垣康男/矢立肇/富野由悠季	9784098604371	ok	機動戦士ガンダムサンダーボルト外伝	矢立肇/富野由悠季	2
mother	CLEAN_owner	1	0	0	秋原龍彦/工藤カズヤ	9784796297400	ok	マザー（2）	秋原龍彦/工藤カズヤ	2
natsu-no-guuwa	CLEAN_owner	2	0	0	山岸凉子	9784257915782	ok	天人唐草	山岸凉子	2
tenjinkarakusa	CLEAN_owner	2	0	0	山岸凉子	9784257915782	ok	天人唐草	山岸凉子	2
natsu-no-omoide-1994	CLEAN_owner	1	0	0	山本直樹	9784872331608	ok	夏の思い出	山本直樹漫画家	2
yoru-no-ryouiki	CLEAN_owner	1	0	0	山本直樹	9784872331608	ok	夏の思い出	山本直樹漫画家	2
nein-tojitsuki-2018	CLEAN_owner	2	0	0	トジツキハジメ	9784403622663	ok	NEIN	トジツキハジメ	2
neko-monster	CLEAN_owner	3	0	0	パンダニア	9784801975590	ok	ねこもんすたー	パンダニア	3
neko-youkai	CLEAN_owner	4	0	0	パンダニア	9784801961876	ok	ねこようかい	パンダニア	3
ninja-hattori-kun	CLEAN_owner	11	0	0	藤子不二雄a	9784091404862	ok	忍者ハットリくん（6）	藤子不二雄a	2
ninjahattori-kun	CLEAN_owner	11	0	0	藤子不二雄	9784091404862	ok	忍者ハットリくん（6）	藤子不二雄a	2
ninku-kazu-2006	CLEAN_owner	11	0	0	桐山光侍	9784088744407	ok	忍空 零	桐山光侍	4
ninkuu-zero	CLEAN_owner	7	0	0	桐山光侍	9784088744407	ok	忍空 零	桐山光侍	4
ninkuu-2nd-stage	CLEAN_owner	7	0	0	桐山光侍	9784081067503	ok	NINKU　2nd　STAGE（2）	桐山光侍	4
ninkuu	CLEAN_owner	9	0	0	桐山光侍	9784081150335	ok	忍空 : second stage干支忍編	桐山光侍	4
noroi	CLEAN_owner	1	0	0	犬木加奈子	9784048528979	ok	ザ・ホラー・スペシャリスト1　呪	犬木加奈子	2
sarutobi-etsu-chan	CLEAN_owner	6	0	0	石ノ森章太郎	9784120019616	ok	さるとびエッちゃん（第1巻）愛蔵版	石ノ森章太郎	3
otome-wa-onee-sama-ni-koishiteru	CLEAN_owner	1	0	0	ウイラアクル/キャラメルbox	9784041200612	ok	乙女はお姉さまに恋してる	キャラメルbox	2
ou-sama-game-rinjou	CLEAN_owner	1	0	0	栗山廉士	9784575848021	ok	王様ゲーム臨場	栗山廉士	2
oz	CLEAN_owner	1	0	0	刻夜セイゴ/岩井恭平	9784840137898	ok	Oz	岩井恭平	2
pangaea-ezel	CLEAN_owner	7	0	0	浅野リン	9784861270567	ok	パンゲア・エゼル（1）	浅野リン	2
percolation	CLEAN_owner	1	0	0	suezen	9784047132658	ok	Percolation	suezen	2
perman	CLEAN_owner	10	0	0	藤子f不二雄	9784091402615	ok	パーマン（1）	藤子f不二雄	2
pocket-monsters	CLEAN_owner	12	0	0	穴久保幸作	9784091425119	ok	ポケットモンスター（第1巻）	穴久保幸作	2
purogorufaa-saru	CLEAN_owner	4	0	0	藤子不二雄a	9784124100457	ok	プロゴルファー猿（2）	藤子不二雄a	2
purogorufaasaru	CLEAN_owner	4	0	0	藤子不二雄	9784124100457	ok	プロゴルファー猿（2）	藤子不二雄a	2
real-kiss	CLEAN_owner	1	0	0	宮坂香帆	9784091316462	ok	Real kiss	宮坂香帆	2
red-1999	CLEAN_owner	6	0	0	小林博美/エリカスピンドラ	9784091358721	ok	レッド（2）	小林博美	3
reset-2009	CLEAN_owner	3	0	0	山本マユリ	9784821184033	ok	リセット	山本マユリ	3
ring-1996	CLEAN_owner	1	0	0	永井幸二郎/鈴木光司	9784048530408	ok	リング（下巻）	稲垣ミサオ/鈴木光司	2
ring-suzuki-2005	CLEAN_owner	1	0	0	meimu/高橋洋/鈴木光司	9784048530408	ok	リング（下巻）	稲垣ミサオ/鈴木光司	2
ring	CLEAN_owner	7	0	0	市野治美	9784049243055	ok	RING　第1巻 銀竜の神殿	市野治美	2
rising-sun-1998	CLEAN_owner	2	0	0	サカモトタケシ/一志治夫	9784091846419	ok	Rising　sun（1）	サカモトタケシ	2
rocket-man	CLEAN_owner	1	0	0	加藤元浩	9784063706314	ok	ロケットマン	加藤元浩	2
saint	CLEAN_owner	8	0	0	赤石路代	9784049242744	ok	SAINT　第1巻	赤石路代	2
samurai-soldier-1999	CLEAN_owner	1	0	0	小林源文	9784418995042	ok	Samurai　soldier	小林源文	2
seiden-rg-veeda	CLEAN_owner	5	0	0	clamp	9784403612442	ok	聖伝（第3巻　六星群嵐篇2）	clamp	2
seiden	CLEAN_owner	5	0	0	clamp	9784403612442	ok	聖伝（第3巻　六星群嵐篇2）	clamp	2
sengoku-jieitai	CLEAN_owner	2	0	0	田辺節雄/半村良	9784253108225	ok	戦国自衛隊	田辺節雄/半村良	2
shaman-king-faust-8	CLEAN_owner	1	0	0	ハルコ/武井宏之/虎走カケル	9784065260791	ok	SHAMAN KING FAUST 8 : 永遠のエリザ	武井宏之	2
shaman-king-the-super-star	CLEAN_owner	1	0	0	武井宏之	9784065260791	ok	SHAMAN KING FAUST 8 : 永遠のエリザ	武井宏之	2
sherlock-ooinaru-game	CLEAN_owner	2	0	0	jay	9784041016862	ok	SHERLOCK大いなるゲーム	jay	2
shikei-shikkounin	CLEAN_owner	1	0	0	内田康平/草下シンヤ/大槻展子	9784253310789	ok	私刑執行人　〜殺人弁護士とテミスの天秤〜　3	草下シンヤ/内田康平	2
shin-agatte-nanbo-taichiyo-nakuna	CLEAN_owner	2	0	19	叶精作/小池一夫	9784915289279	ok	新・上ってなンボ太一よ泣くな　1	小池一夫/叶精作	2
shin-kurosagi-kanketsu-hen	CLEAN_owner	2	0	0	黒丸/夏原武	9784091843135	ok	新クロサギ	夏原武	2
shin-kurosagi	CLEAN_owner	2	0	0	黒丸/夏原武	9784091843135	ok	新クロサギ	夏原武	2
shin-megami-tensei-ifu	CLEAN_owner	8	0	0	柳澤一明/atlus	9784756112705	ok	真・女神転生〔KAHN〕（2）	柳澤一明	2
shin-megami-tensei-kaan	CLEAN_owner	8	0	0	柳澤一明	9784756112705	ok	真・女神転生〔KAHN〕（2）	柳澤一明	2
shin-mobile-senki-gundam-wing	CLEAN_owner	4	0	0	トキタ洸一/矢立肇/富野由悠季/鴇田洸一/冬凪レク	9784063340020	ok	新機動戦記ガンダムW	矢立肇/富野由悠季	5
shinpika-mizuki-shigeru-den	CLEAN_owner	2	0	0	水木シゲル	9784048541947	ok	神秘家水木しげる伝	水木シゲル	2
watashi-ha-gegege	CLEAN_owner	2	0	0	水木シゲル	9784048541947	ok	神秘家水木しげる伝	水木シゲル	2
shiroi-egumonto	CLEAN_owner	1	0	0	池田理代子	9784120017469	ok	ウェディング・ドレス	池田理代子	2
wedding-dress	CLEAN_owner	1	0	0	池田理代子	9784120017469	ok	ウェディング・ドレス	池田理代子	2
silver	CLEAN_owner	9	0	0	藤田和子/ペニジョダン	9784091348524	ok	シルバー（1）	藤田和子漫画家	2
sleeping-beauty	CLEAN_owner	2	0	0	芳崎セイム	9784872787634	ok	SLEEPING　BEAUTY（1）	芳崎セイム	2
sp	CLEAN_owner	5	0	0	灰原薬/金城一紀	9784091836151	ok	SP	金城一紀	2
spiral	CLEAN_owner	15	0	0	水野英多/城平京	9784757501751	ok	スパイラル（1）	水野英多/城平京	2
steins-gate-2011	CLEAN_owner	3	0	0	nini/ニトロプラス/pb	9784840133289	ok	シュタインズ・ゲート	pb	2
steins-gate	CLEAN_owner	3	0	0	サラチヨミ/ニトロプラス/pb	9784840133289	ok	シュタインズ・ゲート	pb	2
suikoden-2005	CLEAN_owner	5	0	0	李志清/夏秋ノゾミ	9784840112468	ok	水滸伝（第4巻（行者武松之巻））	李志清/夏秋ノゾミ	2
take-it-easy	CLEAN_owner	1	0	1	岡崎京子	9784063046205	unknown			2
takeru-nakashima-2006	CLEAN_owner	3	0	0	中島カズキ/唐々煙	9784861272776	ok	Takeru（2）	唐々煙/中島カズキ	3
tales-of-destiny	CLEAN_owner	4	0	2	啄木鳥シンキ	9784757202191	ok	テイルズオブデスティニー（1）	啄木鳥シンキ	3
tales-of-etaania-premium-stories	CLEAN_owner	4	0	3	小池陽子	9784757508644	ok	テイルズオブエターニア（3）	小池陽子	2
tales-of-eternia	CLEAN_owner	4	0	3	小池陽子	9784757508644	ok	テイルズオブエターニア（3）	小池陽子	2
tempest	CLEAN_owner	7	0	0	阿仁谷ユイジ	9784063805970	ok	テンペスト	阿仁谷ユイジ	2
to-heart-2-2005	CLEAN_owner	2	0	0	キタウミツナ/aquaplus	9784757523401	ok	To heart 2	キタウミツナ	2
two-toppu	CLEAN_owner	7	0	0	旭凛太郎/藤井良樹	9784253204415	ok	Two突風！（2）	旭凛太郎/藤井良樹	2
tsumi-to-batsu	CLEAN_owner	2	0	0	岩下博美/ドストエフスキ	9784107716828	ok	罪と罰	ドストエフスキ	2
tsumitobatsu	CLEAN_owner	2	0	0	手塚治虫/ドストエフスキ	9784107716828	ok	罪と罰	ドストエフスキ	2
ultraman-2012	CLEAN_owner	20	0	0	下口智裕/清水栄一	9784864683210	ok	ULTRAMAN	清水栄一/下口智裕	2
venus	CLEAN_owner	2	0	0	関口シュン	9784845805594	ok	ヴィーナス（1）	関口シュン	2
w3	CLEAN_owner	3	0	0	手塚治虫	9784253062039	ok	W3（ワンダースリー）（1）	手塚治虫	2
webban-working	CLEAN_owner	1	0	0	高津カリノ	9784757546752	ok	WEB版 WORKING!!	高津カリノ	2
wings	CLEAN_owner	6	0	0	鎌田洋次	9784575820379	ok	WINGS（1）	鎌田洋次	2
wolf-guy-hiroshi-1996	CLEAN_owner	4	0	0	カドタヒロシ/平井和正	9784821194797	ok	Wolf　Guy（1）	カドタヒロシ/平井和正	2
wolf-guy	CLEAN_owner	4	0	0	泉谷アユミ/余湖裕輝/平井和正/田畑由秋	9784821194797	ok	Wolf　Guy（1）	カドタヒロシ/平井和正	2
yoh	CLEAN_owner	2	0	0	菊池トシヲ	9784063194333	ok	Yoh（1）	菊池トシヲ	2
zero-1996	CLEAN_owner	2	0	0	冬目景	9784796243278	ok	ZERO	冬目景	2
pocket-monsters-special	MIXED_deinterleave	11	41	0	真斗/日下秀憲	9784091403186	WRONG	ポケットモンスターSPECIAL	山本サトシ	2
worst	MIXED_deinterleave	6	23	0	髙橋ヒロシ	9784253202213	WRONG	WORST（5）	高橋ヒロシ	2
complex-kikuchi-2002	MIXED_deinterleave	3	7	0	菊池久美子	9784882715825	WRONG	コンプレックス（1）	マンダ林檎	2
karen-osakabe-2011	MIXED_deinterleave	2	7	0	刑部真芯	9784091362612	WRONG	KAREN（1）	ヤブウチ優	2
yume-de-aetara-2000	MIXED_deinterleave	8	7	0	山花典之	9784088618371	WRONG	夢で逢えたら（2）	hanako	2
complex	MIXED_deinterleave	7	3	0	マンダ林檎	9784253192255	WRONG	Complex（5）	菊池久美子	2
cue	MIXED_deinterleave	1	3	0	花見沢q太郎	9784091873811	WRONG	Cue（1）	村上カツラ	2
jun-2012	MIXED_deinterleave	1	3	0	紡木タク	9784780801668	WRONG	ジュン	石ノ森章太郎	4
pure-1993	MIXED_deinterleave	1	3	0	深見ジュン	9784088755014	WRONG	Pure（1）	会川昇/柿本ケンジロウ	2
refrain-1988	MIXED_deinterleave	1	3	0	ササヤナナエコ	9784061021594	WRONG	リフレイン（2）	岡田ユキオ	2
tokyo-toyboxes	MIXED_deinterleave	2	3	0	ウメ	9784107723765	WRONG	Tokyo toyboxes = 東京トイボクシーズ	ume	2
hai-time	MIXED_deinterleave	1	2	0	耕野裕子	9784088654133	WRONG	High	渡辺未知	2
hayou-no-ken	MIXED_deinterleave	1	2	0	厦門潤/前田珠子	9784088467719	WRONG	破妖の剣	馬場美由紀	2
hayou-no-tsurugi	MIXED_deinterleave	1	2	0	松元陽/前田珠子	9784088467719	WRONG	破妖の剣	馬場美由紀	2
joker-1998-2	MIXED_deinterleave	1	2	0	野村アキコ	9784061753228	WRONG	Joker	森谷幸子	2
joker-2000-2	MIXED_deinterleave	1	2	0	万里村奈加	9784061753228	WRONG	Joker	森谷幸子	2
karen	MIXED_deinterleave	7	2	0	ヤブウチ優	9784091350404	WRONG	花恋	刑部真芯	2
persona-2001	MIXED_deinterleave	2	2	0	松枝尚嗣	9784087823684	WRONG	ペルソナ	インデックス	2
romancing-saga	MIXED_deinterleave	1	2	0	紺野サオリ	9784197900053	WRONG	ロマンシングサガ1（2）	面堂カズキ/葉月マユミ	2
samurai-spirits-1995	MIXED_deinterleave	1	2	0	石川賢	9784063217186	WRONG	サムライスピリッツ（1）	島本和彦	2
cue-2004	MIXED_deinterleave	3	1	0	村上カツラ	9784091574916	WRONG	Cue	花見沢q太郎	2
darker-than-black	MIXED_deinterleave	1	1	0	岩原裕二/岡村天斎	9784757531772	WRONG	Darker than black	bones	2
doubles-1987	MIXED_deinterleave	1	1	0	佐野未央子	9784088717555	WRONG	Doubles（2）	小谷憲一	2
doubles-1992	MIXED_deinterleave	1	1	0	小谷憲一	9784088492940	WRONG	ダブルス	佐野未央子	2
gifuu-doudou-naoe-kanetsugu-maeda-deka-hanagatari	MIXED_deinterleave	9	1	0	出口真人/原哲夫	9784199802287	WRONG	義風堂々!!	山田俊明	2
ginga-tetsudou-no-yoru	MIXED_deinterleave	1	1	0	マスムラヒロシ/宮沢賢治	9784061890510	WRONG	銀河鉄道の夜	古城武司	2
girl-1990	MIXED_deinterleave	1	1	0	真柴ヒロミ	9784063406689	WRONG	ガール	奥田英朗	2
girl	MIXED_deinterleave	1	1	0	早坂イアン/奥田英朗	9784063028225	WRONG	Girl	真柴ヒロミ	2
high	MIXED_deinterleave	2	1	0	渡辺未知/登坂恵里香	9784088600536	WRONG	はいTime-風子と一北	耕野裕子	2
hitorijime-my-hero	MIXED_deinterleave	10	1	4	アリイメメコ	9784758026857	WRONG	Hitorijime my hero	]memecoarii	2
in-hand-2019	MIXED_deinterleave	1	1	0	朱戸アオ	9784065386941	WRONG	インハンド	四ノ宮成祥	2
in-hand	MIXED_deinterleave	1	1	0	朱戸アオ	9784065386941	WRONG	インハンド	四ノ宮成祥	2
isekai-ni-kita-mitai-dakedo-dou-sureba-yoi-no-darou	MIXED_deinterleave	3	1	0	白石新/天野コヒツジ	9784896377583	WRONG	異世界に来たみたいだけど如何すれば良いのだろう（4）	舞/トキチ	2
joker-1998	MIXED_deinterleave	1	1	0	河奈マリオ	9784091390141	WRONG	Joker	河野ヤス子	4
mahouka-koukou-no-rettousei-2018	MIXED_deinterleave	4	1	0	マジコ/佐島勤	9784757591271	WRONG	魔法科高校の劣等生	竹田羽角	3
mobile-suit-gundam-thunderbolt	MIXED_deinterleave	2	1	0	太田垣康男/富野由悠季/矢立肇	9784041144626	WRONG	機動戦士ガンダムF90FF(ファステスト・フォーミュラ)	大河原邦男	2
oz-itsuki-2004	MIXED_deinterleave	8	1	0	樹ナツミ	9784840137898	WRONG	Oz	岩井恭平	2
pure	MIXED_deinterleave	3	1	0	柿本ケンジロウ/會川昇	9784088622392	WRONG	純愛（ピュア）	深見ジュン	2
rifrein	MIXED_deinterleave	3	1	0	岡田ユキオ	9784061754843	WRONG	リフレイン	ササヤナナエ	2
romanshingu-saga	MIXED_deinterleave	2	1	0	面堂カズキ/葉月マユミ	9784197900039	WRONG	ロマンシングサガ1	紺野サオリ	2
samurai-spirits	MIXED_deinterleave	2	1	0	島本和彦	9784063196610	WRONG	SAMURAI　SPIRITS	石川賢	2
10-ko-iri-hani-tarou-desu	UNKNOWN_only	0	0	14	(no_yml)	9784591046609	unknown	ハニ太郎です。	前嶋昭人	13
3-banme-no-hani-tarou-desu	UNKNOWN_only	0	0	14	(no_yml)	9784591046609	unknown	ハニ太郎です。	前嶋昭人	13
7-banme-no-hani-tarou-desu	UNKNOWN_only	0	0	14	(no_yml)	9784591046609	unknown	ハニ太郎です。	前嶋昭人	13
boyoyon-hani-tarou-desu	UNKNOWN_only	0	0	14	(no_yml)	9784591046609	unknown	ハニ太郎です。	前嶋昭人	13
curry-aji-hani-tarou-desu	UNKNOWN_only	0	0	14	(no_yml)	9784591046609	unknown	ハニ太郎です。	前嶋昭人	13
irasshaimase-hani-tarou-desu	UNKNOWN_only	0	0	14	(no_yml)	9784591046609	unknown	ハニ太郎です。	前嶋昭人	13
jinrui-metsubou-made-hani-tarou-desu	UNKNOWN_only	0	0	14	(no_yml)	9784591046609	unknown	ハニ太郎です。	前嶋昭人	13
koryamata-hani-tarou-desu	UNKNOWN_only	0	0	14	(no_yml)	9784591046609	unknown	ハニ太郎です。	前嶋昭人	13
maa-iijan-hani-tarou-desu	UNKNOWN_only	0	0	14	(no_yml)	9784591046609	unknown	ハニ太郎です。	前嶋昭人	13
nannokotcha-hani-tarou-desu	UNKNOWN_only	0	0	14	(no_yml)	9784591046609	unknown	ハニ太郎です。	前嶋昭人	13
upupu-hani-tarou-desu	UNKNOWN_only	0	0	14	(no_yml)	9784591046609	unknown	ハニ太郎です。	前嶋昭人	13
yappari-hani-tarou-desu	UNKNOWN_only	0	0	14	(no_yml)	9784591046609	unknown	ハニ太郎です。	前嶋昭人	13
4teen	UNKNOWN_only	0	0	33	(no_yml)	9784091823311	unknown	14歳（1）	楳図カズオ	2
sai-1998	UNKNOWN_only	0	0	1	(no_yml)	9784575817027	unknown	Sigh	遊人	8
sai-2002	UNKNOWN_only	0	0	1	(no_yml)	9784575817027	unknown	Sigh	遊人	8
5-2000	UNKNOWN_only	0	0	15	(no_yml)	9784886533685	unknown	SF★ファイブ	手塚治虫	2
adventure2030-gakuen	UNKNOWN_only	0	0	5	(no_yml)	9784476086058	unknown	アドベンチャ-2030学園（1）	ミヤタ泰宏	2
ajia-he-no-michi	UNKNOWN_only	0	0	54	(no_yml)	9784834230116	unknown	千里の道も（1）	大原一歩/渡辺敏漫画家	3
kenshuusei-jidai	UNKNOWN_only	0	0	54	(no_yml)	9784834230116	unknown	千里の道も（1）	大原一歩/渡辺敏漫画家	3
kafuka	UNKNOWN_only	0	0	8	(no_yml)	9784592125976	unknown	忘れられたジュリエット	由貴香織里	4
amenohousoku	UNKNOWN_only	0	0	1	(no_yml)	9784592130604	unknown	ラグナ戦記	外園昌也	2
motto-2-kai-anata-no-omocha	UNKNOWN_only	0	0	4	(no_yml)	9784091375049	unknown	あなたのオモチャ	長江朋美	4
motto-3-kai-anata-no-omocha	UNKNOWN_only	0	0	4	(no_yml)	9784091375049	unknown	あなたのオモチャ	長江朋美	4
mottox3-anata-no-omocha	UNKNOWN_only	0	0	4	(no_yml)	9784091375049	unknown	あなたのオモチャ	長江朋美	4
angel-dust-neo-nanase-2003	UNKNOWN_only	0	0	1	(no_yml)	9784048533621	unknown	エンジェル／ダスト	七瀬葵	2
ao-wakusei-nendaiki	UNKNOWN_only	0	0	7	(no_yml)	9784785926625	unknown	水惑星年代記	大石マサル	7
kan-wakusei-nendaiki	UNKNOWN_only	0	0	7	(no_yml)	9784785926625	unknown	水惑星年代記	大石マサル	7
sui-wakusei-nendaiki	UNKNOWN_only	0	0	7	(no_yml)	9784785926625	unknown	水惑星年代記	大石マサル	7
wakusei-nendaiki-gekkan-sachisachi	UNKNOWN_only	0	0	7	(no_yml)	9784785926625	unknown	水惑星年代記	大石マサル	7
wakusei-nendaiki-ruunyan	UNKNOWN_only	0	0	7	(no_yml)	9784785926625	unknown	水惑星年代記	大石マサル	7
zoku-sui-wakusei-nendaiki	UNKNOWN_only	0	0	7	(no_yml)	9784785926625	unknown	水惑星年代記	大石マサル	7
aporon-no-kanashimi	UNKNOWN_only	0	0	8	(no_yml)	9784124901658	unknown	マンガギリシア神話（1）	里中満智子	8
eiyuu-herakuresu	UNKNOWN_only	0	0	8	(no_yml)	9784124901658	unknown	マンガギリシア神話（1）	里中満智子	8
higeki-no-ou-oidipusu	UNKNOWN_only	0	0	8	(no_yml)	9784124901658	unknown	マンガギリシア神話（1）	里中満智子	8
meikai-no-orufeusu	UNKNOWN_only	0	0	8	(no_yml)	9784124901658	unknown	マンガギリシア神話（1）	里中満智子	8
odeyusseusu-no-koukai	UNKNOWN_only	0	0	8	(no_yml)	9784124901658	unknown	マンガギリシア神話（1）	里中満智子	8
oryunposu-no-kamigami	UNKNOWN_only	0	0	8	(no_yml)	9784124901658	unknown	マンガギリシア神話（1）	里中満智子	8
toroi-no-mokuba	UNKNOWN_only	0	0	8	(no_yml)	9784124901658	unknown	マンガギリシア神話（1）	里中満智子	8
aquarium-2000	UNKNOWN_only	0	0	1	(no_yml)	9784881994399	unknown	Aquarium第2版	須藤真澄	2
arc-the-lad-ii	UNKNOWN_only	0	0	10	(no_yml)	9784870252363	unknown	アークザラッド2（1）	西川秀明	2
aru-nichi-toaru-nichi-totoaru-nichi-no-kuru	UNKNOWN_only	0	0	4	(no_yml)	9784056070477	unknown	とある日のクル	竹本泉	3
totoaruhi-no-kuru	UNKNOWN_only	0	0	4	(no_yml)	9784056070477	unknown	とある日のクル	竹本泉	3
astaroth-2017	UNKNOWN_only	0	0	4	(no_yml)	9784253077705	unknown	アスタロト（1）	魔夜峰央	3
astaroth	UNKNOWN_only	0	0	4	(no_yml)	9784253077705	unknown	アスタロト（1）	魔夜峰央	3
aya-2004	UNKNOWN_only	0	0	2	(no_yml)	9784812453018	unknown	AYA	克亜樹	3
bamboo-blade-b-2009	UNKNOWN_only	0	0	12	(no_yml)	9784757525962	unknown	BAMBOO BLADE B	スタジオネコ	2
bar-lemon-heart-2014	UNKNOWN_only	0	0	37	(no_yml)	9784575812534	unknown	BARレモン・ハート（1）	古谷三敏	2
basutaado	UNKNOWN_only	0	0	5	(no_yml)	9784088718323	unknown	BASTARD!! 10	萩原一至	2
bite-maker-ousamanoomega-2	UNKNOWN_only	0	0	1	(no_yml)	9784098713011	unknown	Bite Maker : 王様のΩ	杉山美和子	2
boys-be-2nd-season	UNKNOWN_only	0	0	33	(no_yml)	9784063117516	unknown	BOYS　BE・・・（1）	玉越博幸/イタバシマサヒロ	3
boys-be-itabashi-2010	UNKNOWN_only	0	0	33	(no_yml)	9784063117516	unknown	BOYS　BE・・・（1）	玉越博幸/イタバシマサヒロ	3
change-kitamura-2005	UNKNOWN_only	0	0	6	(no_yml)	9784065131978	unknown	Change!	晋平太	2
chou-chou-chou-daimahoutouge	UNKNOWN_only	0	0	4	(no_yml)	9784047135260	unknown	大魔法峠	大和田秀樹漫画家	4
chou-chou-dai-mahou-touge	UNKNOWN_only	0	0	4	(no_yml)	9784047135260	unknown	大魔法峠	大和田秀樹漫画家	4
chou-dai-mahou-touge	UNKNOWN_only	0	0	4	(no_yml)	9784047135260	unknown	大魔法峠	大和田秀樹漫画家	4
clamp-premium-collection-holic	UNKNOWN_only	0	0	39	(no_yml)	9784063347524	unknown	×××HOLiC（1）	clamp	4
clamp-premium-collection-magic-knight-rayearth-2	UNKNOWN_only	0	0	9	(no_yml)	9784063196108	unknown	魔法騎士レイアース2（1）	clamp	2
clamp-premium-collection-magic-knight-rayearth	UNKNOWN_only	0	0	10	(no_yml)	9784063195309	unknown	魔法騎士レイアース（1）	clamp	2
comic-chuurippu-1988	UNKNOWN_only	0	0	5	眠田直	9784803310627	unknown	コミック　チューリップ　2		3
comic-chuurippu	UNKNOWN_only	0	0	5	イマザキイツキ	9784803310627	unknown	コミック　チューリップ　2		3
comic-tulip	UNKNOWN_only	0	0	5	オオヤ舞	9784803310627	unknown	コミック　チューリップ　2		3
cyber-comics	UNKNOWN_only	0	0	1	北崎拓	9784891894665	unknown			2
saibaa-comics	UNKNOWN_only	0	0	1	コヤマ基夫	9784891894665	unknown			2
d-n-a2	UNKNOWN_only	0	0	8	(no_yml)	9784088717562	unknown	D・N・A2（1）	桂正和	2
darkness-2006	UNKNOWN_only	0	0	6	(no_yml)	9784253156912	unknown	Darkness（1）	魔木子	2
desire	UNKNOWN_only	0	0	1	(no_yml)	9784756714862	unknown	Desire（2）	金沢有倖	2
dessin	UNKNOWN_only	0	0	1	小野塚カホリ	9784764818675	unknown			2
nico-says	UNKNOWN_only	0	0	1	小野塚カホリ	9784764818675	unknown			2
doraemon-1994	UNKNOWN_only	0	0	1	(no_yml)	9784091940018	unknown	ドラえもん 1［恋愛編］	藤子f不二雄	4
doraemon-2002	UNKNOWN_only	0	0	30	(no_yml)	9784091940018	unknown	ドラえもん 1［恋愛編］	藤子f不二雄	4
doraemon-2013	UNKNOWN_only	0	0	39	(no_yml)	9784091940018	unknown	ドラえもん 1［恋愛編］	藤子f不二雄	4
dragon-quest-daino-daibouken	UNKNOWN_only	0	0	84	(no_yml)	9784088710716	unknown	DRAGON　QUEST（1）	稲田浩司/三条陸	3
dragon-quest	UNKNOWN_only	0	0	84	(no_yml)	9784088710716	unknown	DRAGON　QUEST（1）	稲田浩司/三条陸	3
duel-masters-2017	UNKNOWN_only	0	0	16	(no_yml)	9784091425843	unknown	デュエル・マスターズ（第1巻）	松本シゲノブ	2
s-1999	UNKNOWN_only	0	0	1	(no_yml)	9784893671332	unknown	S	シンツグル/スタジオ編集部	3
esper-mami-1996-2	UNKNOWN_only	0	0	4	(no_yml)	9784091500397	unknown			3
esper-mami-1996	UNKNOWN_only	0	0	4	(no_yml)	9784091500397	unknown			3
esper-mami	UNKNOWN_only	0	0	1	藤子f不二雄	9784091500397	unknown			3
fate-strange-fake-2019	UNKNOWN_only	0	0	1	(no_yml)	9784047309883	unknown	Fate strange Fake	typemoon	2
fight-1996	UNKNOWN_only	0	0	2	(no_yml)	9784408430584	unknown	Fight！（第1巻）	阿部ユタカ/説話社	4
final-fantasy-lost-stranger-2021	UNKNOWN_only	0	0	8	(no_yml)	9784757555204	unknown	ファイナルファンタジーロスト・ストレンジャー	亀屋樹	2
fire-emblem-fuyuki-1999	UNKNOWN_only	0	0	1	冬季ネア	9784894250475	unknown	ファイアーエムブレム		2
fukkokuban-shounen-magazine-dai-zenshuu	UNKNOWN_only	0	0	1	(no_yml)	9784063131888	unknown	少年マガジン大全集（1）復刻版	講談社	2
fukkokuban-shounen-magazine-daizenshuu	UNKNOWN_only	0	0	1	(no_yml)	9784063131888	unknown	少年マガジン大全集（1）復刻版	講談社	2
genjuu-no-kuni-monogatari-1995	UNKNOWN_only	0	0	27	(no_yml)	9784391913897	unknown	幻獣の國物語（1）	猫十字社	3
genjuu-no-kuni-monogatari-1997	UNKNOWN_only	0	0	27	(no_yml)	9784391913897	unknown	幻獣の國物語（1）	猫十字社	3
gi-king	UNKNOWN_only	0	0	2	河惣益巳	9784887415249	unknown			4
king-shinmura-2002	UNKNOWN_only	0	0	3	シンムラケイチロ	9784887415249	unknown			4
king-z	UNKNOWN_only	0	0	3	一峰大二	9784887415249	unknown			4
king	UNKNOWN_only	0	0	3	瀬名真紗也	9784887415249	unknown			4
gift-2006	UNKNOWN_only	0	0	2	(no_yml)	9784063191097	unknown	Gift（2）	秋本尚美	6
ginneko-minmin	UNKNOWN_only	0	0	2	(no_yml)	9784091408815	unknown			2
usaneko-chan	UNKNOWN_only	0	0	2	立原アユミ	9784091408815	unknown			2
god-mazinger	UNKNOWN_only	0	0	4	永井豪/ダイナミックプロダクション	9784091490018	unknown			2
majindensetsu	UNKNOWN_only	0	0	4	永井豪	9784091490018	unknown			2
googoo-oji-san-to-marshmallow	UNKNOWN_only	0	0	5	(no_yml)	9784758008303	unknown	おじさんとマシュマロ	音井レコ丸	5
motto-oji-san-to-marshmallow	UNKNOWN_only	0	0	5	(no_yml)	9784758008303	unknown	おじさんとマシュマロ	音井レコ丸	5
souda-oji-san-to-marshmallow	UNKNOWN_only	0	0	5	(no_yml)	9784758008303	unknown	おじさんとマシュマロ	音井レコ丸	5
yondara-oji-san-to-marshmallow	UNKNOWN_only	0	0	5	(no_yml)	9784758008303	unknown	おじさんとマシュマロ	音井レコ丸	5
gudaguda-ace	UNKNOWN_only	0	0	3	(no_yml)	9784041202838	unknown	コハエース	経験値	5
koha-ace-collection	UNKNOWN_only	0	0	3	(no_yml)	9784041202838	unknown	コハエース	経験値	5
koha-ace-ekkusupii	UNKNOWN_only	0	0	3	(no_yml)	9784041202838	unknown	コハエース	経験値	5
koha-ace-iiekkusu	UNKNOWN_only	0	0	3	(no_yml)	9784041202838	unknown	コハエース	経験値	5
hitorijime-my-hero-2025	UNKNOWN_only	0	0	15	(no_yml)	9784758071789	unknown	ひとりじめマイヒーロー	アリイメメコ	2
hiyoko-brand	UNKNOWN_only	0	0	13	(no_yml)	9784087826982	unknown	おくさまは女子高生（1）	コバヤシヒヨコ	2
home-sugihara-2010	UNKNOWN_only	0	0	2	(no_yml)	9784088472591	unknown	ホーム（1）	上田倫子	3
honnyaragokko-kariage-kun	UNKNOWN_only	0	0	47	(no_yml)	9784575930146	unknown	かりあげクン（1）	植田マサシ	2
hurricane-1996	UNKNOWN_only	0	0	1	(no_yml)	9784061045842	unknown	ハリケーン	ワタセセイゾウ	2
princess	UNKNOWN_only	0	0	3	(no_yml)	9784056014068	unknown	美少女創世伝説PRINCESS（1）	克亜樹	2
imagine-29	UNKNOWN_only	0	0	18	(no_yml)	9784088642000	unknown	イマジン（1）	槇村サトル	2
joshi-joshikousei-girls-hai	UNKNOWN_only	0	0	14	(no_yml)	9784575831818	unknown	女子高生girls-high（3）	大島永遠	2
saishuu-sensou-densetsu	UNKNOWN_only	0	0	6	(no_yml)	9784885704260	unknown			3
kita-no-doryuu	UNKNOWN_only	0	0	20	石川サブロウ	9784088613017	unknown			2
kita-no-mogura	UNKNOWN_only	0	0	20	(no_yml)	9784088613017	unknown			2
kochira-katsushikaku-kameari-kouen-mae-hashutsujo	UNKNOWN_only	0	0	8	(no_yml)	9784088527369	unknown	こちら葛飾区亀有公園前派出所 92	秋本治	2
kouun-ryuusui-jofuku-nobunaga	UNKNOWN_only	0	0	5	(no_yml)	9784088910574	unknown	こううんりゅうすい〈徐福〉 : 行雲流水	本宮ヒロ志	4
kouun-ryuusui-nobunaga	UNKNOWN_only	0	0	5	(no_yml)	9784088910574	unknown	こううんりゅうすい〈徐福〉 : 行雲流水	本宮ヒロ志	4
kouya-hijiri	UNKNOWN_only	0	0	1	田辺節雄/泉鏡花	9784324090145	unknown	高野聖		2
kouyahijiri	UNKNOWN_only	0	0	1	杲栄順/泉鏡花	9784324090145	unknown	高野聖		2
umezu-kazuo-kowai-hon	UNKNOWN_only	0	0	21	(no_yml)	9784257904786	unknown	楳図かずおこわい本（vol．5）愛蔵版	楳図カズオ	3
zoku-kowai-hon	UNKNOWN_only	0	0	21	(no_yml)	9784257904786	unknown	楳図かずおこわい本（vol．5）愛蔵版	楳図カズオ	3
kunisaki-izumo-no-jijou-2010	UNKNOWN_only	0	0	16	(no_yml)	9784091222701	unknown	国崎出雲の事情	ヒラカワアヤ	2
lesson-2000	UNKNOWN_only	0	0	2	(no_yml)	9784088640853	unknown	レッスン	高橋由佳利	2
soredemo-majime-ni-danjo-kousai	UNKNOWN_only	0	0	3	(no_yml)	9784088496856	unknown	まじめに！男女交際（1）	桃伊イヅミ	3
motto-mayonaka-no-jewel	UNKNOWN_only	0	0	3	(no_yml)	9784091303455	unknown	真夜中のジュエル	麻見雅	3
motto-motto-mayonaka-no-jewel	UNKNOWN_only	0	0	3	(no_yml)	9784091303455	unknown	真夜中のジュエル	麻見雅	3
project-zeoraimaa-omega	UNKNOWN_only	0	0	12	(no_yml)	9784199501425	unknown	冥王計画ゼオライマーΩ	ワタリユウ	2
mikke-neko-banashi	UNKNOWN_only	0	0	4	(no_yml)	9784040643946	unknown	ねこむかしばなし	パンダニア	4
nyanto-neko-banashi	UNKNOWN_only	0	0	4	(no_yml)	9784040643946	unknown	ねこむかしばなし	パンダニア	4
yotsu-neko-banashi	UNKNOWN_only	0	0	4	(no_yml)	9784040643946	unknown	ねこむかしばなし	パンダニア	4
minamo-no-sato-minasoko-no-mori	UNKNOWN_only	0	0	2	(no_yml)	9784091787613	unknown	たたらの辻に…	ササヤナナエ	2
onegai-maruchi-kun	UNKNOWN_only	0	0	1	(no_yml)	9784091365811	unknown	軌道はずれの迷惑星	ヤブウチ優	2
neko-monster-fumifumi	UNKNOWN_only	0	0	3	(no_yml)	9784801975590	unknown	ねこもんすたー	パンダニア	3
neko-monster-nyaao	UNKNOWN_only	0	0	3	(no_yml)	9784801975590	unknown	ねこもんすたー	パンダニア	3
neko-youkai-gorogoro	UNKNOWN_only	0	0	4	(no_yml)	9784801961876	unknown	ねこようかい	パンダニア	3
neko-youkai-mugyutsu	UNKNOWN_only	0	0	4	(no_yml)	9784801961876	unknown	ねこようかい	パンダニア	3
urami	UNKNOWN_only	0	0	1	(no_yml)	9784048528979	unknown	ザ・ホラー・スペシャリスト1　呪	犬木加奈子	2
okashina-okashina-okashina-ano-ko-sarutobi-etsu-chan	UNKNOWN_only	0	0	6	(no_yml)	9784120019616	unknown	さるとびエッちゃん（第1巻）愛蔵版	石ノ森章太郎	3
okashina-okashina-okashina-anoko-sarutobi-etsu-chan	UNKNOWN_only	0	0	6	(no_yml)	9784120019616	unknown	さるとびエッちゃん（第1巻）愛蔵版	石ノ森章太郎	3
oz-manual	UNKNOWN_only	0	0	8	(no_yml)	9784592134114	unknown	Oz（オズ）1	樹ナツミ	2
pangaea-ezel-2010	UNKNOWN_only	0	0	7	(no_yml)	9784861270567	unknown	パンゲア・エゼル（1）	浅野リン	2
peace-2004	UNKNOWN_only	0	0	1	橋本勝	9784894862173	unknown			3
peace-mashuko	UNKNOWN_only	0	0	1	摩周子	9784894862173	unknown			3
piece	UNKNOWN_only	0	0	1	芦原妃名子	9784894862173	unknown			3
percolation-2010	UNKNOWN_only	0	0	1	(no_yml)	9784047132658	unknown	Percolation	suezen	2
pocket-monsters-special-2014	UNKNOWN_only	0	0	64	(no_yml)	9784091425119	unknown	ポケットモンスター（第1巻）	穴久保幸作	2
ring-inagaki-1999	UNKNOWN_only	0	0	7	(no_yml)	9784049243055	unknown	RING　第1巻 銀竜の神殿	市野治美	2
ringo-takamochi	UNKNOWN_only	0	0	3	(no_yml)	9784063366822	unknown	Ringo（1）	恋緒ミナト	2
sakura-2020	UNKNOWN_only	0	0	1	フクシマハルカ/タイラ/西加奈子	9784887741140	unknown			2
sakura-moon	UNKNOWN_only	0	0	1	吉村明美	9784887741140	unknown			2
sherlock-berugureebia-no-shuubun	UNKNOWN_only	0	0	2	(no_yml)	9784041016862	unknown	SHERLOCK大いなるゲーム	jay	2
shinshin-agatte-nanbo-taichi-yo-nakuna	UNKNOWN_only	0	0	21	(no_yml)	9784915289279	unknown	新・上ってなンボ太一よ泣くな　1	小池一夫/叶精作	2
snow-2006	UNKNOWN_only	0	0	1	(no_yml)	9784088497051	unknown	スノウ	藤谷コマキ	2
spiral-2003	UNKNOWN_only	0	0	15	(no_yml)	9784757501751	unknown	スパイラル（1）	水野英多/城平京	2
star-ocean-second-story	UNKNOWN_only	0	0	1	天麻灯	9784757503724	unknown	スターオーシャンセカンドストーリー（第6集）		3
star-ocean-sekando-story	UNKNOWN_only	0	0	1	魔神グリ子	9784757503724	unknown	スターオーシャンセカンドストーリー（第6集）		3
star-ocean-the-second-story	UNKNOWN_only	0	0	1	東マユミ	9784757503724	unknown	スターオーシャンセカンドストーリー（第6集）		3
take-it-easy-2000	UNKNOWN_only	0	0	2	(no_yml)	9784063046205	unknown			2
tokyo-toyboxes-2020	UNKNOWN_only	0	0	5	(no_yml)	9784107722867	unknown	東京トイボクシーズ	ウメ	2
valkyrie-profile	UNKNOWN_only	0	0	2	藍山恵	9784757502895	unknown	ヴァルキリープロファイル（第4集）		4
wings-1995	UNKNOWN_only	0	0	6	(no_yml)	9784575820379	unknown	WINGS（1）	鎌田洋次	2
you-2003	UNKNOWN_only	0	0	2	(no_yml)	9784063194333	unknown	Yoh（1）	菊池トシヲ	2
fire-emblem-nintendo-1996	WRONG_plus_unknown	0	11	1	ウサ銀太郎	9784796243834	WRONG	ファイアーエムブレム（1）	大沢美月	2
tales-of-destiny-inomata-2000	WRONG_plus_unknown	0	4	2	杉基イクラ	9784757202191	WRONG	テイルズオブデスティニー（1）	啄木鳥シンキ	3
tales-of-destiny2	WRONG_plus_unknown	0	4	2	makoto号	9784757202191	WRONG	テイルズオブデスティニー（1）	啄木鳥シンキ	3
bakudan-1995	WRONG_plus_unknown	0	2	3	宮下アキラ	9784088582412	WRONG	ばくだん（1）	本宮ヒロ志	2
fire-emblem-thracia-776-2000	WRONG_plus_unknown	0	2	1	日野慎之助	9784757504448	WRONG	ファイアーエムブレムトラキア776（2）	タカナギ優名	2
valkyrie-profile-2001-2	WRONG_plus_unknown	0	2	2	金田一蓮十郎	9784757508187	WRONG	ヴァルキリープロファイル（3）	藍山恵	4
valkyrie-profile-2001	WRONG_plus_unknown	0	2	2	祥寺ハルカ	9784757508187	WRONG	ヴァルキリープロファイル（3）	藍山恵	4
x-men-1994-5	WRONG_plus_unknown	0	2	8	児嶋都/萩原玲二	9784796873390	WRONG	X-MEN	ジョナサンヒックマン	4
x-men-1994	WRONG_plus_unknown	0	2	8	ヒグチヒロシ/ヤスエコジ	9784796873390	WRONG	X-MEN	ジョナサンヒックマン	4
red-dragon-ikeno-2016	WRONG_plus_unknown	0	1	3	池野雅博	9784882713319	WRONG	Red　dragon	尾崎芳美	2
red-dragon	WRONG_plus_unknown	0	1	3	佐藤真理乃	9784882713319	WRONG	Red　dragon	尾崎芳美	2
valkyrie-profile-2000	WRONG_plus_unknown	0	1	2	魔神グリ子	9784757508187	WRONG	ヴァルキリープロファイル（3）	藍山恵	4
x-men-1994-3	WRONG_plus_unknown	0	1	8	中原レイ	9784796873390	WRONG	X-MEN	ジョナサンヒックマン	4
