title	vol	version	special_isbn	normal_isbn	status
アイドリッシュセブン流星に祈る	1	ミニフォトアルバム付き特装版	9784592105787		series=アイドリッシュセブン 流星に祈る/none
アイドリッシュセブン流星に祈る	2	ミニフォトアルバム付き特装版	9784592105831		series=アイドリッシュセブン 流星に祈る/none
愛日と花嫁	2	限定版	9784758026000		no-title
悪役令嬢レベル99	2	ドラマCD付特装版	9784047367937		series=悪役令嬢レベル99 〜私は裏ボス/none
ありすorありす	3	画集付き特装版	9784040696997		series=ありすorありす　〜シスコン兄さ/none
甘い懲罰	10	特装版	9784434286513		no-title
アラビアン・騎士	1	初回限定版	9784862525826		no-title
当て馬キャラのくせして、スパダリ王子に寵愛されています。	2	[小冊子付特装版]	9784434331824		no-title
憐れなβは恋を知らない	1	小冊子付き特装版	9784861239526		series=憐れなβは恋を知らない/none
紅ばら黒ばら	2	限定版BOX	9784778032104		series=紅ばら黒ばら BOX/none
B級グルメ倶楽部	5	小冊子付限定版	9784861349270		no-title
ブルースカイコンプレックス	8	初回限定小冊子付特装版	9784864424479		series=ブルースカイコンプレックス/none
ブルースカイコンプレックス	9	初回限定小冊子付特装版	9784864424745		series=ブルースカイコンプレックス/none
ブルースカイコンプレックス	10	初回限定小冊子付特装版	9784864424967		series=ブルースカイコンプレックス/none
僕の部屋がダンジョンの休憩所になってしまった件	7	NFTデジタル特典&小冊子付限定版	9784801978744		series=僕の部屋がダンジョンの休憩所にな/none
ぼくは地球と歌う	2	「ぼく地球」30周年画集付き特装版	9784592105688		series=ぼくは地球と歌う 「ぼく地球」次/none
不器用なサイレント	6	初回限定版	9784799731949		no-title
CRITICAL LOVERS	1	初回限定版	9784862523709		no-title
CRITICAL LOVERS	2	初回限定版	9784862528179		no-title
ファインダーの熱情	1	初回限定版	9784862639431		no-title
ファミレス行こ。	1	アクリルスタンド付き特装版	9784047377486		series=ファミレス行こ。 上 アクリルス/none
腐男子召喚	5	ドラマCD付き特装版	9784575381153		no-title
腐男子召喚	6	ドラマCD付き特装版	9784575381276		series=腐男子召喚〜異世界で神獣にハメら/none
腐男子召喚	7	ドラマCD付き特装版	9784575381375		no-title
腐男子召喚	8	フルボイス小冊子付き特装版	9784575381542		series=腐男子召喚〜異世界で神獣にハメら/none
腐男子召喚	9	ドラマCD付き特装版	9784575381740		series=腐男子召喚〜異世界で神獣にハメら/none
ごちそうΩはチュウと鳴く	2	小冊子付き特装版	9784861239922		series=ごちそうΩはチュウと鳴く/none
グッバイ・ハーレキン	1	特装版	9784758078092		series=グッバイ・ハーレキン/none
傲慢王子とプライベートキス	1	特装版	9784832289550		no-title
初恋ランチボックス	1	特装版	9784063621594		series=初恋ランチボックス/none
火の鳥風太郎	1	限定版box	9784778032111		series=火の鳥風太郎/none
秘密ありきの僕たちですが	1	限定版	9784758026567		no-title
ほけんのせんせい	4	初回版	9784847038426		series=ほけんのせんせい（/none
アイドリッシュセブンRe:member	1	缶バッジ付き特装版	9784592106104		series=アイドリッシュセブン Re:me/none
アイドリッシュセブンRe:member	2	アクリルスタンド付き特装版	9784592106142		series=アイドリッシュセブン Re:me/none
アイドリッシュセブンRe:member	3	「未完成な僕ら」CD付き特装版	9784592106166		series=アイドリッシュセブン Re:me/none
いいんちょ。	6	初回版	9784847039041		series=いいんちょ。/none
いいんちょ。	7	初回版	9784847039607		series=いいんちょ。/none
いとしの猫っ毛	5	初回限定版	9784799729274		series=いとしの猫っ毛/none
情熱のイングリッシュローズ	1	初回限定版	9784864361156		no-title
K先生の不埒な純愛	1	特装版	9784832289154		no-title
かめばかむほど甘くなる	6	特装版	9784099431013		series=かめばかむほど甘くなる/none
カラスマ0条探題	1	初回版	9784847039379		series=カラスマ0条探題（/none
鍵盤の上のカレス	1	初回限定版	9784862529442		no-title
北山くんと南谷くん	3	小冊子付き特別版	9784781623191		series=北山くんと南谷くん3 小冊子付き/none
恋と呼ぶには気持ち悪い	4	特装版	9784758015851		no-title
恋する暴君	6	限定版	9784877241988		no-title
このはな綺譚	15	[メロンブックス限定版]	9784344851993		series=このはな綺譚/none
これはゾンビですか?	6	ブルーレイ付き限定版	9784047128064		series=これはゾンビですか?　6（ブルー/none
黒い吹雪	1	限定復刻版	9784883793075		series=黒い吹雪復刻版/none
巨人族の花嫁	1	ドラマCD付特装版	9784434268403		series=巨人族の花嫁/none
巨人族の花嫁	3	[特装版]	9784434285875		series=巨人族の花嫁3/none
ろんぐらいだぁす!短編集	1	特装版	9784048995412		series=ろんぐらいだぁす！短編集/none
恋愛操作	4	初回限定版	9784799724774		no-title
マギ シンドバッドの冒険	3	OVA付き特別版	9784099418274		series=マギ シンドバッドの冒険 ／/none
魔法つかいプリキュア!	2	特装版	9784063623574		series=小冊子つき　魔法つかいプリキュア/none
まじもじるるも	9	限定版	9784065139332		series=OAD付　まじもじるるも　-放課/none
魔王イブロギアに身を捧げよ	3	[小冊子付特装版]	9784434306457		series=魔王イブロギアに身を捧げよ3/none
魔王イブロギアに身を捧げよ	5	[小冊子付特装版]	9784434325342		no-title
まおゆう4コマ「向いてませんよ、魔王様」	1	初回限定版	9784047278677		series=向いてませんよ、魔王様/none
まりあ✝ほりっく	5	ドラマCD付き限定版	9784840125949		series=まりあ ほりっく/none
Mashima HERO'S	1	特装版	9784065192580		series=Mashima　HERO’S/none
めくりめくる	6	初回版	9784847039324		series=めくりめくる（/none
ミルキィスケッチ	1	限定版	9784331901441		series=ミルキィスケッチ/none
ミツキくんちょっと待って!	2	限定版	9784758027458		no-title
水玉ハニーボーイ	5	特装版	9784592218258		series=水玉ハニーボーイ 小冊子付き/none
機動戦士ガンダムサンダーボルト	7	限定版	9784099418656		series=機動戦士ガンダム サンダーボルト/none
百と卍	6	特装版	9784396785840		series=百と卍/none
森のくまさん、冬眠中。	4	[小冊子付特装版]	9784434312021		no-title
森のくまさん、冬眠中。	5	[小冊子付特装版]	9784434325328		no-title
元ヤンパパとヒツジ先生よつば	4	小冊子付き特装版	9784046812766		series=元ヤンパパ　と　ヒツジ先生 よつ/none
ミュータントタートルズラスト・ローニンLOST YEARS.	1	[限定版]	9784910416731		series=ミュータントタートルズ：ラスト・/none
中川翔子物語	1	特装版	9784063621679		series=中川翔子物語/none
Nein	3	限定版	9784041054635		series=Nein 〜9th Story〜/none
お金ありきの関係ですが	2	限定版	9784758023351		series=お金ありきの関係ですが/none
鬼上司・獄寺さんは暴かれたい。	2	初回限定小冊子付特装版	9784864424325		series=鬼上司・獄寺さんは暴かれたい。2/none
鬼上司・獄寺さんは暴かれたい。	3	初回限定小冊子付特装版	9784864424578		series=鬼上司・獄寺さんは暴かれたい。3/none
鬼上司・獄寺さんは暴かれたい。	4	初回限定小冊子付特装版	9784864424851		series=鬼上司・獄寺さんは暴かれたい。4/none
狼への嫁入り	2	[特装版]	9784396785673		series=狼への嫁入り〜異種婚姻譚〜/none
狼の花嫁	5	小冊子付き限定版	9784866576145		no-title
大奥	19	小冊子付き特装版	9784592162803		series=大奥 公式ビジュアルファンブック/none
教えてください、藤縞さん!	5	小冊子付き特装版	9784861239649		no-title
パパだって、したい	6	[小冊子付特装版]	9784434333088		no-title
プリフェクトの熾火	1	小冊子付き特装版	9784867870068		series=プリフェクトの熾火ーおきびー/none
ぷちゴナビス	1	初回限定版	9784048994736		series=ぷちゴナビス/none
レムナント	7	初回限定版	9784866575889		no-title
漣蒼士に処女を捧ぐ	3	[小冊子付特装版]	9784434313844		no-title
理想的恋愛の条件	1	特装版	9784758021692		series=理想的恋愛の条件/none
理想的恋愛の条件	2	特装版	9784758023214		series=理想的恋愛の条件/none
理想的恋愛の条件	3	特装版	9784758025942		no-title
さきたま	2	特装版	9784022142771		series=Nemuki＋コミックス　さきた/none
さきたま	3	特装版	9784022143112		series=さきたま3/none
さきたま	4	特装版	9784022143549		series=さきたま4/none
さよなら絶望先生	18	限定版	9784063583021		series=さよなら絶望先生 第18集/none
性癖ヤバめなオトコに狙われました。	5	[小冊子付特装版]	9784434303685		series=性癖ヤバめなオトコに狙われました/none
聖剣少女伝説	1	NFTデジタル特典付限定版	9784801978768		series=聖剣少女伝説　引退間際のおっさん/none
世界一初恋	12	イラスト集付き限定版	9784041057858		series=世界一初恋 〜小野寺律の場合12/none
世界一初恋	15	小冊子付き特装版	9784041094778		series=世界一初恋 〜小野寺律の場合15/none
世界一初恋	19	小冊子付き特装版	9784041148372		series=世界一初恋 〜小野寺律の場合19/none
先生、我慢できません	1	限定版	9784758022729		series=先生、我慢できません/none
先生、我慢できません	2	限定版	9784758024884		no-title
私立すとぷり小学校	1	アクリルスタンドつき特装版	9784099431631		series=私立すとぷり小学校 アクリルスタ/none
執事様のお気に入り	21	ドラマCD付き初回限定版	9784592105626		series=執事様のお気に入り（第/none
紫雲寺家の子供たち	2	特装版	9784592168034		series=紫雲寺家の子供たち 公式アンソロ/none
少年セバスチャンの執事修行	1	初回特典版小冊子付	9784403619823		series=少年セバスチャンの執事修行/none
そんな顔して、誘ってる?	1	CD付き限定版	9784861238604		no-title
宙(そら)に参る	4	特装版	9784845866229		series=宙に参る　（/none
好きにさせてみせるから!	3	ドラマCD付き特装版	9784046830494		series=好きにさせてみせるから！ 3rd/none
多聞くん今どっち!?	5	神ファンサ小冊子付き特装版	9784592228875		series=多聞くん今どっち！？ 神ファンサ/none
多聞くん今どっち!?	8	まるごとF/ACE小冊子付き特装版	9784592230229		series=多聞くん今どっち！？ まるごとF/none
黄昏アウトフォーカスlong take	1	小冊子付き特別仕立て	9784065326183		series=黄昏アウトフォーカス　long　/none
黄昏アウトフォーカスlong take	2	小冊子付き特別仕立て	9784065346754		series=黄昏アウトフォーカス　long　/none
天使1/2方程式	12	おまけまんが小冊子付き特装版	9784592230281		series=天使1/2方程式 おまけまんが小/none
The idolm@ster million live! theater days brand new song	6	CD付き特装版	9784758018173		series=THE IDOLM@STER M/none
テルマエ・ロマエ	4	特装版	9784047274969		series=テルマエ・ロマエ/none
テルマエ・ロマエ	5	特装版	9784047282155		series=テルマエ・ロマエ　V/none
運命は僕の隣	1	初回限定版	9784862525611		no-title
うた恋い。	1	フルカラー特装版	9784040673240		no-title
わんことにゃんこ	2	初回限定版	9784862525291		no-title
よばうよもすがら	2	小冊子付き特装版	9784861239946		no-title
指先から本気の熱情	5	小冊子付き特装版	9784434287015		no-title
優等生の制服のなか	2	限定版	9784758026253		no-title
誘惑レシピ	5	初回限定版	9784864361101		no-title
