slug	title	std_vols	publishers	majority	minority_detail	minority_vols
onihei-hankachou	鬼平犯科帳	122	リイド社:58 | 文藝春秋:50	リイド社	文藝春秋=[73, 74, 75, 76, 77, 78, 79, 80, 81, 82, 83, 84, 85, 86, 87, 88, 89, 90, 91, 92, 93, 94, 95, 96, 97, 98, 99, 100, 1	[73, 74, 75, 76, 77, 78, 79, 80, 81, 82, 83, 84, 85, 86, 87, 88, 89, 90, 91, 92, 93, 94, 95, 96, 97]
landreaall	Landreaall	44	講談社:14 | 一迅社:11	講談社	一迅社=[9, 10, 11, 12, 13, 14, 15, 16, 17, 18, 26]	[9, 10, 11, 12, 13, 14, 15, 16, 17, 18, 26]
chiruran-shinsengumi-requiem	ちるらん新撰組鎮魂歌	36	徳間:26 | コアミックス:10	徳間	コアミックス=[27, 28, 29, 30, 31, 32, 33, 34, 35, 36]	[27, 28, 29, 30, 31, 32, 33, 34, 35, 36]
akarito-shirono-shinrei-yawa	あかりとシロの心霊夜話	35	青泉社:22 | Bbmfマガジン:7	青泉社	Bbmfマガジン=[9, 10, 11, 12, 13, 14, 15]	[9, 10, 11, 12, 13, 14, 15]
gang-king	ギャングキング	35	少年画報社:25 | 講談社:8	少年画報社	講談社=[30, 31, 32, 33, 34, 35, 36, 37]	[30, 31, 32, 33, 34, 35, 36, 37]
bokura-no-kiseki	ボクラノキセキ	33	講談社:15 | 一迅社:8	講談社	一迅社=[1, 2, 3, 4, 5, 6, 7, 13]	[1, 2, 3, 4, 5, 6, 7, 13]
karneval	カーニヴァル	28	一迅社:11 | 講談社:8	一迅社	講談社=[21, 22, 23, 24, 25, 26, 27, 28]	[21, 22, 23, 24, 25, 26, 27, 28]
gate	ゲート	27	星雲社:21 | 星雲社(発売):6	星雲社	星雲社(発売)=[18, 19, 20, 21, 22, 23]	[18, 19, 20, 21, 22, 23]
ogamiya-yokochou-tenmatsuki	拝み屋横丁顛末記	27	一迅社:19 | 講談社:1	一迅社	講談社=[27]	[27]
shuumatsu-no-valkyrie	終末のワルキューレ	27	コアミックス:21 | 徳間:5	コアミックス	徳間=[1, 2, 3, 4, 5]	[1, 2, 3, 4, 5]
yama-no-susume	ヤマノススメ	27	泰文堂:15 | アース・スターエンターテイメント:12	泰文堂	アース・スターエンターテイメント=[16, 17, 18, 19, 20, 21, 22, 23, 24, 25, 26, 27]	[16, 17, 18, 19, 20, 21, 22, 23, 24, 25, 26, 27]
garouden	餓狼伝	26	講談社:6 | 秋田書店:1	講談社	秋田書店=[26]	[26]
jashin-chan-drop-kick	邪神ちゃんドロップキック	26	フレックスコミックス:16 | ほるぷ出版:9	フレックスコミックス	ほるぷ出版=[1, 2, 3, 4, 5, 6, 7, 8, 9]	[1, 2, 3, 4, 5, 6, 7, 8, 9]
mobile-suit-gundam-thunderbolt	機動戦士ガンダムサンダーボルト	26	小学館:20 | KADOKAWA:1	小学館	KADOKAWA=[10]	[10]
wakakozake	ワカコ酒	26	徳間:14 | コアミックス:12	徳間	コアミックス=[15, 16, 17, 18, 19, 20, 21, 22, 23, 24, 25, 26]	[15, 16, 17, 18, 19, 20, 21, 22, 23, 24, 25, 26]
amatsuki	あまつき	24	一迅社:13 | 講談社:1	一迅社	講談社=[24]	[24]
hatenkou-yuugi	破天荒遊戯	24	一迅社:12 | 講談社:6	一迅社	講談社=[19, 20, 21, 22, 23, 24]	[19, 20, 21, 22, 23, 24]
hina-chan-no-nichijou	ひなちゃんの日常	24	日本工業新聞社:19 | 日本工業新聞新社:2 | 産経新聞出版:1 | 日本工業新聞社(発売):1	日本工業新聞社	産経新聞出版=[2];日本工業新聞新社=[6, 7];日本工業新聞社(発売)=[24]	[2, 6, 7, 24]
kichikujima	鬼畜島	24	LINEDigitalFrontier:15 | 竹書房:9	LINEDigitalFrontier	竹書房=[1, 2, 3, 4, 5, 6, 7, 8, 9]	[1, 2, 3, 4, 5, 6, 7, 8, 9]
mobuko-no-koi	モブ子の恋	24	コアミックス:18 | 徳間:6	コアミックス	徳間=[1, 2, 3, 4, 5, 6]	[1, 2, 3, 4, 5, 6]
yuru-yuri	ゆるゆり	24	一迅社:13 | 講談社:9	一迅社	講談社=[16, 17, 18, 19, 20, 21, 22, 23, 24]	[16, 17, 18, 19, 20, 21, 22, 23, 24]
mahoutsukai-no-yome	魔法使いの嫁	23	マッグガーデン:13 | KADOKAWA:2	マッグガーデン	KADOKAWA=[22, 23]	[22, 23]
bunchou-sama-to-watashi	文鳥様と私	22	青泉社:14 | Bbmfマガジン:4	青泉社	Bbmfマガジン=[9, 10, 11, 12]	[9, 10, 11, 12]
miira-no-kaikata	ミイラの飼い方	22	双葉社:12 | NHNcomico:9	双葉社	NHNcomico=[1, 2, 3, 4, 5, 7, 8, 9, 10]	[1, 2, 3, 4, 5, 7, 8, 9, 10]
taishou-romantica	大正ロマンチカ	22	宙出版:21 | ジャイブ:1	宙出版	ジャイブ=[22]	[22]
violinist-of-hameln-shchelkunchik	続ハーメルンのバイオリン弾き	22	林檎プロモーション:18 | 林檎プロモーション(発売):4	林檎プロモーション	林檎プロモーション(発売)=[16, 17, 18, 19]	[16, 17, 18, 19]
cheers	Cheers!	21	エンジェル出版:10 | 双葉社:8	エンジェル出版	双葉社=[4, 5, 6, 7, 8, 9, 10, 11]	[4, 5, 6, 7, 8, 9, 10, 11]
katana	KATANA	21	KADOKAWA:14 | ぶんか社:7	KADOKAWA	ぶんか社=[1, 2, 3, 4, 5, 6, 7]	[1, 2, 3, 4, 5, 6, 7]
maeda-deka-kabuki-tabi	前田慶次かぶき旅	21	コアミックス:18 | 徳間:2	コアミックス	徳間=[1, 2]	[1, 2]
netsuai-prince	熱愛プリンス	21	宙出版:14 | ジャイブ:4 | ジャイブ(発売):3	宙出版	ジャイブ=[13, 14, 15, 16];ジャイブ(発売)=[17, 18, 19]	[13, 14, 15, 16, 17, 18, 19]
arte	アルテ	20	徳間:12 | コアミックス:8	徳間	コアミックス=[13, 14, 15, 16, 17, 18, 19, 21]	[13, 14, 15, 16, 17, 18, 19, 21]
break-blade	ブレイクブレイド	20	ソフトバンククリエイティブ:10 | ほるぷ出版:6 | フレックスコミックス:4	ソフトバンククリエイティブ	ほるぷ出版=[11, 12, 13, 14, 15, 16];フレックスコミックス=[17, 18, 19, 20]	[11, 12, 13, 14, 15, 16, 17, 18, 19, 20]
gunka-no-baltzar	軍靴のバルツァー	20	新潮社:12 | 講談社:6	新潮社	講談社=[15, 16, 17, 18, 19, 20]	[15, 16, 17, 18, 19, 20]
ikusa-no-ko	いくさの子	20	徳間:13 | コアミックス:7	徳間	コアミックス=[14, 15, 16, 17, 18, 19, 20]	[14, 15, 16, 17, 18, 19, 20]
rikei-ga-koi-ni-ochita-node-shoumei-shite-mita	理系が恋に落ちたので証明してみた。	20	フレックスコミックス:17 | ほるぷ出版:3	フレックスコミックス	ほるぷ出版=[1, 2, 3]	[1, 2, 3]
shin-naniwa-kinyuudou	新ナニワ金融道	20	扶桑社:14 | Bbmfマガジン:6	扶桑社	Bbmfマガジン=[1, 2, 3, 4, 5, 6]	[1, 2, 3, 4, 5, 6]
strange	ストレンジ・プラス	20	一迅社:9 | スタジオDNA:2 | 講談社:2	一迅社	スタジオDNA=[1, 2];講談社=[19, 20]	[1, 2, 19, 20]
sengoku-komachi-kurou-tan	戦国小町苦労譚	19	アース・スターエンターテイメント:17 | 泰文堂:2	アース・スターエンターテイメント	泰文堂=[1, 2]	[1, 2]
hayate-cross-blade	はやて×ブレード	18	集英社:10 | KADOKAWA:3	集英社	KADOKAWA=[6, 7, 8]	[6, 7, 8]
karin-no-mound	花鈴のマウンド	18	大垣書店:8 | 大垣書店(発売):8 | 朝日:2	大垣書店	朝日=[1, 2];大垣書店(発売)=[8, 9, 10, 11, 12, 13, 14, 15]	[1, 2, 8, 9, 10, 11, 12, 13, 14, 15]
ninja-slayer	ニンジャスレイヤー	18	KADOKAWA:14 | 秋田書店:4	KADOKAWA	秋田書店=[15, 16, 17, 18]	[15, 16, 17, 18]
bou-kun-vaaderu-no-hanayome-shoya-hen	暴君ヴァーデルの花嫁 初夜編	17	宙出版:12 | ジャイブ(発売):3 | ジャイブ:2	宙出版	ジャイブ=[17, 18];ジャイブ(発売)=[19, 20, 21]	[17, 18, 19, 20, 21]
gekkan-shoujo-nozaki-kun	月刊少女野崎くん	17	スクウェア・エニックス:12 | SQUAREENIX:5	スクウェア・エニックス	SQUAREENIX=[1, 2, 3, 4, 5]	[1, 2, 3, 4, 5]
konohana-ki-tan	このはな綺譚	17	幻冬舎:15 | メロンブックス:1	幻冬舎	メロンブックス=[15]	[15]
the-new-gate	THE NEW GATE	17	星雲社:13 | 星雲社(発売):4	星雲社	星雲社(発売)=[10, 11, 12, 13]	[10, 11, 12, 13]
arafoo-kenja-no-isekai-seikatsu-nikki	アラフォー賢者の異世界生活日記	16	スクウェア・エニックス:15 | KADOKAWA:1	スクウェア・エニックス	KADOKAWA=[1]	[1]
eikyuu-shimei-onegai-shimasu	永久指名おねがいします!	16	Jパブリッシング:10 | ジュリアンパブリッシング:6	Jパブリッシング	ジュリアンパブリッシング=[1, 2, 3, 4, 5, 6]	[1, 2, 3, 4, 5, 6]
gachikoi-nenchakujuu	ガチ恋粘着獣	16	コアミックス:10 | 竹書房:6	コアミックス	竹書房=[1, 2, 3, 4, 5, 6]	[1, 2, 3, 4, 5, 6]
haigakura	ハイガクラ	16	一迅社:6 | 講談社:6	一迅社	講談社=[11, 12, 13, 14, 15, 16]	[11, 12, 13, 14, 15, 16]
isekai-de-cafe-o-kaiten-shimashita	異世界でカフェを開店しました。	16	星雲社:12 | 星雲社(発売):4	星雲社	星雲社(発売)=[10, 11, 12, 13]	[10, 11, 12, 13]
kageki-shoujo	かげきしょうじょ!!	16	白泉社:14 | 集英社:2	白泉社	集英社=[1, 2]	[1, 2]
kidan-ningyoushi-ugetsu-no-hyakumonogatari	鬼談人形師雨月の百物語	16	青泉社:13 | Bbmfマガジン:3	青泉社	Bbmfマガジン=[1, 2, 3]	[1, 2, 3]
mofumofu-to-isekai-slow-life-o-mezashimasu	もふもふと異世界でスローライフを目指します!	16	星雲社:8 | 星雲社(発売):8	星雲社	星雲社(発売)=[3, 4, 5, 6, 7, 8, 9, 10]	[3, 4, 5, 6, 7, 8, 9, 10]
oji-sama-koushaku-wa-koisuru-otoshigoro	おじさま侯爵は恋するお年頃	16	宙出版:10 | ジャイブ(発売):4 | ジャイブ:2	宙出版	ジャイブ=[11, 12];ジャイブ(発売)=[13, 14, 15, 16]	[11, 12, 13, 14, 15, 16]
watari-kun-no-batsubatsu-ga-houkai-sunzen	渡くんの××が崩壊寸前	16	講談社:15 | KADOKAWA:1	講談社	KADOKAWA=[1]	[1]
ansangu-cinderella	アンサングシンデレラ	15	コアミックス:11 | 徳間:3	コアミックス	徳間=[1, 2, 3]	[1, 2, 3]
himuro-no-tenchi	氷室の天地	15	一迅社:7 | 講談社:5	一迅社	講談社=[11, 12, 13, 14, 15]	[11, 12, 13, 14, 15]
hitorijime-my-hero	ひとりじめマイヒーロー	15	講談社:9 | 一迅社:2	講談社	一迅社=[1, 2]	[1, 2]
makai-ouji-devils-and-realist	魔界王子devils and realist	15	一迅社:6 | 講談社:1	一迅社	講談社=[15]	[15]
meshinuma	めしぬま。	15	コアミックス:9 | 徳間:6	コアミックス	徳間=[1, 2, 3, 4, 5, 6]	[1, 2, 3, 4, 5, 6]
mikakunin-de-shinkoukei	未確認で進行形	15	講談社:8 | 一迅社:4	講談社	一迅社=[1, 2, 3, 5]	[1, 2, 3, 5]
ore-ga-ojou-sama-gakkou-ni-shomin-sanpuru-to-shite-rachirareta-ken	俺がお嬢様学校に「庶民サンプル」として拉致られた件	15	一迅社:11 | 講談社:4	一迅社	講談社=[12, 13, 14, 15]	[12, 13, 14, 15]
reikan-doubutsu-tanteisha	霊感動物探偵社	15	青泉社:10 | Bbmfマガジン:4	青泉社	Bbmfマガジン=[1, 2, 3, 4]	[1, 2, 3, 4]
relife	リライフ	15	泰文堂:8 | アース・スターエンターテイメント:7	泰文堂	アース・スターエンターテイメント=[9, 10, 11, 12, 13, 14, 15]	[9, 10, 11, 12, 13, 14, 15]
sayounara-ryuusei-konnichiwa-jinsei	さようなら竜生、こんにちは人生	15	星雲社:8 | 星雲社(発売):6	星雲社	星雲社(発売)=[6, 7, 8, 9, 10, 11]	[6, 7, 8, 9, 10, 11]
tsuki-ga-michibiku-isekai-douchuu	月が導く異世界道中	15	星雲社:11 | 星雲社(発売):4	星雲社	星雲社(発売)=[9, 10, 11, 12]	[9, 10, 11, 12]
aitsu-no-daihonmei	アイツの大本命	14	リブレ出版:9 | リブレ:5	リブレ出版	リブレ=[10, 11, 12, 13, 14]	[10, 11, 12, 13, 14]
azuki-no-chi	あずきの地!	14	宙出版:13 | ジャイブ:1	宙出版	ジャイブ=[14]	[14]
chaser-game	チェイサーゲーム	14	KADOKAWA:11 | Gzブレイン:2	KADOKAWA	Gzブレイン=[1, 2]	[1, 2]
hirari-kun	ヒラリ君	14	北國新聞社:7 | 富山新聞社:1	北國新聞社	富山新聞社=[10]	[10]
kinkon-tosa-nikki	きんこん土佐日記	14	高知新聞総合印刷:6 | 高知新聞企業:5 | 高知新聞社:1	高知新聞総合印刷	高知新聞企業=[3, 4, 5, 6, 7];高知新聞社=[15]	[3, 4, 5, 6, 7, 15]
love-bou-kun	恋愛暴君	14	ほるぷ出版:12 | フレックスコミックス:2	ほるぷ出版	フレックスコミックス=[13, 14]	[13, 14]
mainichi-kaa-san	毎日かあさん	14	毎日新聞社:8 | 毎日新聞出版:3	毎日新聞社	毎日新聞出版=[12, 13, 14]	[12, 13, 14]
nonbiri-buiaaruemuemuooki	のんびりVRMMO記	14	星雲社:9 | 星雲社(発売):4	星雲社	星雲社(発売)=[7, 8, 9, 10]	[7, 8, 9, 10]
sagishi	詐騎士	14	星雲社:10 | 星雲社(発売):4	星雲社	星雲社(発売)=[9, 10, 11, 12]	[9, 10, 11, 12]
shijuushichi-taisen	四十七大戦	14	講談社:6 | アース・スターエンターテイメント:5 | 泰文堂:3	講談社	泰文堂=[1, 2, 3];アース・スターエンターテイメント=[4, 5, 6, 7, 8]	[1, 2, 3, 4, 5, 6, 7, 8]
sousei-no-taiga	創世のタイガ	14	講談社:11 | 白泉社:3	講談社	白泉社=[12, 13, 14]	[12, 13, 14]
toaru-otsu-san-no-buiaaruemuemuoo-katsudouki	とあるおっさんのVRMMO活動記	14	星雲社:10 | 星雲社(発売):4	星雲社	星雲社(発売)=[8, 9, 10, 11]	[8, 9, 10, 11]
bonkura-onmyouji-no-oniyome	ぼんくら陰陽師の鬼嫁	13	秋田書店:10 | KADOKAWA:3	秋田書店	KADOKAWA=[1, 2, 3]	[1, 2, 3]
hazureta-minna-no-atama-no-neji	外れたみんなの頭のネジ	13	アース・スターエンターテイメント:8 | 泰文堂:5	アース・スターエンターテイメント	泰文堂=[1, 2, 3, 4, 5]	[1, 2, 3, 4, 5]
isekai-tensei-soudouki	異世界転生騒動記	13	星雲社:9 | 星雲社(発売):4	星雲社	星雲社(発売)=[8, 9, 10, 11]	[8, 9, 10, 11]
junkissa-neko	純喫茶ねこ	13	幻冬舎:10 | 幻冬舎(発売):2	幻冬舎	幻冬舎(発売)=[9, 10]	[9, 10]
loveless	LOVELESS	13	一迅社:6 | 講談社:1	一迅社	講談社=[13]	[13]
maid-kara-haha-ni-narimashita	メイドから母になりました	13	星雲社:9 | 星雲社(発売):4	星雲社	星雲社(発売)=[7, 8, 9, 10]	[7, 8, 9, 10]
masamune-kun-no-revenge	政宗くんのリベンジ	13	講談社:7 | 一迅社:6	講談社	一迅社=[1, 2, 3, 4, 5, 6]	[1, 2, 3, 4, 5, 6]
oku-sama-ga-seito-kaichou	おくさまが生徒会長!	13	一迅社:4 | 講談社:2	一迅社	講談社=[12, 13]	[12, 13]
tensei-kyuuketsuki-san-wa-ohirune-ga-shitai	転生吸血鬼さんはお昼寝がしたい	13	アース・スターエンターテイメント:11 | 泰文堂:2	アース・スターエンターテイメント	泰文堂=[1, 2]	[1, 2]
trace	トレース	13	徳間:8 | コアミックス:5	徳間	コアミックス=[9, 10, 11, 12, 13]	[9, 10, 11, 12, 13]
uchi-no-3-shimai	うちの3姉妹	13	主婦の友社:9 | 竹書房:4	主婦の友社	竹書房=[1, 2, 3, 4]	[1, 2, 3, 4]
yuukyuu-no-gusha-asley-no-kenja-no-susume-to-pochi-no-daibouken	悠久の愚者アズリーの、賢者のすゝめと、ポチの大冒険	13	アース・スターエンターテイメント:11 | 泰文堂:1	アース・スターエンターテイメント	泰文堂=[1]	[1]
inden-san-to-enmusubi	印伝さんと縁結び	12	宙出版:7 | ジャイブ(発売):3 | ジャイブ:2	宙出版	ジャイブ=[8, 9];ジャイブ(発売)=[10, 11, 12]	[8, 9, 10, 11, 12]
isekai-ni-tobasareta-otsu-san-wa-doko-e-iku	異世界に飛ばされたおっさんは何処へ行く?	12	星雲社:7 | 星雲社(発売):5	星雲社	星雲社(発売)=[6, 7, 8, 9, 10]	[6, 7, 8, 9, 10]
kara-no-kyoukai	空の境界	12	講談社:11 | KADOKAWA:1	講談社	KADOKAWA=[1]	[1]
monogatari-no-naka-no-hito	物語の中の人	12	星雲社:8 | 星雲社(発売):4	星雲社	星雲社(発売)=[7, 8, 9, 10]	[7, 8, 9, 10]
re-monster	Re:Monster	12	星雲社:9 | 星雲社(発売):3	星雲社	星雲社(発売)=[8, 9, 10]	[8, 9, 10]
yubisaki-kara-honki-no-netsujou	指先から本気の熱情	12	星雲社:7 | 星雲社(発売):5	星雲社	星雲社(発売)=[5, 6, 7, 8, 9]	[5, 6, 7, 8, 9]
agharta	AGHARTA	11	ワニブックス:2 | 集英社:1	ワニブックス	集英社=[9]	[9]
buchou-no-yoru-teku-ga-sugosu-gite-koshi-ga-uki-masu-uzuki-masu	部長の夜テクが凄すぎて腰が浮きます疼きます	11	青泉社:9 | 青泉社(発売):1	青泉社	青泉社(発売)=[1]	[1]
bungaku-shojo	文学処女	11	LINEDigitalFrontier:8 | LINE:3	LINEDigitalFrontier	LINE=[1, 2, 3]	[1, 2, 3]
corseltel-no-ryuujitsushi	コーセルテルの竜術士	11	講談社:4 | 一迅社:2	講談社	一迅社=[8, 9]	[8, 9]
danchigai	だんちがい	11	講談社:6 | 一迅社:5	講談社	一迅社=[1, 2, 3, 4, 5]	[1, 2, 3, 4, 5]
debu-to-love-to-ayamachi-to	デブとラブと過ちと!	11	ハーパーコリンズ・ジャパン:6 | Jパブリッシング:5	ハーパーコリンズ・ジャパン	Jパブリッシング=[1, 2, 3, 4, 5]	[1, 2, 3, 4, 5]
doukyonin-wa-hiza-tokidoki-atama-no-ue	同居人はひざ、時々、頭のうえ。	11	フレックスコミックス:7 | ほるぷ出版:3	フレックスコミックス	ほるぷ出版=[1, 2, 4]	[1, 2, 4]
isekai-de-tochi-o-katte-noujou-o-tsukurou	異世界で土地を買って農場を作ろう	11	幻冬舎:9 | 幻冬舎(発売):1	幻冬舎	幻冬舎(発売)=[3]	[3]
isekai-yururi-kikou	異世界ゆるり紀行	11	星雲社:7 | 星雲社(発売):4	星雲社	星雲社(発売)=[4, 5, 6, 7]	[4, 5, 6, 7]
jii-sama-ga-iku	じい様が行く	11	星雲社(発売):6 | 星雲社:5	星雲社(発売)	星雲社=[1, 2, 3, 4, 5]	[1, 2, 3, 4, 5]
kankanbiyori	艦々日和	11	KADOKAWA:7 | Gzブレイン:4	KADOKAWA	Gzブレイン=[8, 9, 10, 11]	[8, 9, 10, 11]
kokuryuu-sama-no-minarai-hanayome	黒龍さまの見習い花嫁	11	ジャイブ(発売):8 | ジャイブ:3	ジャイブ(発売)	ジャイブ=[1, 2, 3]	[1, 2, 3]
kouritsuchuu-madoushi-daini-no-jinsei-de-madou-o-kiwameru	効率厨魔導師、第二の人生で魔導を極める	11	星雲社:7 | 星雲社(発売):4	星雲社	星雲社(発売)=[8, 9, 10, 11]	[8, 9, 10, 11]
kurebatesu	クレバテス	11	LINEDigitalFrontier:6 | KADOKAWA:5	LINEDigitalFrontier	KADOKAWA=[7, 8, 9, 10, 11]	[7, 8, 9, 10, 11]
marry-me	マリーミー!	11	LINE:7 | LINEDigitalFrontier:4	LINE	LINEDigitalFrontier=[8, 9, 10, 11]	[8, 9, 10, 11]
obaa-chan-shoujo-hinata-chan	老女的 (おばあちゃん) 少女ひなたちゃん	11	徳間:7 | コアミックス:4	徳間	コアミックス=[8, 9, 10, 11]	[8, 9, 10, 11]
oidasareta-bannoushoku-ni-atarashii-jinsei-ga-hajimarimashita	追い出された万能職に新しい人生が始まりました	11	星雲社:6 | 星雲社(発売):4	星雲社	星雲社(発売)=[4, 5, 6, 7]	[4, 5, 6, 7]
sai	菜	11	講談社:2 | 玄光社:2	講談社	玄光社=[4, 6]	[4, 6]
saigo-ni-hitotsu-dake-onegai-shitemo-yoroshii-deshouka	最後にひとつだけお願いしてもよろしいでしょうか	11	星雲社:5 | 星雲社(発売):5	星雲社	星雲社(発売)=[3, 4, 5, 6, 7]	[3, 4, 5, 6, 7]
sex-pistols	SEX PISTOLS	11	リブレ出版:3 | リブレ:3	リブレ出版	リブレ=[9, 10, 11]	[9, 10, 11]
tsuyokute-new-saga	強くてニューサーガ	11	星雲社:9 | 星雲社(発売):2	星雲社	星雲社(発売)=[9, 10]	[9, 10]
wotaku-ni-koi-wa-muzukashii	ヲタクに恋は難しい	11	講談社:8 | 一迅社:3	講談社	一迅社=[1, 2, 3]	[1, 2, 3]
yasei-no-rasubosu-ga-arawareta	野生のラスボスが現れた!	11	アース・スターエンターテイメント:9 | 泰文堂:2	アース・スターエンターテイメント	泰文堂=[1, 2]	[1, 2]
yomawari-neko	夜廻り猫	11	講談社:9 | KADOKAWA:1	講談社	KADOKAWA=[1]	[1]
amai-choubatsu	甘い懲罰	10	星雲社:8 | 星雲社(発売):2	星雲社	星雲社(発売)=[9, 10]	[9, 10]
blood-alone	BLOOD ALONE	10	講談社:7 | KADOKAWA:3	講談社	KADOKAWA=[1, 2, 3]	[1, 2, 3]
citrus	Citrus +	10	一迅社:5 | 講談社:3	一迅社	講談社=[6, 9, 10]	[6, 9, 10]
hebigami-sama-to-nie-no-hanahime	蛇神さまと贄の花姫	10	ジャイブ(発売):6 | ジャイブ:4	ジャイブ(発売)	ジャイブ=[1, 2, 3, 4]	[1, 2, 3, 4]
izakaya-bottakuri	居酒屋ぼったくり	10	星雲社:7 | 星雲社(発売):3	星雲社	星雲社(発売)=[6, 7, 8]	[6, 7, 8]
jinrou-e-no-tensei-maou-no-fukukan	人狼への転生、魔王の副官	10	アース・スターエンターテイメント:9 | 泰文堂:1	アース・スターエンターテイメント	泰文堂=[1]	[1]
juui-san-no-oshigoto-in-isekai	獣医さんのお仕事in異世界	10	星雲社:7 | 星雲社(発売):3	星雲社	星雲社(発売)=[6, 7, 8]	[6, 7, 8]
katabami-to-ougon	片喰と黄金	10	集英社:6 | 講談社:4	集英社	講談社=[7, 8, 9, 10]	[7, 8, 9, 10]
kyojinzoku-no-hanayome	巨人族の花嫁	10	星雲社:7 | 星雲社(発売):2	星雲社	星雲社(発売)=[4, 5]	[4, 5]
long-riders	ろんぐらいだぁす!	10	KADOKAWA:6 | 一迅社:3	KADOKAWA	一迅社=[1, 2, 6]	[1, 2, 6]
niito-chan-to-onii-chan	新戸ちゃんとお兄ちゃん	10	ほるぷ出版:5 | フレックスコミックス:5	ほるぷ出版	フレックスコミックス=[6, 7, 8, 9, 10]	[6, 7, 8, 9, 10]
oda-cinnamon-nobunaga	織田シナモン信長	10	徳間:8 | コアミックス:2	徳間	コアミックス=[9, 10]	[9, 10]
omaera-zenin-mendokusai	お前ら全員めんどくさい!	10	ほるぷ出版:7 | フレックスコミックス:3	ほるぷ出版	フレックスコミックス=[8, 9, 10]	[8, 9, 10]
rozen-maiden	Rozen Maiden	10	集英社:2 | 幻冬舎コミックス:1	集英社	幻冬舎コミックス=[8]	[8]
saikyou-mahoushi-no-inton-keikaku	最強魔法師の隠遁計画	10	スクウェア・エニックス:8 | ホビージャパン:2	スクウェア・エニックス	ホビージャパン=[1, 2]	[1, 2]
saikyou-no-shokugyou-wa-yuusha-demo-kenja-demo-naku-kanteishi-kari-rashii-desu-yo	最強の職業は勇者でも賢者でもなく鑑定士〈仮〉らしいですよ?	10	星雲社:6 | 星雲社(発売):4	星雲社	星雲社(発売)=[5, 6, 7, 8]	[5, 6, 7, 8]
sankakumado-no-sotogawa-wa-yoru	さんかく窓の外側は夜	10	リブレ:7 | リブレ出版:3	リブレ	リブレ出版=[1, 2, 3]	[1, 2, 3]
seinaru-hanayome-no-hanran	聖なる花嫁の反乱	10	講談社:5 | ほるぷ出版:3 | ソフトバンククリエイティブ:2	講談社	ソフトバンククリエイティブ=[6, 7];ほるぷ出版=[8, 9, 10]	[6, 7, 8, 9, 10]
sono-keisatsukan-tokidoki-yajuu	その警察官、ときどき野獣!	10	講談社:8 | オークラ出版:1	講談社	オークラ出版=[2]	[2]
souryo-to-majiwaru-shikiyoku-no-yoru-ni	僧侶と交わる色欲の夜に…	10	星雲社:8 | 星雲社(発売):2	星雲社	星雲社(発売)=[8, 9]	[8, 9]
ssb	SSB	10	ほるぷ出版:9 | フレックスコミックス:1	ほるぷ出版	フレックスコミックス=[10]	[10]
starmine	スターマイン	10	一迅社:6 | 講談社:3	一迅社	講談社=[8, 9, 10]	[8, 9, 10]
tensei-shichatta-yo-iya-gomen	転生しちゃったよ〈いや、ごめん〉	10	星雲社:7 | 星雲社(発売):3	星雲社	星雲社(発売)=[7, 8, 9]	[7, 8, 9]
the-walking-dead	ウォーキング・デッド	10	飛鳥新社:7 | ヴィレッジブックス:3	飛鳥新社	ヴィレッジブックス=[8, 9, 10]	[8, 9, 10]
touhou-ibara-kasen	東方茨歌仙	10	一迅社:6 | 講談社:4	一迅社	講談社=[6, 8, 9, 10]	[6, 8, 9, 10]
0-saiji-start-dash-monogatari	0歳児スタートダッシュ物語	9	秋水社(発行元):6 | 青泉社:3	秋水社(発行元)	青泉社=[1, 4, 5]	[1, 4, 5]
futsuu-no-joshikousei-ga-rokodoru-yattemita	普通の女子校生が【ろこどる】やってみた。	9	講談社:4 | 一迅社:2	講談社	一迅社=[1, 2]	[1, 2]
hardboiled-enji-cosmo-kun	ハードボイルド園児宇宙くん	9	LINE:7 | LINEDigitalFrontier:2	LINE	LINEDigitalFrontier=[8, 9]	[8, 9]
hidoku-shinaide	酷くしないで	9	リブレ出版:5 | リブレ:4	リブレ出版	リブレ=[6, 7, 8, 9]	[6, 7, 8, 9]
imaizuminchi-wa-douyara-gal-no-tamariba-ni-natteru-rashii	今泉ん家はどうやらギャルの溜まり場になってるらしい	9	竹書房:8 | ジーオーティー:1	竹書房	ジーオーティー=[1]	[1]
kamiari	かみあり	9	一迅社:7 | 講談社:2	一迅社	講談社=[8, 9]	[8, 9]
kimi-ni-aisarete-itakatta	君に愛されて痛かった	9	新潮社:5 | 秋田書店:4	新潮社	秋田書店=[6, 7, 8, 9]	[6, 7, 8, 9]
liar	liar	9	双葉社:8 | 集英社:1	双葉社	集英社=[1]	[1]
love-control	恋愛操作	9	リブレ:5 | リブレ出版:3	リブレ	リブレ出版=[2, 3, 4]	[2, 3, 4]
maken-no-daydreamer	魔拳のデイドリーマー	9	星雲社:7 | 星雲社(発売):2	星雲社	星雲社(発売)=[8, 9]	[8, 9]
ore-no-yubi-de-midarero	俺の指で乱れろ。	9	星雲社:5 | 星雲社(発売):4	星雲社	星雲社(発売)=[3, 4, 5, 6]	[3, 4, 5, 6]
sazukarikon	授か離婚	9	青泉社:6 | 秋水社(発行元):2	青泉社	秋水社(発行元)=[1, 2]	[1, 2]
seiheki-yabame-na-otoko-ni-nerawaremashita	性癖ヤバめなオトコに狙われました。	9	星雲社(発売):7 | 星雲社:2	星雲社(発売)	星雲社=[8, 9]	[8, 9]
shachou-h-nago-houshi-ha-gyoumu-soto-desu	社長、Hなご奉仕は業務外です!	9	大都社:8 | 大都社(発売):1	大都社	大都社(発売)=[3]	[3]
shinkyoku-soukai-porifonika	神曲奏界ポリフォニカ	9	ソフトバンククリエイティブ:7 | ほるぷ出版:2	ソフトバンククリエイティブ	ほるぷ出版=[8, 9]	[8, 9]
shishunki-bitter-change	思春期ビターチェンジ	9	ほるぷ出版:7 | フレックスコミックス:2	ほるぷ出版	フレックスコミックス=[8, 9]	[8, 9]
skirt-no-naka-wa-kedamono-deshita	スカートの中はケダモノでした。	9	星雲社:6 | 星雲社(発売):3	星雲社	星雲社(発売)=[7, 8, 9]	[7, 8, 9]
sozai-saishuka-no-isekai-ryokouki	素材採取家の異世界旅行記	9	星雲社:6 | 星雲社(発売):3	星雲社	星雲社(発売)=[4, 5, 6]	[4, 5, 6]
taekwondoer-park	テコンダー朴	9	コアマガジン:7 | 青林堂:2	コアマガジン	青林堂=[2, 3]	[2, 3]
watashi-no-shounen	私の少年	9	講談社:5 | 双葉社:4	講談社	双葉社=[1, 2, 3, 4]	[1, 2, 3, 4]
zense-wa-kentei-konjou-kuzu-ouji	前世は剣帝。今生クズ王子	9	星雲社(発売):5 | 星雲社:4	星雲社(発売)	星雲社=[1, 7, 8, 9]	[1, 7, 8, 9]
10dance	10DANCE	8	講談社:3 | 竹書房:2	講談社	竹書房=[1, 2]	[1, 2]
29sai-jimitsubone-no-totsuzenna-moteki	29歳・地味局の突然なモテ期	8	大都社:7 | 大都社(発売):1	大都社	大都社(発売)=[3]	[3]
2dk-gpen-mezamashidokei	2DK、Gペン、目覚まし時計。	8	講談社:5 | 一迅社:3	講談社	一迅社=[1, 2, 3]	[1, 2, 3]
bernard-jou-iwaku	バーナード嬢曰く。	8	講談社:5 | 一迅社:3	講談社	一迅社=[1, 2, 3]	[1, 2, 3]
elf-san-wa-yaserarenai	エルフさんは痩せられない。	8	ワニブックス:7 | 秋田書店:1	ワニブックス	秋田書店=[8]	[8]
fairy-tail-chronicle	フェアリーテイル・クロニクル	8	フロンティアワークス:5 | KADOKAWA:2	フロンティアワークス	KADOKAWA=[2, 3]	[2, 3]
fuguushoku-to-baka-ni-saremashitaga-jissai-wa-sorehodo-waruku-arimasen	不遇職とバカにされましたが、実際はそれほど悪くありません?	8	星雲社:4 | 星雲社(発売):4	星雲社	星雲社(発売)=[2, 3, 4, 5]	[2, 3, 4, 5]
houkago-assault-girls	放課後アサルト×ガールズ	8	ほるぷ出版:4 | フレックスコミックス:4	ほるぷ出版	フレックスコミックス=[5, 6, 7, 8]	[5, 6, 7, 8]
ii-rank-no-yakushi	Eランクの薬師	8	星雲社(発売):5 | 星雲社:3	星雲社(発売)	星雲社=[1, 2, 8]	[1, 2, 8]
izure-saikyou-no-renkinjutsushi	いずれ最強の錬金術師?	8	星雲社:4 | 星雲社(発売):4	星雲社	星雲社(発売)=[3, 4, 5, 6]	[3, 4, 5, 6]
kami-ni-aisareta-ko	神に愛された子	8	星雲社(発売):5 | 星雲社:3	星雲社(発売)	星雲社=[1, 7, 8]	[1, 7, 8]
kanchigai-no-atelier-maisutaa	勘違いの工房主(アトリエマイスター)	8	星雲社:4 | 星雲社(発売):4	星雲社	星雲社(発売)=[2, 3, 4, 5]	[2, 3, 4, 5]
kao-ni-doro-o-nuru	顔に泥を塗る	8	コアミックス:5 | 竹書房:3	コアミックス	竹書房=[1, 2, 3]	[1, 2, 3]
kawaita-watashi-o-sono-ai-de-yurashite	渇いた私をその愛で揺らして	8	ZITTO:4 | リブレ:4	ZITTO	リブレ=[5, 6, 7, 8]	[5, 6, 7, 8]
koi-to-yobu-niwa-kimochiwarui	恋と呼ぶには気持ち悪い	8	講談社:6 | 一迅社:2	講談社	一迅社=[1, 2]	[1, 2]
mahouka-koukou-no-rettousei	魔法科高校の劣等生	8	スクウェア・エニックス:5 | KADOKAWA:3	スクウェア・エニックス	KADOKAWA=[1, 2, 3]	[1, 2, 3]
makikomare-shoukan-soshite-watashi-wa-kami-deshita	巻き込まれ召喚!?そして私は『神』でした??	8	星雲社(発売):5 | 星雲社:3	星雲社(発売)	星雲社=[6, 7, 8]	[6, 7, 8]
maou-evelogia-ni-mi-o-sasageyo	魔王イブロギアに身を捧げよ	8	星雲社(発売):4 | 星雲社:3	星雲社(発売)	星雲社=[6, 7, 8]	[6, 7, 8]
maoyuu-maou-yuusha	まおゆう魔王勇者	8	KADOKAWA:5 | 秋田書店:3	KADOKAWA	秋田書店=[6, 7, 8]	[6, 7, 8]
mierundesu	視えるんです。	8	朝日:5 | KADOKAWA:3	朝日	KADOKAWA=[1, 2, 3]	[1, 2, 3]
nokemono-to-hanayome	ノケモノと花嫁	8	インデックス・コミュニケーションズ:3 | 幻冬舎:3 | モール・オブ・ティーヴィー:2	インデックス・コミュニケーションズ	モール・オブ・ティーヴィー=[4, 5];幻冬舎=[6, 7, 8]	[4, 5, 6, 7, 8]
offline-game	おふらいんげーむ	8	双葉社:5 | エンジェル出版:3	双葉社	エンジェル出版=[6, 7, 8]	[6, 7, 8]
oneekei-yakuza-ni-maiban-dekiai-dekiaisaretemasu	オネエ系ヤクザに毎晩溺愛されてます	8	フランス書院:4 | フランス書院(発売):4	フランス書院	フランス書院(発売)=[3, 4, 5, 6]	[3, 4, 5, 6]
oomuroke	大室家	8	講談社:6 | 一迅社:1	講談社	一迅社=[1]	[1]
ore-no-jouwan-nitoukin-etchi-na-me-de-miteta-desho	俺の上腕二頭筋、エッチな目で見てたでしょ?	8	星雲社(発売):5 | 星雲社:3	星雲社(発売)	星雲社=[1, 2, 3]	[1, 2, 3]
samurai-sensei	サムライせんせい	8	リブレ:6 | リブレ出版:2	リブレ	リブレ出版=[1, 2]	[1, 2]
seikai-no-monshou	星界の紋章	8	ほるぷ出版:4 | フレックスコミックス:3	ほるぷ出版	フレックスコミックス=[6, 7, 8]	[6, 7, 8]
sonic-the-hedgehog	ソニック・ザ・ヘッジホッグ	8	フェーズシックス(発売):6 | フェーズシックス:2	フェーズシックス(発売)	フェーズシックス=[1, 8]	[1, 8]
sono-egao-suki-ja-nai	その笑顔好きじゃない	8	日販アイ・ピー・エス(発売):7 | 宝島社:1	日販アイ・ピー・エス(発売)	宝島社=[1]	[1]
sunoharasou-no-kanrinin-san	すのはら荘の管理人さん	8	講談社:6 | 一迅社:1	講談社	一迅社=[1]	[1]
tachibanakan-try-anguru	立花館to lie (とらい) あんぐる	8	講談社:6 | 一迅社:1	講談社	一迅社=[1]	[1]
time-slip-otagirl	タイムスリップオタガール	8	フレックスコミックス:6 | ほるぷ出版:2	フレックスコミックス	ほるぷ出版=[1, 2]	[1, 2]
umehara	ウメハラ	8	KADOKAWA:7 | PHP研究所:1	KADOKAWA	PHP研究所=[1]	[1]
world-customize-creator	ワールド・カスタマイズ・クリエーター	8	星雲社:7 | 星雲社(発売):1	星雲社	星雲社(発売)=[8]	[8]
yamato-wa-koi-no-mahoroba	やまとは恋のまほろば	8	文藝春秋:5 | LINEDigitalFrontier:3	文藝春秋	LINEDigitalFrontier=[1, 2, 3]	[1, 2, 3]
argate-online	アルゲートオンライン	7	星雲社:4 | 星雲社(発売):3	星雲社	星雲社(発売)=[5, 6, 7]	[5, 6, 7]
blade-bastard	ブレイド&バスタード	7	星雲社:6 | 星雲社(発売):1	星雲社	星雲社(発売)=[1]	[1]
border-kyoukaisen	Border境界線	7	廣済堂あかつき:3 | 廣済堂出版:3 | 飛鳥新社:1	廣済堂あかつき	飛鳥新社=[1];廣済堂出版=[5, 6, 7]	[1, 5, 6, 7]
chouetsusha-to-natta-otsu-san-wa-mai-peesu-ni-isekai-o-sansaku-suru	超越者となったおっさんはマイペースに異世界を散策する	7	星雲社:3 | 星雲社(発売):3	星雲社	星雲社(発売)=[2, 3, 4]	[2, 3, 4]
daishizen-no-mahoushi-asht-sutareta-ryouchi-de-slow-life	大自然の魔法師アシュト、廃れた領地でスローライフ	7	星雲社(発売):3 | 星雲社:3	星雲社(発売)	星雲社=[4, 6, 7]	[4, 6, 7]
do-inaka-no-hakugai-reijou-wa-outo-no-elite-kishi-ni-dekiai-dekiaisareru	ド田舎の迫害令嬢は王都のエリート騎士に溺愛される	7	星雲社:5 | 星雲社(発売):1	星雲社	星雲社(発売)=[1]	[1]
dochokkyuu-kareshi-x-kanojo	ド直球彼氏×彼女	7	秋田書店:4 | 講談社:3	秋田書店	講談社=[1, 2, 3]	[1, 2, 3]
eiyuu-densetsu-sora-no-kiseki-esushii	英雄伝説空の軌跡SC	7	KADOKAWA:3 | メディアパル:3 | メディアパル(発売):1	KADOKAWA	メディアパル=[4, 5, 7];メディアパル(発売)=[6]	[4, 5, 6, 7]
fuchin-senkan-kii	不沈戦艦紀伊	7	学研:2 | ゴマブックス:1	学研	ゴマブックス=[2]	[2]
fuguu-skill-no-renkinjutsushi-henkyou-o-kaitaku-suru	不遇スキルの錬金術師、辺境を開拓する	7	星雲社:4 | 星雲社(発売):2	星雲社	星雲社(発売)=[1, 2]	[1, 2]
hiraheishi-wa-kako-o-yumemiru	平兵士は過去を夢見る	7	星雲社:5 | 星雲社(発売):2	星雲社	星雲社(発売)=[6, 7]	[6, 7]
hyakko	ヒャッコ	7	ソフトバンククリエイティブ:6 | ほるぷ出版:1	ソフトバンククリエイティブ	ほるぷ出版=[7]	[7]
isekai-no-suit-to-shite-kuni-ni-manekareta-kedo-kotowatte-heishi-kara-hajimeru-koto-ni-shita	異世界の戦士として国に招かれたけど、断って兵士から始める事にした	7	Amazia:6 | 一二三書房:1	Amazia	一二三書房=[1]	[1]
jaryuu-tensei	邪竜転生	7	星雲社:4 | 星雲社(発売):3	星雲社	星雲社(発売)=[5, 6, 7]	[5, 6, 7]
kuuki-ga-yomeru-shinnyuu-shine-to-buaiso-na-senpai	空気が(「読める」)新入社員と無愛想な先輩	7	講談社:6 | 一迅社:1	講談社	一迅社=[1]	[1]
kyou-kara-city-hunter	今日からシティハンター	7	徳間:5 | コアミックス:2	徳間	コアミックス=[6, 7]	[6, 7]
level-596-no-kaji-minarai	レベル596の鍛冶見習い	7	星雲社(発売):6 | 星雲社:1	星雲社(発売)	星雲社=[7]	[7]
mahou-no-tenshi-creamy-mami-fukigenna-ohime-sama	魔法の天使クリィミーマミ不機嫌なお姫様	7	竹書房:5 | コアミックス:2	竹書房	コアミックス=[6, 7]	[6, 7]
mori-no-kuma-san-touminchuu	森のくまさん、冬眠中。	7	星雲社(発売):5 | 星雲社:2	星雲社(発売)	星雲社=[6, 7]	[6, 7]
moto-kouzou-kaiseki-kenkyuusha-no-isekai-bouken-tan	元構造解析研究者の異世界冒険譚	7	星雲社:4 | 星雲社(発売):3	星雲社	星雲社(発売)=[5, 6, 7]	[5, 6, 7]
mouryou-shoujo	魍魎少女	7	徳間:4 | コアミックス:3	徳間	コアミックス=[5, 6, 7]	[5, 6, 7]
namae-no-nai-kaibutsu	名前のない怪物	7	LINEDigitalFrontier:6 | 宝島社:1	LINEDigitalFrontier	宝島社=[1]	[1]
nibiiro-no-hako-no-naka-de	鈍色の箱の中で	7	LINEDigitalFrontier:5 | LINE:2	LINEDigitalFrontier	LINE=[1, 2]	[1, 2]
ochikobore-hoshi-1-mahoutsukai-wa-kyou-mo-muishiki-ni-cheat-o-tsukau	落ちこぼれ〈☆1〉魔法使いは、今日も無意識にチートを使う	7	星雲社(発売):3 | 星雲社:3	星雲社(発売)	星雲社=[4, 6, 7]	[4, 6, 7]
orange-2012	orange	7	双葉社:4 | 集英社:2	双葉社	集英社=[1, 2]	[1, 2]
ore-to-hero-to-mahou-shoujo	俺とヒーローと魔法少女	7	ほるぷ出版:5 | フレックスコミックス:2	ほるぷ出版	フレックスコミックス=[6, 7]	[6, 7]
pumpkin-night	パンプキンナイト	7	LINEDigitalFrontier:5 | 竹書房:2	LINEDigitalFrontier	竹書房=[1, 2]	[1, 2]
punch	Punch↑	7	リブレ出版:3 | リブレ:3	リブレ出版	リブレ=[5, 6, 7]	[5, 6, 7]
reijou-wa-mattari-o-goshomou	令嬢はまったりをご所望。	7	星雲社:4 | 星雲社(発売):3	星雲社	星雲社(発売)=[3, 4, 5]	[3, 4, 5]
sachiko-to-kamineko-sama	サチコと神ねこ様	7	祥伝社:6 | KADOKAWA:1	祥伝社	KADOKAWA=[1]	[1]
series-atarimae-no-zeitaku	シリーズあたりまえのぜひたく。	7	幻冬舎:4 | 幻冬舎(発売):3	幻冬舎	幻冬舎(発売)=[7, 8, 9]	[7, 8, 9]
shuudengo-capsule-hotel-de-joushi-ni-binetsu-tsutawaru-yoru	終電後、カプセルホテルで、上司に微熱伝わる夜。	7	星雲社:4 | 星雲社(発売):3	星雲社	星雲社(発売)=[5, 6, 7]	[5, 6, 7]
soukon-no-shoujo-to-sourei-no-tabi	送魂の少女と葬礼の旅	7	コアミックス:4 | 徳間:3	コアミックス	徳間=[1, 2, 3]	[1, 2, 3]
sumaho-o-otoshita-dake-nanoni	スマホを落としただけなのに	7	LINEDigitalFrontier:6 | 宝島社:1	LINEDigitalFrontier	宝島社=[1]	[1]
taishuu-sakaba-wakao	大衆酒場ワカオ	7	コアミックス:5 | 徳間:2	コアミックス	徳間=[1, 2]	[1, 2]
tensei-babaa-wa-misugosenai	転生ババァは見過ごせない!	7	星雲社(発売):3 | 星雲社:3	星雲社(発売)	星雲社=[5, 6, 7]	[5, 6, 7]
touzokuou-no-oshinobi-hanayome	盗賊王のおしのび花嫁	7	ジャイブ(発売):6 | ジャイブ:1	ジャイブ(発売)	ジャイブ=[2]	[2]
yuusha-no-haha-desu-maougun-no-kanbu-ni-narimashita	勇者の母ですが、魔王軍の幹部になりました。	7	徳間:4 | Amazia:3	徳間	Amazia=[1, 2, 3]	[1, 2, 3]
zettai-harem	絶対★はーれむ	7	双葉社:4 | エンジェル出版:3	双葉社	エンジェル出版=[5, 6, 7]	[5, 6, 7]
3-byougo-yajuu	3秒後、野獣。	6	星雲社(発売):4 | 星雲社:2	星雲社(発売)	星雲社=[6, 7]	[6, 7]
99-kai-danzai-sareta-loop-reijou-desu-konsei-wa-chouzetsu-aisare-mode-desutte	99回断罪されたループ令嬢ですが今世は「超絶愛されモード」ですって!?	6	星雲社:4 | 星雲社(発売):1	星雲社	星雲社(発売)=[1]	[1]
amarimono-isekaijin-no-jiyuu-seikatsu	余りモノ異世界人の自由生活	6	星雲社:3 | 星雲社(発売):2	星雲社	星雲社(発売)=[1, 2]	[1, 2]
animetenchou	アニメ店長	6	一迅社:4 | 一賽舎:1	一迅社	一賽舎=[1]	[1]
ayakashi-oniyome-konin-tan	あやかし鬼嫁婚姻譚	6	星雲社:4 | 星雲社(発売):2	星雲社	星雲社(発売)=[1, 2]	[1, 2]
bukiyouna-silent	不器用なサイレント	6	リブレ出版:4 | リブレ:1	リブレ出版	リブレ=[6]	[6]
chijou-100-kai	地上100階	6	LINEDigitalFrontier:4 | LINE:2	LINEDigitalFrontier	LINE=[1, 2]	[1, 2]
chika-noko	ちかのこ	6	廣済堂出版:4 | メディエイション:1 | 廣済堂出版(発売):1	廣済堂出版	メディエイション=[5];廣済堂出版(発売)=[6]	[5, 6]
d-no-gorugota	Dの十字架(ゴルゴタ)	6	LINEDigitalFrontier:4 | LINE:2	LINEDigitalFrontier	LINE=[1, 2]	[1, 2]
daitesuryou-koubouki	ダィテス領攻防記	6	星雲社:4 | 星雲社(発売):2	星雲社	星雲社(発売)=[5, 6]	[5, 6]
etsu-nouryoku-nashi-de-party-tsuihousareta-sareta-ore-ga-zen-zokusei-mahou-tsukai	えっ、能力なしでパーティ追放された俺が全属性魔法使い!?	6	星雲社:4 | 星雲社(発売):1	星雲社	星雲社(発売)=[1]	[1]
fushiou-wa-surooraifu-o-kibou-shimasu	不死王はスローライフを希望します	6	星雲社:3 | 星雲社(発売):2	星雲社	星雲社(発売)=[1, 2]	[1, 2]
giratsuki-joushi-to-gisou-kekkon	ギラつき上司と偽装結婚!?	6	日販アイ・ピー・エス(発売):4 | 日販アイ・ピー・エス:2	日販アイ・ピー・エス(発売)	日販アイ・ピー・エス=[5, 6]	[5, 6]
hagu-de-owaru-wake-needaro	ハグで終わるわけねぇだろ?	6	星雲社(発売):4 | 星雲社:2	星雲社(発売)	星雲社=[1, 2]	[1, 2]
haru-to-ao-no-obentoubako	ハルとアオのお弁当箱	6	徳間:3 | コアミックス:3	徳間	コアミックス=[4, 5, 6]	[4, 5, 6]
hetaria	ヘタリア	6	幻冬舎:5 | 幻冬舎コミックス:1	幻冬舎	幻冬舎コミックス=[4]	[4]
hottoite-kudasai	ほっといて下さい	6	星雲社(発売):3 | 星雲社:3	星雲社(発売)	星雲社=[4, 5, 6]	[4, 5, 6]
imadoki-no-wakai-mon-wa	今どきの若いモンは	6	Cygames:3 | 講談社:3	Cygames	講談社=[4, 5, 6]	[4, 5, 6]
is-2010	IS	6	KADOKAWA:5 | 小学館:1	KADOKAWA	小学館=[6]	[6]
isekai-ja-surooraifu-wa-mamanaranai	異世界じゃスローライフはままならない	6	星雲社:3 | 星雲社(発売):2	星雲社	星雲社(発売)=[1, 2]	[1, 2]
jishou-akuyaku-reijou-na-konyakusha-no-kansatsu-kiroku	自称悪役令嬢な婚約者の観察記録。	6	星雲社:4 | 星雲社(発売):2	星雲社	星雲社(発売)=[5, 6]	[5, 6]
julia-ga-kubittake	ジュリアが首ったけ	6	リブレ:4 | リブレ出版:2	リブレ	リブレ出版=[1, 2]	[1, 2]
kagaku-chop	カガクチョップ	6	ほるぷ出版:4 | フレックスコミックス:2	ほるぷ出版	フレックスコミックス=[5, 6]	[5, 6]
kaitou-lupin-den-aventurier	怪盗ルパン伝アバンチュリエ	6	小学館:5 | ぴあ:1	小学館	ぴあ=[11]	[11]
kamisama-2-kago-futaribun-moraimashita	神様に加護2人分貰いました	6	星雲社(発売):5 | 星雲社:1	星雲社(発売)	星雲社=[1]	[1]
karei-ni-rien-shitemisemasu-wa	華麗に離縁してみせますわ!	6	星雲社:4 | 星雲社(発売):2	星雲社	星雲社(発売)=[1, 2]	[1, 2]
kinmu-jikangai-rinjin-no-joushi-wa-kemono-ni-naru	勤務時間外、隣人の上司はケモノになる。	6	星雲社:4 | 星雲社(発売):2	星雲社	星雲社(発売)=[4, 5]	[4, 5]
konya-noo-towa-iwasenai	今夜、NOとは言わせない…	6	星雲社:4 | 星雲社(発売):2	星雲社	星雲社(発売)=[5, 6]	[5, 6]
kyuukyoku-no-komyushou-wotaku-joshi-no-watashi-ga-soshage-no-sekai-ni-kita-kedo-oshi-ga-toutosugite	究極のコミュ障オタク女子の私がソシャゲの世界にきたけど、推しが尊すぎてつらい	6	宙出版:3 | ジャイブ:3	宙出版	ジャイブ=[4, 5, 6]	[4, 5, 6]
last-man	ラストマン	6	講談社:3 | Euromanga:3	講談社	Euromanga=[4, 5, 6]	[4, 5, 6]
mimitsuki	ミミツキ	6	幻冬舎:4 | ●幻冬舎:2	幻冬舎	●幻冬舎=[5, 6]	[5, 6]
mizu-shika-denai-shinguu-koppu-o-sazukatta-boku-wa-fumou-no-ryouchi-de-suki-ni-ikiru-koto-ni	水しか出ない神具〈コップ〉を授かった僕は、不毛の領地で好きに生きる事にしました	6	星雲社(発売):5 | 星雲社:1	星雲社(発売)	星雲社=[6]	[6]
motohashi-kyoudai	本橋兄弟	6	双葉社:4 | リイド社:2	双葉社	リイド社=[1, 2]	[1, 2]
mugen-no-skill-getter	無限のスキルゲッター!	6	星雲社(発売):3 | 星雲社:3	星雲社(発売)	星雲社=[4, 5, 6]	[4, 5, 6]
neta-furi-shitemo-muda-dakara	寝たふりしても、無駄だから	6	星雲社:3 | 星雲社(発売):3	星雲社	星雲社(発売)=[4, 5, 6]	[4, 5, 6]
netsuzou-trap	捏造トラップ	6	講談社:4 | 一迅社:1	講談社	一迅社=[1]	[1]
new-normal	ニューノーマル	6	日販アイ・ピー・エス(発売):4 | 日販アイ・ピー・エス:2	日販アイ・ピー・エス(発売)	日販アイ・ピー・エス=[5, 7]	[5, 7]
nina-san-no-mahou-seikatsu	ニーナさんの魔法生活	6	フレックスコミックス:5 | ほるぷ出版:1	フレックスコミックス	ほるぷ出版=[1]	[1]
ningen-card	人間カード	6	アース・スターエンターテイメント:4 | 泰文堂:2	アース・スターエンターテイメント	泰文堂=[1, 2]	[1, 2]
nyan-koi	にゃんこい!	6	ソフトバンククリエイティブ:5 | ほるぷ出版:1	ソフトバンククリエイティブ	ほるぷ出版=[6]	[6]
ohitoyoshi-shokunin-no-burari-isekaitabi	お人好し職人のぶらり異世界旅	6	星雲社(発売):5 | 星雲社:1	星雲社(発売)	星雲社=[6]	[6]
omega-7	Omega 7	6	SBクリエイティブ:2 | ソフトバンククリエイティブ:1	SBクリエイティブ	ソフトバンククリエイティブ=[3]	[3]
ouji-no-honmei-wa-akuyaku-reijou	王子の本命は悪役令嬢	6	星雲社(発売):3 | 星雲社:3	星雲社(発売)	星雲社=[4, 5, 6]	[4, 5, 6]
p-b-b	P.B.B.	6	リブレ出版:3 | リブレ:1	リブレ出版	リブレ=[6]	[6]
papa-datte-shitai	パパだって、したい	6	星雲社:5 | 星雲社(発売):1	星雲社	星雲社(発売)=[5]	[5]
ren-soushi-ni-shojo-o-sasagu	漣蒼士に処女を捧ぐ	6	星雲社:4 | 星雲社(発売):2	星雲社	星雲社(発売)=[2, 3]	[2, 3]
shingeki-no-bahamut-misutarushia-saga	神撃のバハムート ミスタルシアサーガ	6	泰文堂:3 | Cygames:3	泰文堂	Cygames=[4, 5, 6]	[4, 5, 6]
shitomeya-kagyou-asami	仕留屋稼業あさみ	6	ぶんか社:5 | 楽楽出版:1	ぶんか社	楽楽出版=[2]	[2]
sono-mono-nochi-ni	その者。のちに…	6	アース・スターエンターテイメント:5 | 泰文堂:1	アース・スターエンターテイメント	泰文堂=[1]	[1]
soubi-seisakukei-cheat-de-isekai-o-jiyuu-ni-ikite-ikimasu	装備製作系チートで異世界を自由に生きていきます	6	星雲社(発売):3 | 星雲社:2	星雲社(発売)	星雲社=[1, 6]	[1, 6]
sousei-no-akuerion	創聖のアクエリオン	6	ソフトバンククリエイティブ:4 | ほるぷ出版:2	ソフトバンククリエイティブ	ほるぷ出版=[5, 6]	[5, 6]
souten-no-ken-regenesis	蒼天の拳リジェネシス	6	徳間:4 | コアミックス:2	徳間	コアミックス=[5, 6]	[5, 6]
starting-gate	STARTING GATE!	6	Cygames:4 | 小学館:2	Cygames	小学館=[5, 6]	[5, 6]
staygold	STAYGOLD	6	祥伝社:5 | 一迅社:1	祥伝社	一迅社=[1]	[1]
takako-san	タカコさん	6	徳間:5 | コアミックス:1	徳間	コアミックス=[6]	[6]
tenisaki-wa-yakushi-ga-sukunai-sekai-deshita	転移先は薬師が少ない世界でした	6	星雲社(発売):3 | 星雲社:2	星雲社(発売)	星雲社=[4, 6]	[4, 6]
tensei-koushaku-reijou-funtouki	転生侯爵令嬢奮闘記	6	星雲社(発売):3 | 星雲社:3	星雲社(発売)	星雲社=[4, 5, 6]	[4, 5, 6]
the-skull-man	スカルマン	6	講談社:1 | 小学館:1	講談社	小学館=[3]	[3]
torimania	トリマニア	6	スクウェア・エニックス:5 | 白泉社:1	スクウェア・エニックス	白泉社=[6]	[6]
tsuki-ga-kirei-desune	月が綺麗ですね	6	講談社:4 | 一迅社:1	講談社	一迅社=[2]	[2]
amagami	アマガミ	5	白泉社:4 | KADOKAWA:1	白泉社	KADOKAWA=[1]	[1]
boku-no-kawaii-konyakusha-no-tame-naraba	僕の可愛い婚約者の為ならば。	5	青泉社:4 | 秋水社(発行元):1	青泉社	秋水社(発行元)=[1]	[1]
brutal-satsujin-keisatsukan-no-kokuhaku	ブルータル殺人警察官の告白	5	竹書房:4 | コアミックス:1	竹書房	コアミックス=[5]	[5]
dairoku-tairiku	第六大陸	5	ソフトバンククリエイティブ:4 | ほるぷ出版:1	ソフトバンククリエイティブ	ほるぷ出版=[5]	[5]
dokonjou-gaeru-no-musume	ど根性ガエルの娘	5	白泉社:4 | KADOKAWA:1	白泉社	KADOKAWA=[1]	[1]
fudanshi-koukou-seikatsu	腐男子高校生活	5	一迅社:2 | 講談社:2	一迅社	講談社=[4, 5]	[4, 5]
ganso-edomae-sushiya-yohee	元祖江戸前寿し屋與兵衛	5	双葉社:4 | リイド社:1	双葉社	リイド社=[1]	[1]
getsuyou-kara-kinyou-no-otoko-koukousei	月曜から金曜の男子高校生	5	LINE:3 | LINEDigitalFrontier:2	LINE	LINEDigitalFrontier=[4, 5]	[4, 5]
godzilla-rulers-of-earth	ゴジラ:ルーラーズ・オブ・アース	5	星雲社:3 | フェーズシックス:2	星雲社	フェーズシックス=[4, 5]	[4, 5]
googoo-oji-san-to-marshmallow	ごーごーおじさんとマシュマロ	5	一迅社:4 | 講談社:1	一迅社	講談社=[4]	[4]
himitsu-wa-kiss-de-abakareru	秘密はキスで暴かれる	5	竹書房:3 | 星雲社:2	竹書房	星雲社=[1, 2]	[1, 2]
hirugao	ひるがお	5	エンジェル出版:4 | 双葉社:1	エンジェル出版	双葉社=[1]	[1]
inugami-san-to-nekoyama-san	犬神さんと猫山さん	5	一迅社:4 | 講談社:1	一迅社	講談社=[6]	[6]
isekai-de-omake-no-nii-san-jiritsu-o-mezasu	異世界でおまけの兄さん自立を目指す	5	星雲社:3 | 星雲社(発売):2	星雲社	星雲社(発売)=[1, 2]	[1, 2]
isekai-de-shippai-shinai-100-no-houhou	異世界で失敗しない100の方法	5	星雲社:4 | 星雲社(発売):1	星雲社	星雲社(発売)=[5]	[5]
ishuuin-hayato-shi-no-heionnaranu-nichijou	伊集院隼人氏の平穏ならぬ日常	5	竹書房:4 | 竹書房(発売):1	竹書房	竹書房(発売)=[4]	[4]
itoshi-no-nekokke	いとしの猫っ毛	5	リブレ出版:4 | リブレ:1	リブレ出版	リブレ=[5]	[5]
joushi-no-asoko-wa-ekkusueru-saizu	上司のアソコはXLサイズ!?	5	星雲社:3 | 星雲社(発売):2	星雲社	星雲社(発売)=[4, 5]	[4, 5]
kareinaru-shishi-no-okinimesu-mama	華麗なる獅子のお気に召すまま	5	宙出版:3 | ジャイブ:1 | ジャイブ(発売):1	宙出版	ジャイブ=[4];ジャイブ(発売)=[5]	[4, 5]
kawaii-imouto-ga-konyaku-haki-sareta-rashii-node-ima-kara-orei-ni-mairimasu	可愛い義妹が婚約破棄されたらしいので、今から「御礼」に参ります。	5	星雲社:3 | 星雲社(発売):1	星雲社	星雲社(発売)=[1]	[1]
kidoban-no-bantarou	木戸番の番太郎	5	幻冬舎:3 | 幻冬舎(発売):2	幻冬舎	幻冬舎(発売)=[1, 2]	[1, 2]
kimi-wa-kirei-na-ahiru-no-ko	君は綺麗なアヒルの子	5	LINEDigitalFrontier:3 | LINE:2	LINEDigitalFrontier	LINE=[1, 2]	[1, 2]
koushakuke-ni-umarete-shonichi-ni-atotsugi-shikkaku-no-rakuin-o-osaremashita-ga-kyou-mo-genki-ni	公爵家に生まれて初日に跡継ぎ失格の烙印を押されましたが今日も元気に生きてます!	5	星雲社(発売):3 | 星雲社:2	星雲社(発売)	星雲社=[4, 5]	[4, 5]
kyuuketsuki	吸血姫	5	ソフトバンククリエイティブ:4 | ほるぷ出版:1	ソフトバンククリエイティブ	ほるぷ出版=[5]	[5]
machigai-shoukan	間違い召喚!	5	星雲社:3 | 星雲社(発売):2	星雲社	星雲社(発売)=[1, 2]	[1, 2]
mahoutsukai-no-konyakusha	魔法使いの婚約者	5	KADOKAWA:4 | 講談社:1	KADOKAWA	講談社=[5]	[5]
momotarou-kun-wa-iu-koto-o-kikanai	桃太郎くんは言うコトをきかない	5	LINEDigitalFrontier:4 | LINE:1	LINEDigitalFrontier	LINE=[1]	[1]
motto-oji-san-to-marshmallow	もっと!おじさんとマシュマロ	5	一迅社:4 | 講談社:1	一迅社	講談社=[4]	[4]
moudoku-no-kuchizuke	猛毒のくちづけ	5	青泉社:4 | 秋水社(発行元):1	青泉社	秋水社(発行元)=[1]	[1]
musashinosen-no-shimai	武蔵野線の姉妹	5	ソフトバンククリエイティブ:4 | ほるぷ出版:1	ソフトバンククリエイティブ	ほるぷ出版=[5]	[5]
nindan	妊男	5	星雲社:4 | 星雲社(発売):1	星雲社	星雲社(発売)=[5]	[5]
ningyo-no-mitsu-wa-amaku-shitataru	人魚の蜜は甘く滴る	5	大都社:4 | 大都社(発売):1	大都社	大都社(発売)=[1]	[1]
nochi-no-fuufu-dearu	後の夫婦である	5	星雲社:3 | 星雲社(発売):2	星雲社	星雲社(発売)=[1, 2]	[1, 2]
odd-taxi	オッドタクシー	5	ポニーキャニオン:3 | 小学館:2	ポニーキャニオン	小学館=[1, 5]	[1, 5]
oedo-shitamachi-komoridou	大江戸下町こもり堂	5	宙出版:3 | ジャイブ:2	宙出版	ジャイブ=[4, 5]	[4, 5]
oji-san-to-marshmallow	おじさんとマシュマロ	5	一迅社:4 | 講談社:1	一迅社	講談社=[4]	[4]
omae-ni-dakareru-nante-kiitenai	お前に抱かれるなんて聞いてない!	5	日販アイ・ピー・エス(発売):3 | 日販アイ・ピー・エス:2	日販アイ・ピー・エス(発売)	日販アイ・ピー・エス=[5, 6]	[5, 6]
omae-no-subete-o-dakitsukusu	お前のすべてを抱き尽くす	5	日販アイ・ピー・エス(発売):4 | 日販アイ・ピー・エス:1	日販アイ・ピー・エス(発売)	日販アイ・ピー・エス=[1]	[1]
ore-ni-sosogareru-nante-arigataku-omoeyo	俺に注がれるなんてありがたく思えよ?	5	星雲社(発売):3 | 星雲社:2	星雲社(発売)	星雲社=[1, 2]	[1, 2]
ore-wa-kimi-ni-yokujou-shimakuru-hentai-desu	俺はキミに欲情しまくる変態です…	5	viviON:3 | viviONviviONTHOTH:2	viviON	viviONviviONTHOTH=[4, 5]	[4, 5]
pet-shop-obu-horaazu	Petshop of Horrors パサージュ編	5	ハーパーコリンズ・ジャパン:3 | ハーレクイン:2	ハーパーコリンズ・ジャパン	ハーレクイン=[1, 2]	[1, 2]
qt-t	qtμt	5	LINEDigitalFrontier:3 | スクウェア・エニックス:2	LINEDigitalFrontier	スクウェア・エニックス=[1, 2]	[1, 2]
raijin-to-riiman	雷神とリーマン	5	リブレ:4 | リブレ出版:1	リブレ	リブレ出版=[1]	[1]
rinjin-o-maiseyo	隣人を妹 (まい) せよ!	5	講談社:4 | 一迅社:1	講談社	一迅社=[4]	[4]
rule-ihan-wa-asa-made-eichi	ルール違反は朝までH!?	5	日販アイ・ピー・エス(発売):4 | 日販アイ・ピー・エス:1	日販アイ・ピー・エス(発売)	日販アイ・ピー・エス=[5]	[5]
sengokuhime	戦極姫	5	ほるぷ出版:3 | ソフトバンククリエイティブ:2	ほるぷ出版	ソフトバンククリエイティブ=[1, 2]	[1, 2]
shitsuren-etchi-no-aite-wa-joushi	失恋エッチの相手は…上司!?	5	日販アイ・ピー・エス(発売):3 | 日販アイ・ピー・エス:2	日販アイ・ピー・エス(発売)	日販アイ・ピー・エス=[1, 5]	[1, 5]
sore-ga-seiyuu	それが声優!	5	一迅社:4 | 講談社:1	一迅社	講談社=[5]	[5]
souda-oji-san-to-marshmallow	そうだ!おじさんとマシュマロ	5	一迅社:4 | 講談社:1	一迅社	講談社=[4]	[4]
souzou-mahou-o-oboete-bannou-de-saikyou-ni-narimashita	〈創造魔法〉を覚えて、万能で最強になりました。	5	星雲社(発売):2 | 星雲社:2	星雲社(発売)	星雲社=[3, 5]	[3, 5]
takane-no-hanao-kun	高嶺の花男くん	5	日販アイ・ピー・エス(発売):4 | 日販アイ・ピー・エス:1	日販アイ・ピー・エス(発売)	日販アイ・ピー・エス=[5]	[5]
tensei-youjo-shinjuu-to-ouji-to-saikyou-no-oji-san-youheidan-no-naka-de-ikiru	転生幼女。神獣と王子と、最強のおじさん傭兵団の中で生きる。	5	星雲社:3 | 星雲社(発売):2	星雲社	星雲社(発売)=[1, 2]	[1, 2]
tensei-youjo-wa-owabi-cheat-de-isekai-going-my-way	転生幼女はお詫びチートで異世界ごーいんぐまいうぇい	5	星雲社:4 | 星雲社(発売):1	星雲社	星雲社(発売)=[1]	[1]
to-heart-2-2005	To heart 2	5	スクウェア・エニックス:2 | KADOKAWA:1	スクウェア・エニックス	KADOKAWA=[3]	[3]
usagiotoko-toraotoko	兎オトコ虎オトコ	5	白泉社:3 | 心交社:2	白泉社	心交社=[1, 2]	[1, 2]
y-the-last-man	Y:ザラストマン	5	G-NOVELS:3 | GrafficaNovels:2	G-NOVELS	GrafficaNovels=[1, 2]	[1, 2]
yankee-wa-isekai-de-seirei-ni-aisaremasu	ヤンキーは異世界で精霊に愛されます。	5	星雲社:4 | 星雲社(発売):1	星雲社	星雲社(発売)=[5]	[5]
yondara-oji-san-to-marshmallow	よんだらおじさんとマシュマロ	5	一迅社:4 | 講談社:1	一迅社	講談社=[4]	[4]
yuusha-no-mago-to-maou-no-musume	勇者の孫と魔王の娘	5	星雲社:4 | 星雲社(発売):1	星雲社	星雲社(発売)=[5]	[5]
zenbu-nuganakutatte-etchi-wa-dekiru	ぜんぶ脱がなくたって、エッチはできる。	5	星雲社(発売):3 | 星雲社:2	星雲社(発売)	星雲社=[1, 2]	[1, 2]
zense-de-tsurai-omoi-o-shita-node-kami-sama-ga-shazai-ni-kimashita	前世で辛い思いをしたので、神様が謝罪に来ました	5	星雲社(発売):4 | 星雲社:1	星雲社(発売)	星雲社=[5]	[5]
2-dome-no-jinsei-wa-oshi-no-shokuryou-desu	2度目の人生は推しの食糧です!?	4	秋水社(発行元):3 | 青泉社:1	秋水社(発行元)	青泉社=[4]	[4]
aa-warera-ga-myao-shogun	あゝ我らがミャオ将軍	4	徳間:2 | コアミックス:2	徳間	コアミックス=[3, 4]	[3, 4]
android-wa-ai-no-yume-o-miruka	アンドロイドは愛の夢をみるか?	4	CLAPコミックス:3 | 三交社:1	CLAPコミックス	三交社=[1]	[1]
aru-nichi-toaru-nichi-totoaru-nichi-no-kuru	ある日とある日ととある日のクル	4	大都社:3 | 学研:1	大都社	学研=[1]	[1]
binbouhime-desu-nanika	貧乏姫ですが、何か?	4	ソフトバンククリエイティブ:3 | ほるぷ出版:1	ソフトバンククリエイティブ	ほるぷ出版=[4]	[4]
bushidou-sixteen	武士道シックスティーン	4	講談社:2 | 集英社:1	講談社	集英社=[4]	[4]
choukou-sennin-haruka	超昂閃忍ハルカ	4	KADOKAWA:3 | キルタイムコミュニケーション:1	KADOKAWA	キルタイムコミュニケーション=[1]	[1]
coyote	コヨーテ	4	フロンティアワークス:3 | 小学館:1	フロンティアワークス	小学館=[1]	[1]
darker-than-black-okamura-2007	Darker than black	4	スクウェア・エニックス:2 | KADOKAWA:1	スクウェア・エニックス	KADOKAWA=[2]	[2]
dungeon-battle-royale	ダンジョンバトルロワイヤル	4	Amazia:3 | 一二三書房:1	Amazia	一二三書房=[1]	[1]
gin-no-sereira	銀のセレイラ	4	ジャイブ:3 | 宙出版:1	ジャイブ	宙出版=[1]	[1]
guranpuri-tengoku	グランプリ天国	4	三栄書房:3 | ニューズ出版:1	三栄書房	ニューズ出版=[3]	[3]
haikyo-no-meshi	廃墟のメシ	4	星雲社:3 | 星雲社(発売):1	星雲社	星雲社(発売)=[4]	[4]
hanma-no-ryuukishi-wa-henkyou-ni-shuuchaku-dekiaisareru	半魔の竜騎士は、辺境伯に執着される	4	星雲社:3 | 星雲社(発売):1	星雲社	星雲社(発売)=[1]	[1]
hidamari-ga-kikoeru-shunka-shuutou	ひだまりが聴こえる-春夏秋冬-	4	フランス書院(発売):2 | フランス書院:2	フランス書院(発売)	フランス書院=[3, 4]	[3, 4]
hikarishuppatsu-shinkou	ひかり!出発進行	4	自力制作出版:3 | 芳文社:1	自力制作出版	芳文社=[1]	[1]
houkai-3rd-the-comic	崩壊3rd THE COMIC	4	KADOKAWA:3 | Gzブレイン:1	KADOKAWA	Gzブレイン=[1]	[1]
ichinen-ni-ichido-shika-aenai-kimi-no-hanashi	一年に一度しか会えない君の話。	4	講談社:3 | 一迅社:1	講談社	一迅社=[1]	[1]
itazura-oumu-no-seikatsu-zakki	いたずらオウムの生活雑記	4	講談社:3 | KADOKAWA:1	講談社	KADOKAWA=[1]	[1]
jishou-akuyaku-reijou-na-tsuma-no-kansatsu-kiroku	自称悪役令嬢な妻の観察記録。	4	星雲社(発売):2 | 星雲社:2	星雲社(発売)	星雲社=[3, 4]	[3, 4]
joushi-ga-mukoiri	上司がムコ入り!?	4	フランス書院:3 | フランス書院(発売):1	フランス書院	フランス書院(発売)=[3]	[3]
kami-sama-no-puzzle	神様のパズル	4	ソフトバンククリエイティブ:3 | ほるぷ出版:1	ソフトバンククリエイティブ	ほるぷ出版=[4]	[4]
kono-ore-ga-maguro-joshi-to-no-sekkusu-nankani-oboreru-wake-ga-nai	この俺が、マグロ女子とのセックスなんかに溺れるワケがない。	4	祥伝社:3 | 祥伝社(発売):1	祥伝社	祥伝社(発売)=[1]	[1]
kurumi-no-naka	胡桃の中	4	リブレ出版:2 | リブレ:1	リブレ出版	リブレ=[4]	[4]
meitei-kaijuu-sakaba-2nd	酩酊!怪獣酒場2nd	4	小学館:3 | ヒーローズ:1	小学館	ヒーローズ=[4]	[4]
mibu-gishiden	壬生義士伝	4	KADOKAWA:2 | 講談社:2	KADOKAWA	講談社=[3, 4]	[3, 4]
mida-love	みだlove♪	4	一迅社:2 | 講談社:2	一迅社	講談社=[3, 4]	[3, 4]
mikazuki-to-neko	三日月とネコ	4	集英社:3 | 徳間:1	集英社	徳間=[1]	[1]
military-otsugata	みりたり!乙型	4	一迅社:3 | 講談社:1	一迅社	講談社=[4]	[4]
mitsu-to-doku	蜜と毒	4	双葉社:2 | viviON:2	双葉社	viviON=[3, 4]	[3, 4]
motto-atsumare-falcom-gakuen	も～っと集まれ!ファルコム学園	4	メディアパル(発売):3 | メディアパル:1	メディアパル(発売)	メディアパル=[1]	[1]
motto-hinekure-chaser	もっと!ひねくれチェイサー	4	一迅社:2 | 講談社:2	一迅社	講談社=[3, 4]	[3, 4]
nando-dakaretatte-suki-ni-nanka-naranaiyo	何度抱かれたって、好きになんかならないよ。	4	星雲社:3 | 星雲社(発売):1	星雲社	星雲社(発売)=[2]	[2]
o-kashira-tsuki	尾かしら付き。	4	徳間:3 | コアミックス:1	徳間	コアミックス=[4]	[4]
okujouhime	屋上姫	4	ソフトバンククリエイティブ:2 | ほるぷ出版:2	ソフトバンククリエイティブ	ほるぷ出版=[3, 4]	[3, 4]
one-room-wanko	ワンルームワンコ	4	フレックスコミックス:3 | ほるぷ出版:1	フレックスコミックス	ほるぷ出版=[1]	[1]
onii-sama-to-chikai-no-bara	お兄様と誓いの薔薇	4	宙出版:3 | ジャイブ:1	宙出版	ジャイブ=[4]	[4]
oto-maho	おと×まほ	4	ソフトバンククリエイティブ:3 | ほるぷ出版:1	ソフトバンククリエイティブ	ほるぷ出版=[4]	[4]
pearl-vice	パール&ヴァイス	4	星雲社(発売):3 | 星雲社:1	星雲社(発売)	星雲社=[1]	[1]
quick-start	くいっくすたーと	4	ゲーム・フィールド:3 | ファーイースト・アミューズメント・リサーチ:1	ゲーム・フィールド	ファーイースト・アミューズメント・リサーチ=[4]	[4]
robotics-notes-2012	Robotics;Notes	4	集英社:3 | マッグガーデン:1	集英社	マッグガーデン=[6]	[6]
romeo	Romeo	4	ジュネット:3 | マガジン・マガジン:1	ジュネット	マガジン・マガジン=[2]	[2]
sayonara-sankaku-obiya-2017	サヨナラさんかく	4	LINE:2 | LINEDigitalFrontier:2	LINE	LINEDigitalFrontier=[3, 4]	[3, 4]
sensei-de-sex-no-renshuu-shite-ii	先生で、セックスの練習していい?	4	日販アイ・ピー・エス(発売):3 | 日販アイ・ピー・エス:1	日販アイ・ピー・エス(発売)	日販アイ・ピー・エス=[4]	[4]
sentiment-no-yukue	センチメントの行方	4	幻冬舎:3 | 幻冬舎(発売):1	幻冬舎	幻冬舎(発売)=[4]	[4]
shieadan	シェア男!!	4	LINEDigitalFrontier:3 | LINE:1	LINEDigitalFrontier	LINE=[1]	[1]
shinitagari-shoujo-to-shokujinki-san	死にたがり少女と食人鬼さん	4	一迅社:3 | 講談社:1	一迅社	講談社=[4]	[4]
shippo-no-oisha-san	しっぽのお医者さん	4	講談社:3 | 朝日:1	講談社	朝日=[1]	[1]
shirushia-code	シルシア	4	講談社:3 | 一迅社:1	講談社	一迅社=[1]	[1]
sono-oshi-batsubatsu-ni-tsuki	その推し、××につき!	4	CLAPコミックス:3 | 三交社:1	CLAPコミックス	三交社=[1]	[1]
soredemo-ore-no-mono-ni-naru	それでも俺のものになる	4	竹書房:3 | KADOKAWA:1	竹書房	KADOKAWA=[1]	[1]
sowasowa-drawing	そわそわDrawing	4	一迅社:3 | 講談社:1	一迅社	講談社=[4]	[4]
super-danganronpa-2-nangoku-zetsubou-carnival	スーパーダンガンロンパ2南国ぜつぼうカーニバル!	4	SBクリエイティブ:3 | ソフトバンククリエイティブ:1	SBクリエイティブ	ソフトバンククリエイティブ=[1]	[1]
tensei-reijou-wa-shomin-no-aji-ni-uete-iru	転生令嬢は庶民の味に飢えている	4	星雲社:2 | 星雲社(発売):2	星雲社	星雲社(発売)=[2, 3]	[2, 3]
tensei-yakushi-wa-isekai-o-meguru	転生薬師は異世界を巡る	4	星雲社(発売):3 | 星雲社:1	星雲社(発売)	星雲社=[1]	[1]
tenseisaki-wa-moumoku-youjo-deshita	転生先は盲目幼女でした	4	星雲社(発売):2 | 星雲社:2	星雲社(発売)	星雲社=[3, 4]	[3, 4]
toaru-hi-no-kuru	とある日のクル	4	大都社:3 | 学研:1	大都社	学研=[1]	[1]
tokumei-kakarichou-tadano-hitoshi-final	特命係長只野仁ファイナル	4	楽楽出版:3 | ぶんか社:1	楽楽出版	ぶんか社=[1]	[1]
tondemonai-ore-no-alpha	トンでもない俺のα	4	三交社:2 | 三交社(発売):2	三交社	三交社(発売)=[2, 3]	[2, 3]
tori-no-isoji-san	とりの、いそじさん。	4	ほるぷ出版:3 | フレックスコミックス:1	ほるぷ出版	フレックスコミックス=[4]	[4]
totoaruhi-no-kuru	ととある日のクル	4	大都社:3 | 学研:1	大都社	学研=[1]	[1]
toukyouto-kitaku-akabane	東京都北区赤羽	4	Bbmfマガジン:2 | 双葉社:2	Bbmfマガジン	双葉社=[3, 4]	[3, 4]
wakatono-wa-tsuraiyo	若殿はつらいよ!	4	楽楽出版:3 | ぶんか社:1	楽楽出版	ぶんか社=[1]	[1]
wakeari-akuyaku-reijou-wa-konyaku-hakigo-no-jinsei-o-jiyuu-ni-ikiru	訳あり悪役令嬢は、婚約破棄後の人生を自由に生きる	4	星雲社:3 | 星雲社(発売):1	星雲社	星雲社(発売)=[4]	[4]
watashi-nouryoku-wa-heikinchi-de-tte-ittayone-funa-2017	私、能力は平均値でって言ったよね!	4	泰文堂:2 | アース・スターエンターテイメント:2	泰文堂	アース・スターエンターテイメント=[3, 4]	[3, 4]
watashitachi-hoshigari-tekireiki	私たち、欲しがり適齢期。	4	星雲社:3 | 星雲社(発売):1	星雲社	星雲社(発売)=[4]	[4]
yosoji-no-ossan-kamisama-kara-cheat-nouryoku-o-9-ko-morau	四十路のおっさん、神様からチート能力(スキル)を9個もらう	4	星雲社(発売):3 | 星雲社:1	星雲社(発売)	星雲社=[4]	[4]
yutonoto	ゆとのと	4	LINEDigitalFrontier:3 | LINE:1	LINEDigitalFrontier	LINE=[1]	[1]
z-mazinger-1999	Zマジンガー	4	小池書院:3 | 講談社:1	小池書院	講談社=[4]	[4]
zannen-kunoichiden	残念くのいち伝	4	ソフトバンククリエイティブ:2 | ほるぷ出版:2	ソフトバンククリエイティブ	ほるぷ出版=[3, 4]	[3, 4]
zannen-otoko	残念男子。	4	講談社:3 | 一迅社:1	講談社	一迅社=[1]	[1]
zettai-bl-ni-naru-sekai-vs-zettai-bl-ni-naritakunai-otoko	絶対BLになる世界vs絶対BLになりたくない男	4	祥伝社:3 | 新潮社:1	祥伝社	新潮社=[4]	[4]
achira-kochira-bokura	あちらこちらぼくら	3	小学館:2 | 集英社:1	小学館	集英社=[3]	[3]
aishisugi-desu-aogiri-kun	愛しすぎです、青桐くん。	3	ジャイブ:2 | ジャイブ(発売):1	ジャイブ	ジャイブ(発売)=[3]	[3]
akairo-kousaten	あかいろ交差点	3	講談社:2 | 一迅社:1	講談社	一迅社=[1]	[1]
akuyaku-reijou-no-okaa-sama	悪役令嬢のおかあさま	3	星雲社:2 | 星雲社(発売):1	星雲社	星雲社(発売)=[1]	[1]
amaitamashii	アマイタマシイ	3	集英社:2 | 復刊ドットコム:1	集英社	復刊ドットコム=[3]	[3]
angel-para-bellum	エンジェルパラベラム	3	ほるぷ出版:2 | ソフトバンククリエイティブ:1	ほるぷ出版	ソフトバンククリエイティブ=[1]	[1]
atode-shimai-masu	あとで姉妹ます。	3	一迅社:2 | 講談社:1	一迅社	講談社=[3]	[3]
ayakashi-kura-no-kanrinin	あやかし蔵の管理人	3	星雲社(発売):2 | 星雲社:1	星雲社(発売)	星雲社=[3]	[3]
baritachi-no-ore-ga-jimionna-ni-tatsu-toka-arienee	バリタチの俺が、地味オンナに勃つとかありえねえ	3	星雲社(発売):2 | 星雲社:1	星雲社(発売)	星雲社=[3]	[3]
chizuka-map	ちづかマップ	3	小学館:2 | 講談社:1	小学館	講談社=[1]	[1]
choukyoukei-otoko	調教系男子	3	フランス書院:2 | フランス書院(発売):1	フランス書院	フランス書院(発売)=[3]	[3]
daikagaku-shoujo	大科学少女	3	双葉社:2 | KADOKAWA:1	双葉社	KADOKAWA=[3]	[3]
doesu-obake-ga-nekasete-kurenai	ドSおばけが寝かせてくれない	3	三交社:2 | 三交社(発売):1	三交社	三交社(発売)=[3]	[3]
dokutaa-toumori-akira-no-shoken	Dr.東盛玲の所見	3	ハーレクイン:2 | ハーパーコリンズ・ジャパン:1	ハーレクイン	ハーパーコリンズ・ジャパン=[3]	[3]
donyoku-joushi-wa-nido-osou	貪欲上司は二度襲う	3	星雲社(発売):2 | 星雲社:1	星雲社(発売)	星雲社=[1]	[1]
elite-jieikan-ni-dekiai-sareteru-rashii-desu	エリート自衛官に溺愛されてる…らしいです?	3	星雲社(発売):2 | 星雲社:1	星雲社(発売)	星雲社=[3]	[3]
exorcist-no-hanayome	エクソシストの花嫁	3	ハーレクイン:2 | ハーパーコリンズ・ジャパン:1	ハーレクイン	ハーパーコリンズ・ジャパン=[3]	[3]
fate-strange-fake	Fate/strange Fake	3	TYPE-MOON:2 | KADOKAWA:1	TYPE-MOON	KADOKAWA=[3]	[3]
fushigina-somera-chan-ootokuchuuru	不思議なソメラちゃんオートクチュール	3	一迅社:2 | 講談社:1	一迅社	講談社=[3]	[3]
ghost-and-witch	ゴーストアンドウィッチ	3	KADOKAWA:2 | マッグガーデン:1	KADOKAWA	マッグガーデン=[1]	[1]
habatake-kotatsu-chan	はばたけ!こたつちゃん	3	自力制作出版:2 | 水井麻紀子:1	自力制作出版	水井麻紀子=[1]	[1]
hana-mo-mata-kimi-no-tame	花もまた、きみのため。	3	ソフトバンククリエイティブ:2 | ほるぷ出版:1	ソフトバンククリエイティブ	ほるぷ出版=[3]	[3]
hanako-lavatory	ハナコ@ラバトリー	3	ジャイブ:2 | KADOKAWA:1	ジャイブ	KADOKAWA=[3]	[3]
hatarake-onee-san	働け!おねえさん	3	自力制作出版:2 | 芳文社:1	自力制作出版	芳文社=[1]	[1]
haunted-campus	ホーンテッド・キャンパス	3	朝日:2 | KADOKAWA:1	朝日	KADOKAWA=[2]	[2]
hazure-zokusei-tsuchi-mahou-no-sei-de-henkyou-ni-tsuihousareta-sareta-node-gangan-ryouchi-kaitaku	ハズレ属性土魔法のせいで辺境に追放されたので、ガンガン領地開拓します!	3	星雲社:2 | 星雲社(発売):1	星雲社	星雲社(発売)=[1]	[1]
hissatsu-yami-doushin	必殺闇同心	3	小池書院:2 | 主婦の友社:1	小池書院	主婦の友社=[3]	[3]
isekai-de-youjoka-shita-node-youjo-ni-nattari-shokikan-ni-nattari-shimasu	異世界で幼女化したので養女になったり書記官になったりします	3	星雲社:2 | 星雲社(発売):1	星雲社	星雲社(発売)=[3]	[3]
itasha-girl	痛車娘。	3	廣済堂あかつき:2 | 廣済堂出版:1	廣済堂あかつき	廣済堂出版=[3]	[3]
jimmy-corrigan	Jimmy Corrigan.	3	プレスポップ・ギャラリー:2 | Presspop.:1	プレスポップ・ギャラリー	Presspop.=[1]	[1]
jitsuryoku-shugi-ni-hirowareta-kanteishi	実力主義に拾われた鑑定士	3	星雲社:2 | 星雲社(発売):1	星雲社	星雲社(発売)=[1]	[1]
junjou-gal-to-oomono-shachou	純情ギャルとオオモノ社長	3	祥伝社:2 | 祥伝社(発売):1	祥伝社	祥伝社(発売)=[1]	[1]
juuhan-mitei	重版未定	3	中央公論新社:2 | 河出書房新社:1	中央公論新社	河出書房新社=[2]	[2]
juujin-kareshi-to-kozukuri-seikatsu	獣人カレシと子作り生活。	3	星雲社:2 | 星雲社(発売):1	星雲社	星雲社(発売)=[3]	[3]
kaitou-lupin-den-abanchurie-toujou-hen	怪盗ルパン伝アバンチュリエ 登場編	3	小学館:2 | ぴあ:1	小学館	ぴあ=[11]	[11]
kakoku-ayakashi-koukyuu-tan	迦国あやかし後宮譚	3	星雲社(発売):2 | 星雲社:1	星雲社(発売)	星雲社=[3]	[3]
kami-sama-no-gakkou	神様の学校	3	星雲社(発売):2 | 星雲社:1	星雲社(発売)	星雲社=[3]	[3]
kankyou-hogotai-mottai-9	環境保護隊モッタイ9	3	ほるぷ出版:2 | ソフトバンククリエイティブ:1	ほるぷ出版	ソフトバンククリエイティブ=[1]	[1]
karada-ga-koisuru-keiyaku-kekkon	カラダが恋する契約結婚	3	星雲社(発売):2 | 星雲社:1	星雲社(発売)	星雲社=[5]	[5]
kata-to-yubisaki	肩と指先	3	幻冬舎:2 | 幻冬舎(発売):1	幻冬舎	幻冬舎(発売)=[3]	[3]
kettama	けったま!	3	ソフトバンククリエイティブ:2 | ほるぷ出版:1	ソフトバンククリエイティブ	ほるぷ出版=[3]	[3]
kirawaremono-no-shirobuta-reijou-no-makimodori-nidome-no-jinsei-wa-shippai-shimasenwa	嫌われ者の〈白豚令嬢〉の巻き戻り。二度目の人生は失敗しませんわ!	3	星雲社:2 | 星雲社(発売):1	星雲社	星雲社(発売)=[1]	[1]
klan	KLAN	3	ほるぷ出版:2 | ソフトバンククリエイティブ:1	ほるぷ出版	ソフトバンククリエイティブ=[1]	[1]
kosu-puri	コスプリ!	3	ソフトバンククリエイティブ:2 | ほるぷ出版:1	ソフトバンククリエイティブ	ほるぷ出版=[3]	[3]
kurogyaru-ni-natta-kara-shinyuu-to-yatte-mita	黒ギャルになったから親友とヤってみた。	3	星雲社(発売):2 | 星雲社:1	星雲社(発売)	星雲社=[1]	[1]
kyou-kara-keiyaku-kazoku-hajimemasu	今日から、契約家族はじめます	3	星雲社:2 | 星雲社(発売):1	星雲社	星雲社(発売)=[1]	[1]
little-witch-academia	リトルウィッチアカデミア	3	KADOKAWA:2 | 集英社:1	KADOKAWA	集英社=[1]	[1]
lost-stars	STAR WARS/ロスト・スターズ	3	LINEDigitalFrontier:2 | LINE:1	LINEDigitalFrontier	LINE=[1]	[1]
madk	MADK	3	フランス書院:2 | フランス書院(発売):1	フランス書院	フランス書院(発売)=[3]	[3]
mahou-shoujo-nante-mou-ii-desu-kara	魔法少女なんてもういいですから。	3	泰文堂:2 | アース・スターエンターテイメント:1	泰文堂	アース・スターエンターテイメント=[3]	[3]
majipani	まじぱに	3	ソフトバンク・クリエイティブ:2 | ソフトバンククリエイティブ:1	ソフトバンク・クリエイティブ	ソフトバンククリエイティブ=[3]	[3]
maouritsu-chuubosu-yousei-academia	魔王立中ボス養成アカデミア	3	アース・スターエンターテイメント:2 | 泰文堂:1	アース・スターエンターテイメント	泰文堂=[1]	[1]
mezase-toudai-tanuko-san	目指せ東大!たぬ子さん	3	LINEDigitalFrontier:2 | LINE:1	LINEDigitalFrontier	LINE=[1]	[1]
miko-to-kagaku-no-uso-happyakuman	巫女と科学の嘘八百万	3	ほるぷ出版:2 | ソフトバンククリエイティブ:1	ほるぷ出版	ソフトバンククリエイティブ=[1]	[1]
minus-ondo-no-serenade	マイナス温度のセレナーデ	3	ほるぷ出版:2 | フレックスコミックス:1	ほるぷ出版	フレックスコミックス=[3]	[3]
misoji-to-lady	三十路とレディ	3	一迅社:2 | 講談社:1	一迅社	講談社=[3]	[3]
misu-misou	ミスミソウ	3	ぶんか社:2 | 双葉社:1	ぶんか社	双葉社=[1]	[1]
mitsuiro-elevator	蜜色エレベーター	3	東京漫画社:2 | Bevy:1	東京漫画社	Bevy=[1]	[1]
mobu-nanoni-makikomarete-imasu	モブなのに巻き込まれています	3	星雲社(発売):2 | 星雲社:1	星雲社(発売)	星雲社=[3]	[3]
mononoke	モノノ怪	3	スクウェア・エニックス:2 | 徳間:1	スクウェア・エニックス	徳間=[3]	[3]
nein	Nein	3	新書館:2 | KADOKAWA:1	新書館	KADOKAWA=[3]	[3]
nekoneko-darling	ねこねこダーリン	3	リブレ:2 | リブレ出版:1	リブレ	リブレ出版=[1]	[1]
ningen-shikkaku	人間失格	3	新潮社:2 | 小学館:1	新潮社	小学館=[3]	[3]
numumo-san-to-nponu-kun	ぬむもさんとんぽぬくん	3	駒草出版株式会社ダンク出版事業部:2 | 駒草出版:1	駒草出版株式会社ダンク出版事業部	駒草出版=[2]	[2]
obaa-chan-to-game	おばあちゃんとゲーム	3	泰文堂:2 | アース・スターエンターテイメント:1	泰文堂	アース・スターエンターテイメント=[3]	[3]
obito-no-hime-to-kubinashi-kishi	首の姫と首なし騎士	3	白泉社:2 | KADOKAWA:1	白泉社	KADOKAWA=[1]	[1]
oko-sama-star	おこさまスター	3	一迅社:1 | 講談社:1	一迅社	講談社=[4]	[4]
online-no-hitsujitachi	オンラインの羊たち	3	Nagisaジヘン編集部:2 | 小学館:1	Nagisaジヘン編集部	小学館=[3]	[3]
ookami-koushaku-no-kyuukon	狼公爵の求婚	3	宙出版:2 | ジャイブ:1	宙出版	ジャイブ=[3]	[3]
osananajimi-wa-mou-yameta-massage-no-yubi-ga-naka-made-fukaku	「幼馴染はもうやめた。」マッサージの指がナカまで深く…	3	星雲社:2 | 星雲社(発売):1	星雲社	星雲社(発売)=[3]	[3]
oshi-wa-mezamenai-danna-sama-desu	推しは目覚めないダンナ様です	3	幻冬舎(発売):2 | 幻冬舎:1	幻冬舎(発売)	幻冬舎=[3]	[3]
ouchi-e-kaerou	おうちへかえろう	3	三交社(発売):2 | 三交社:1	三交社(発売)	三交社=[1]	[1]
pippira-note	ぴっぴら帳	3	双葉社:2 | コアミックス:1	双葉社	コアミックス=[3]	[3]
rapper-ni-kamaretara-rapper-ni-naru-manga	ラッパーに噛まれたらラッパーになる漫画	3	LINE:2 | LINEDigitalFrontier:1	LINE	LINEDigitalFrontier=[3]	[3]
robin	ロビン	3	ソフトバンククリエイティブ:2 | ほるぷ出版:1	ソフトバンククリエイティブ	ほるぷ出版=[3]	[3]
rojiura-brothers	路地裏ブラザーズ	3	リブレ:2 | リブレ出版:1	リブレ	リブレ出版=[1]	[1]
ruugaruu	ルー=ガルー	3	講談社:2 | 徳間:1	講談社	徳間=[1]	[1]
ryuusei-inisharaizu	流星イニシャライズ	3	LINE:2 | LINEDigitalFrontier:1	LINE	LINEDigitalFrontier=[3]	[3]
sabaku-no-usagi	砂漠のウサギ	3	イカロス出版:2 | 司書房:1	イカロス出版	司書房=[1]	[1]
saiga-rokuji-no-shiro	雑賀六字の城	3	リイド社:2 | PHP研究所:1	リイド社	PHP研究所=[1]	[1]
saku-wa-edo-nimo-sono-soshitsu	咲くは江戸にもその素質	3	NHNcomico:2 | KADOKAWA:1	NHNcomico	KADOKAWA=[1]	[1]
seinen-no-tame-no-dokusho-club	青年のための読書クラブ	3	ソフトバンククリエイティブ:2 | ほるぷ出版:1	ソフトバンククリエイティブ	ほるぷ出版=[3]	[3]
seirei-mamori-no-kusushi-reijou-wa-konyaku-haki-o-tsukitsukerareta-you-desu	精霊守りの薬士令嬢は、婚約破棄を突きつけられたようです	3	星雲社(発売):2 | 星雲社:1	星雲社(発売)	星雲社=[3]	[3]
sewa-ga-yakemasu-haadesu-sama	世話がやけますハーデス様	3	ジャイブ:2 | ジャイブ(発売):1	ジャイブ	ジャイブ(発売)=[3]	[3]
shangurira-no-tori	シャングリラの鳥	3	フランス書院:2 | フランス書院(発売):1	フランス書院	フランス書院(発売)=[3]	[3]
sheerlore	シアロア	3	LINEDigitalFrontier:2 | 集英社:1	LINEDigitalFrontier	集英社=[1]	[1]
shin-juuishi-no-file	新獣医師の事件簿	3	青泉社:2 | Bbmfマガジン:1	青泉社	Bbmfマガジン=[1]	[1]
shoki-skill-ga-benri-sugite-isekai-seikatsu-ga-tanoshisugiru	初期スキルが便利すぎて異世界生活が楽しすぎる!	3	星雲社:2 | 星雲社(発売):1	星雲社	星雲社(発売)=[2]	[2]
shukoku-no-jin	朱黒の仁	3	朝日:2 | KADOKAWA:1	朝日	KADOKAWA=[1]	[1]
sono-koi-jihanki-de-kaemasuka	その恋、自販機で買えますか?	3	三交社(発売):2 | 三交社:1	三交社(発売)	三交社=[1]	[1]
sougihime	葬儀姫	3	ほるぷ出版:2 | ハーパーコリンズ・ジャパン:1	ほるぷ出版	ハーパーコリンズ・ジャパン=[3]	[3]
suki	好きだ。	3	星雲社:2 | 星雲社(発売):1	星雲社	星雲社(発売)=[1]	[1]
tales-of-berseria	テイルズオブベルセリア	3	講談社:2 | 一迅社:1	講談社	一迅社=[1]	[1]
the-boys	ザ・ボーイズ	3	G-NOVELS:2 | GrafficaNovels:1	G-NOVELS	GrafficaNovels=[1]	[1]
toaru-chiisana-mura-no-cheat-na-kajiya-san	とある小さな村のチートな鍛冶屋さん	3	星雲社(発売):2 | 星雲社:1	星雲社(発売)	星雲社=[3]	[3]
tokumei-kachou-tadano-hitoshi-otonaaji	特命課長只野仁	3	ぶんか社:2 | 楽楽出版:1	ぶんか社	楽楽出版=[1]	[1]
tomomi-san-to-norimaki	ともみさんとのりまき	3	幻冬舎:2 | 幻冬舎(発売):1	幻冬舎	幻冬舎(発売)=[2]	[2]
tsubaki	ツバキ	3	講談社:2 | ぶんか社:1	講談社	ぶんか社=[1]	[1]
tsuihousareta-ouji-no-eiyuumon	追放王子の英雄紋!	3	星雲社(発売):2 | 星雲社:1	星雲社(発売)	星雲社=[3]	[3]
tsuihousareta-sareta-jogenshi-no-guild-keiei	追放された〈助言士〉のギルド経営	3	星雲社:2 | 星雲社(発売):1	星雲社	星雲社(発売)=[1]	[1]
tsurugi-no-mai	つるぎのまい!	3	廣済堂あかつき出版事業部:2 | 飛鳥新社:1	廣済堂あかつき出版事業部	飛鳥新社=[1]	[1]
uchi-no-nee-chan-to-kitara	うちの姉ちゃんときたら!	3	フレックスコミックス:2 | ほるぷ出版:1	フレックスコミックス	ほるぷ出版=[1]	[1]
uranai-chan-wa-kimekirenai	占いちゃんは決めきれない!	3	星雲社(発売):2 | 星雲社:1	星雲社(発売)	星雲社=[3]	[3]
wagamama-diy	わがままDIY	3	インプレス:2 | インプレスコミュニケーションズ:1	インプレス	インプレスコミュニケーションズ=[1]	[1]
watashi-no-heya-no-neko-houdai	私の部屋の猫放題	3	大都社:2 | 学研:1	大都社	学研=[1]	[1]
watashi-wa-akuyaku-reijou-nanka-ja-nai	私は悪役令嬢なんかじゃないっ!!	3	星雲社(発売):2 | 星雲社:1	星雲社(発売)	星雲社=[1]	[1]
wataya-san-no-tomodachi	綿谷さんの友だち	3	コアミックス:2 | 徳間:1	コアミックス	徳間=[1]	[1]
yae-no-sakura	八重の桜	3	小学館:2 | 集英社:1	小学館	集英社=[1]	[1]
yuri-to-koe-to-kazematoi	百合と声と風纏い	3	サイゾー:2 | れんが書房新社:1	サイゾー	れんが書房新社=[3]	[3]
zetsurin-jigoku	絶倫地獄	3	星雲社:2 | 星雲社(発売):1	星雲社	星雲社(発売)=[3]	[3]
1-yuuden-de-kaesanai-tatta-1tsu-no-houhou	終電で帰さない、たった1つの方法	2	一迅社:1 | 講談社:1	一迅社	講談社=[2]	[2]
33-sai-kiyoraka-fujoshi-ga-toshishita-otoko-to-asagaeri	33歳清らか腐女子が年下男子と朝帰り!?	2	星雲社:1 | 星雲社(発売):1	星雲社	星雲社(発売)=[2]	[2]
akage-no-nyanko-to-mori-no-banken	赤毛のにゃんこと森の番犬	2	三交社:1 | CLAPコミックス:1	三交社	CLAPコミックス=[2]	[2]
anata-de-fukuramu-watashi-no-peshanko	あなたでふくらむ、私のぺしゃんこ。	2	星雲社:1 | 星雲社(発売):1	星雲社	星雲社(発売)=[2]	[2]
anata-o-korosu-tabi	あなたを殺す旅	2	秋田書店:1 | 徳間:1	秋田書店	徳間=[3]	[3]
anata-wa-otto-ni-damasareteiru	あなたは夫に騙されている	2	秋水社(発行元):1 | 青泉社:1	秋水社(発行元)	青泉社=[2]	[2]
baacharu-kun-wa-otonari-san-kara-nigetai	バーチャルくんはおとなりさんから逃げたい	2	コスミック出版:1 | KADOKAWA:1	コスミック出版	KADOKAWA=[2]	[2]
barezuni-dekitara-gohoubi-yaruyo	バレずにデキたらご褒美やるよ	2	星雲社:1 | 星雲社(発売):1	星雲社	星雲社(発売)=[2]	[2]
botchama-wa-kyou-mo-ijirareru	ぼっちゃまは今日もイジられる	2	一迅社:1 | 講談社:1	一迅社	講談社=[2]	[2]
chuugoku-koujou-no-kotone-chan	中国工場の琴音ちゃん	2	一迅社:1 | 講談社:1	一迅社	講談社=[2]	[2]
color-recipe	カラーレシピ	2	KADOKAWA:1 | 新書館:1	KADOKAWA	新書館=[3]	[3]
comic-higashino-keigo-mystery-2014	コミック東野圭吾ミステリー	2	実業之日本社:1 | 秋田書店:1	実業之日本社	秋田書店=[2]	[2]
comic-higashino-keigo-mystery	コミック東野圭吾ミステリー	2	実業之日本社:1 | 秋田書店:1	実業之日本社	秋田書店=[2]	[2]
dare-nimo-aisarenai	誰にも愛されない	2	リブレ出版:1 | 竹書房:1	リブレ出版	竹書房=[3]	[3]
dark-alice	DARK ALICE	2	書苑新社:1 | 書苑新社(発売):1	書苑新社	書苑新社(発売)=[2]	[2]
dekichatta-otoko	できちゃった男子	2	リブレ出版:1 | リブレ:1	リブレ出版	リブレ=[2]	[2]
demi-life	デミライフ!	2	一迅社:1 | 講談社:1	一迅社	講談社=[2]	[2]
doro-no-onnatsuushin	泥の女通信	2	太田出版:1 | WeComix:1	太田出版	WeComix=[2]	[2]
double-revenge	ダブルリベンジ	2	楽楽出版:1 | ぶんか社:1	楽楽出版	ぶんか社=[2]	[2]
eden-2021	エデン	2	KADOKAWA:1 | 少年画報社:1	KADOKAWA	少年画報社=[2]	[2]
eden-sakurazawa-2014	エデン	2	KADOKAWA:1 | 集英社:1	KADOKAWA	集英社=[3]	[3]
eien-o-chikau-girishia	永遠を誓うギリシア	2	ハーレクイン:1 | ハーパーコリンズ・ジャパン:1	ハーレクイン	ハーパーコリンズ・ジャパン=[2]	[2]
elite-joushi-wa-kyuuai-no-kikai-o-nogasanai	エリート上司は求愛の機会を逃さない	2	星雲社(発売):1 | 星雲社:1	星雲社(発売)	星雲社=[2]	[2]
face	フェイス	2	幻冬舎:1 | 幻冬舎ルネッサンス:1	幻冬舎	幻冬舎ルネッサンス=[2]	[2]
fujiwara-ranka-no-4koma-gekijou	藤原らんかの4コマ劇場	2	ニューズ出版:1 | 三栄書房:1	ニューズ出版	三栄書房=[2]	[2]
fukigen-itoko-ga-kawaisugite-shikatanai-side-naoki	不機嫌イトコがかわい過ぎて仕方ないside直樹	2	三交社(発売):1 | 三交社:1	三交社(発売)	三交社=[3]	[3]
furuhon-yatai	古本屋台	2	集英社:1 | 本の雑誌社:1	集英社	本の雑誌社=[2]	[2]
fuufu	ふーふ	2	KADOKAWA:1 | 一迅社:1	KADOKAWA	一迅社=[2]	[2]
gachiiki-chouhatsu-night	ガチイキ挑発ナイト	2	マガジン・マガジン:1 | ジュネット:1	マガジン・マガジン	ジュネット=[2]	[2]
ginga-tetsudou-no-yoru-2023	銀河鉄道の夜	2	イースト・プレス:1 | 学研:1	イースト・プレス	学研=[2]	[2]
girl-s-x-road-bike	ガールズ×ロードバイク	2	ほるぷ出版:1 | フレックスコミックス:1	ほるぷ出版	フレックスコミックス=[2]	[2]
hachimitsu-etchi	蜂蜜えっち。	2	祥伝社(発売):1 | 祥伝社:1	祥伝社(発売)	祥伝社=[2]	[2]
himegami-gadget	姫神ガジェット	2	ソフトバンククリエイティブ:1 | ほるぷ出版:1	ソフトバンククリエイティブ	ほるぷ出版=[2]	[2]
hito-no-ko	ひとのこ	2	新潮社:1 | リイド社:1	新潮社	リイド社=[3]	[3]
hitokiri-share-house	ヒトキリシェアハウス	2	一迅社:1 | 講談社:1	一迅社	講談社=[2]	[2]
hitozuma-mansion-kaede	人妻マンション楓	2	双葉社:1 | エンジェル出版:1	双葉社	エンジェル出版=[2]	[2]
honban-5byoumae	本番5秒前!	2	一迅社:1 | 講談社:1	一迅社	講談社=[2]	[2]
ichiya-kagiri-no-zetsurin-kareshi	一夜限りの絶倫彼氏	2	青泉社:1 | 青泉社(発売):1	青泉社	青泉社(発売)=[2]	[2]
idol-sousenkyo-4-i-datta-watashi-ga-maou-o-taosundesuka	アイドル総選挙4位だった私が魔王を倒すんですか?	2	れんが書房新社:1 | れんが書房新社(発売):1	れんが書房新社	れんが書房新社(発売)=[2]	[2]
imadoki-ejiputoshin	イマドキ☆エジプト神	2	一迅社:1 | 講談社:1	一迅社	講談社=[2]	[2]
ingi-no-hate	淫戯の果て	2	双葉社:1 | エンジェル出版:1	双葉社	エンジェル出版=[2]	[2]
isekai-de-youhei-ni-natta-ore-desu	異世界で傭兵になった俺ですが	2	星雲社(発売):1 | 星雲社:1	星雲社(発売)	星雲社=[2]	[2]
isekai-ni-tensei-shitakedo-trouble-taishitsu-nanode-shinpai-desu	異世界に転生したけどトラブル体質なので心配です	2	星雲社(発売):1 | 星雲社:1	星雲社(発売)	星雲社=[2]	[2]
itoshii-kimi-to-seiryaku-kekkon	愛しいきみと、政略結婚	2	星雲社(発売):1 | 星雲社:1	星雲社(発売)	星雲社=[3]	[3]
jigoku-no-sougiya	地獄の葬儀屋	2	秋田書店:1 | リイド社:1	秋田書店	リイド社=[2]	[2]
kabukichou-goshimei-hairimasu	歌舞伎町ご指名♂挿入ります!	2	ブライト出版:1 | 三交社(発売):1	ブライト出版	三交社(発売)=[3]	[3]
kahogo-shitsuji-niwa-unzari-desu	過保護執事にはうんざりです。	2	宙出版:1 | ジャイブ:1	宙出版	ジャイブ=[2]	[2]
kan-chan	カンちゃん	2	TOブックス:1 | 熊日出版:1	TOブックス	熊日出版=[2]	[2]
kani-kousen	蟹工船	2	イースト・プレス:1 | 学研:1	イースト・プレス	学研=[2]	[2]
karada-de-haratte-sumanai-hanashi	体で払って済まない話	2	三交社(発売):1 | 三交社:1	三交社(発売)	三交社=[2]	[2]
karoojiero-no-enogu	カロージェロの絵の具	2	星雲社:1 | 星雲社(発売):1	星雲社	星雲社(発売)=[2]	[2]
king-abyss	キングアビス	2	ジャイブ:1 | パイインターナショナル:1	ジャイブ	パイインターナショナル=[3]	[3]
komikkuiwate	コミックいわて	2	岩手県:1 | メディアパル:1	岩手県	メディアパル=[2]	[2]
konyaku-haki-de-tsuihousareta-sarete-shiawase-na-hibi-o-sugosu	婚約破棄で追放されて、幸せな日々を過ごす。	2	星雲社(発売):1 | 星雲社:1	星雲社(発売)	星雲社=[2]	[2]
koori-no-joou-2013	氷の女王	2	宙出版:1 | 講談社:1	宙出版	講談社=[2]	[2]
kuroi-yakushi-to-shiroki-ryuuhime	黒い薬師と白き竜姫	2	星雲社:1 | 星雲社(発売):1	星雲社	星雲社(発売)=[2]	[2]
kuroneko-wa-nakanai	黒猫は泣かない。	2	とおとうみ出版:1 | 双葉社:1	とおとうみ出版	双葉社=[2]	[2]
kuudere-zuma	クーデレづま	2	星雲社(発売):1 | 星雲社:1	星雲社(発売)	星雲社=[3]	[3]
kyonyuu-to-loli-to-boyish	巨乳とロリとボーイッシュ	2	一迅社:1 | 講談社:1	一迅社	講談社=[2]	[2]
kyoushi-mo-iroiro-aru-wake-de	教師も色々あるわけで	2	リブレ:1 | リブレ出版:1	リブレ	リブレ出版=[2]	[2]
kyuukoku-no-meshia	救国のメシア	2	宙出版:1 | ジャイブ:1	宙出版	ジャイブ=[2]	[2]
loop-kara-nukedasenai-akuyaku-reijou-wa-akiramete-sukikatte-ikiru-koto-ni-kimemashita	ループから抜け出せない悪役令嬢は、諦めて好き勝手生きることに決めました	2	星雲社(発売):1 | 星雲社:1	星雲社(発売)	星雲社=[2]	[2]
love-kowai	れんあいこわい	2	一迅社:1 | 講談社:1	一迅社	講談社=[2]	[2]
love-taishitsu	恋愛体質	2	小学館:1 | 大都社:1	小学館	大都社=[3]	[3]
magatora-kurandogari	禍虎-喰人狩り-	2	星雲社:1 | 星雲社(発売):1	星雲社	星雲社(発売)=[2]	[2]
mahou-shoujo-chikichiki	魔法少女チキチキ	2	ジャイブ:1 | 竹書房:1	ジャイブ	竹書房=[3]	[3]
makimodori-koushaku-reijou-desu-maou-cheat-de-saikyou-yuusha-ni-narimashita	巻き戻り公爵令嬢ですが魔王チートで最強勇者になりました!?	2	星雲社(発売):1 | 星雲社:1	星雲社(発売)	星雲社=[2]	[2]
matsuko-san-no-kiwame-kun	松子さんちのきわめくん	2	ほるぷ出版:1 | フレックスコミックス:1	ほるぷ出版	フレックスコミックス=[2]	[2]
megane-no-kimi-ga-suki	メガネのキミがスキ!	2	リブレ出版:1 | リブレ:1	リブレ出版	リブレ=[2]	[2]
meta-baron-no-ichizoku	メタ・バロンの一族	2	小学館:1 | 集英社:1	小学館	集英社=[2]	[2]
midori-no-mahou-to-kaori-no-tsukaite	緑の魔法と香りの使い手	2	星雲社:1 | 星雲社(発売):1	星雲社	星雲社(発売)=[2]	[2]
mitsubachi-to-enrai	蜜蜂と遠雷	2	幻冬舎:1 | 幻冬舎(発売):1	幻冬舎	幻冬舎(発売)=[2]	[2]
nagahama-monogatari-taishou-collection	長浜ものがたり大賞コレクション	2	「長浜ものがたり大賞」実行委員会:1 | サンライズ出版:1	「長浜ものがたり大賞」実行委員会	サンライズ出版=[2]	[2]
naru-doma	ナルどマ	2	KADOKAWA:1 | NHNcomico:1	KADOKAWA	NHNcomico=[2]	[2]
nekuromaria-hanashoubu	ネクロマリア-花菖蒲-	2	廣済堂あかつき:1 | 廣済堂出版:1	廣済堂あかつき	廣済堂出版=[2]	[2]
ningen-koujou	人間工場	2	泰文堂:1 | アース・スターエンターテイメント:1	泰文堂	アース・スターエンターテイメント=[2]	[2]
ningen-shikkaku-ito-2010	人間失格	2	イースト・プレス:1 | 新潮社:1	イースト・プレス	新潮社=[3]	[3]
nobara	野ばら	2	東京漫画社:1 | KADOKAWA:1	東京漫画社	KADOKAWA=[2]	[2]
onnatarashi-na-oji-san-ga-honki-ni-nattara	女たらしなオジサンが本気になったら。	2	三交社:1 | 三交社(発売):1	三交社	三交社(発売)=[2]	[2]
oogami-san-to-keruberosuu	大上さんとケルベロスゥ!	2	一迅社:1 | 講談社:1	一迅社	講談社=[2]	[2]
ookami-san-wa-taberaretai	オオカミさんは食べられたい	2	星雲社:1 | 星雲社(発売):1	星雲社	星雲社(発売)=[2]	[2]
ore-dake-no-senzoku-alpha	俺だけの専属アルファ	2	三交社:1 | 三交社(発売):1	三交社	三交社(発売)=[2]	[2]
ore-no-pan	俺のパン	2	おかやま工房:1 | デザインエッグ:1	おかやま工房	デザインエッグ=[2]	[2]
otogibanashi-wa-owaranai	おとぎ話は終わらない	2	星雲社:1 | 星雲社(発売):1	星雲社	星雲社(発売)=[2]	[2]
otoshigo-to-juusha-no-monogatari	落とし子と従者の物語	2	星雲社:1 | 星雲社(発売):1	星雲社	星雲社(発売)=[2]	[2]
outcast	アウトキャスト	2	GrafficaNovels:1 | G-NOVELS:1	GrafficaNovels	G-NOVELS=[2]	[2]
perfect-planet	パーフェクトプラネット	2	ジュリアンパブリッシング:1 | Jパブリッシング:1	ジュリアンパブリッシング	Jパブリッシング=[2]	[2]
raikonen-no-nettaigyo	ライコネンの熱帯魚	2	秋田書店:1 | 徳間:1	秋田書店	徳間=[3]	[3]
reikan-shounen-no-file	霊感少年の事件簿	2	Bbmfマガジン:1 | 青泉社:1	Bbmfマガジン	青泉社=[2]	[2]
rinjou	臨場	2	日本文芸社:1 | 双葉社:1	日本文芸社	双葉社=[3]	[3]
rockman-maniax	ロックマンマニアックス	2	文苑堂:1 | 復刊ドットコム:1	文苑堂	復刊ドットコム=[3]	[3]
rockomanga	ROCKOMANGA!	2	リットーミュージック:1 | シンコーミュージック・エンタテイメント:1	リットーミュージック	シンコーミュージック・エンタテイメント=[2]	[2]
ryuu-to-ryuugoroshi-no-miko	龍と龍殺しの巫女	2	星雲社:1 | 星雲社(発売):1	星雲社	星雲社(発売)=[2]	[2]
saisei-gakkou	再生学校	2	一迅社:1 | 講談社:1	一迅社	講談社=[2]	[2]
sakuma-kun-to-taki-kun-kekkon-suru-rashiiyo	佐久間くんと多喜くん、結婚するらしいよ	2	星雲社:1 | 星雲社(発売):1	星雲社	星雲社(発売)=[2]	[2]
sanren-aruchizan	三連アルチザン	2	ブライト出版:1 | サイゾー:1	ブライト出版	サイゾー=[2]	[2]
sasaki-ore-wa-amaku-wa-nai-karana	佐々木、俺は甘くはないからな	2	星雲社:1 | 星雲社(発売):1	星雲社	星雲社(発売)=[2]	[2]
satore-miroku-chan	悟れ!弥勒ちゃん	2	一迅社:1 | 講談社:1	一迅社	講談社=[2]	[2]
sayonara-flower-petal	さよならフラワーペタル	2	日販アイ・ピー・エス(発売):1 | 日販アイ・ピー・エス:1	日販アイ・ピー・エス(発売)	日販アイ・ピー・エス=[2]	[2]
shinsetsu-sakamotsu-chan	新説!さかもっちゃん	2	少年画報社:1 | 集英社:1	少年画報社	集英社=[2]	[2]
shirou-kun-no-ichibanme	史郎くんのいちばんめ。	2	三交社(発売):1 | 三交社:1	三交社(発売)	三交社=[2]	[2]
shojo-ga-yakuza-ni-dekiai-dekiaisaretemasu	処女がヤクザに溺愛されてます!	2	大都社(発売):1 | 大都社:1	大都社(発売)	大都社=[2]	[2]
shougakusei-dansui-no-torisetsu	小学生男子のトリセツ	2	扶桑社:1 | マガジンハウス:1	扶桑社	マガジンハウス=[2]	[2]
sui-gattsuo	翠▼▼▼gazzo	2	ジュリアン:1 | ジュリアンパブリッシング:1	ジュリアン	ジュリアンパブリッシング=[2]	[2]
tabetai-anata	たべたいあなた	2	星雲社(発売):1 | 星雲社:1	星雲社(発売)	星雲社=[4]	[4]
taichou-san-to-akutoresu-ssu	隊長さんとアクトレスっす	2	メディアパル(発売):1 | メディアパル:1	メディアパル(発売)	メディアパル=[2]	[2]
taishou-karisomekon	大正仮初婚	2	秋水社(発行元):1 | 青泉社:1	秋水社(発行元)	青泉社=[2]	[2]
takada-kun-wa-hajimete-ga-osuki	鷹田くんはハジメテがお好き	2	三交社:1 | 三交社(発売):1	三交社	三交社(発売)=[2]	[2]
toshishita-kareshi-no-love-kanriheki	年下彼氏の恋愛管理癖	2	竹書房:1 | リブレ:1	竹書房	リブレ=[2]	[2]
tsubakikan-no-utsukushisugiru-gyaruson	椿館の美しすぎるギャルソン	2	ソフトバンククリエイティブ:1 | ほるぷ出版:1	ソフトバンククリエイティブ	ほるぷ出版=[2]	[2]
tsugi-hagi-nightmare	つぎ☆はぎナイトメア	2	一迅社:1 | 講談社:1	一迅社	講談社=[2]	[2]
tsuyabanashi-sakaba-otakubaa	艶話酒場オタクバー	2	ぶんか社:1 | 楽楽出版:1	ぶんか社	楽楽出版=[2]	[2]
ukiyo-hatsukoi-emaki	浮世初恋絵巻	2	宙出版:1 | ジャイブ:1	宙出版	ジャイブ=[2]	[2]
ukkari-haitchatta-itoko-to-mitchaku-geemuchuu	うっかり入っちゃった!従姉妹と密着ゲーム中	2	トライアングル・フォース:1 | ジーウォーク:1	トライアングル・フォース	ジーウォーク=[2]	[2]
watashi-no-ani-wa-hito-o-ayamemashita	私の兄は人を殺めました	2	ジャイブ:1 | ジャイブ(発売):1	ジャイブ	ジャイブ(発売)=[2]	[2]
wotaku-shojo-wa-koi-ni-bukiyou	オタク処女は恋に不器用	2	大都社(発売):1 | 大都社:1	大都社(発売)	大都社=[2]	[2]
yatterman	ヤッターマン	2	講談社:1 | 小学館:1	講談社	小学館=[2]	[2]
yume-genji-tsurugi-no-saimon	夢源氏剣祭文	2	小池書院:1 | KADOKAWA:1	小池書院	KADOKAWA=[2]	[2]
yuriyuri	ゆりゆり	2	一迅社:1 | 講談社:1	一迅社	講談社=[2]	[2]
zenryaku-onii-chan-wa-seijo-ni-narimashita	前略、お兄ちゃんは聖女になりました。	2	星雲社(発売):1 | 星雲社:1	星雲社(発売)	星雲社=[3]	[3]
zombie-ga-shitaitsu	ゾンビがしたいっ!	2	リブレ出版:1 | リブレ:1	リブレ出版	リブレ=[2]	[2]
