slug	title	std_vols	covered	missing	covered_pct	gap_start_vol	type	missing_volumes	missing_isbns
rekka-no-honoo	烈火の炎	33	32	1	97	33	北斗型	33	9784099410742
shouta-no-sushi	将太の寿司	28	27	1	96	29	北斗型	29	
hokuto-no-ken	北斗の拳	30	27	3	90	28	北斗型	28,29,30	9784107700964,9784107701008,9784107701114
shin-kootaroo-makaritooru	新・コータローまかりとおる!	27	26	1	96	27	北斗型	27	9784063129458
sanshirou-no-jijou	三四郎²	20	19	1	95	20	北斗型	20	9784253052733
hana-no-deka	花の慶次	19	18	1	95	20	北斗型	20	9784107700902
otoyan	音やん	17	16	1	94	19	北斗型	19	
uanpaia-game	吸血遊戯	15	14	1	93	15	北斗型	15	9784403617782
cobra-1995	Cobra	13	12	1	92	15	北斗型	15	9784040675268
mesu-yo-kagayake	メスよ輝け!!	15	12	3	80	13	北斗型	13,14,15	9784834283938,9784834283945,9784834283952
tokyo-juliet	東京ジュリエット	13	12	1	92	13	北斗型	13	9784091377234
shouwa-genroku-rakugo-shinjuu	昭和元禄落語心中	19	10	9	53	11	北斗型	11,12,13,14,16,17,18,19,20	
the-last-man	ラストマン	12	10	2	83	11	北斗型	11,12	9784063369311,9784063369403
rasen-no-kakera	螺旋のかけら	10	9	1	90	10	北斗型	10	9784403614873
b-t-x-1999	B'T X-ビート・エックス-	11	8	3	73	13	北斗型	13,14,15	9784047132696,9784047132849,9784047133020
josanin-e-oideyo	助産院へおいでよ	10	8	2	80	9	北斗型	9,10	9784063190083,9784063190311
juuou-bio	獣王バイオ	9	8	1	89	9	北斗型	9	9784253041966
perman	パーマン	12	7	5	58	8	北斗型	8,9,10,11,12	9784124101829,9784124101942,9784124102024,9784124102062
perman-fujiko-1979	パーマン	11	7	4	64	8	北斗型	8,9,10,12	9784124101829,9784124101942,9784124102062
shin-gal-boy	新ギャルボーイ!	10	7	3	70	8	北斗型	8,9,10	9784063190045,9784063190250,9784063190281
tenshi-no-uta	天使の唄	9	7	2	78	8	北斗型	8,9	9784063411355,9784063411485
esprit	エスプリト	8	7	1	88	8	北斗型	8	9784861278587
someday	SOMEDAY	8	7	1	88	8	北斗型	8	9784091521880
tachibana-kiku-no-amaeta-kankei	立花菊の甘えた関係	8	7	1	88	8	北斗型	8	9784063259292
seiden-rg-veeda	聖伝 RG VEDA	8	6	2	75	8	北斗型	8,10	9784403613500,9784403614163
love-god	Love god	9	6	3	67	7	北斗型	7,8,9	9784063369328,9784063369540,9784063369656
amaenaideyotsu	あまえないでよっ!!	7	6	1	86	7	北斗型	7	9784847035913
crossroad	crossroad	7	6	1	86	7	北斗型	7	9784253192972
goumaden-shuten-douji	降魔伝 手天童子	7	6	1	86	7	北斗型	7	9784253230698
kagemusha-tokugawa-ieyasu	影武者徳川家康	7	6	1	86	7	北斗型	7	9784107701299
shinsei-motemote-oukoku	神聖モテモテ王国	7	6	1	86	7	北斗型	7	9784090060687
date-masamune	伊達政宗	8	5	3	62	6	北斗型	6,7,8	9784061043459,9784061043466,9784061043473
ryouma-e	龍馬へ	7	5	2	71	6	北斗型	6,7	9784063129519,9784063129854
shiro-no-jouken	白の条件	7	5	2	71	6	北斗型	6,7	9784063274134,9784063274219
sore-wa-enokida	それはエノキダ!	7	5	2	71	6	北斗型	6,7	9784063374681,9784063374698
behind-master	BEHIND MASTER	6	5	1	83	6	北斗型	6	9784757515581
gouhou-lilac	豪放ライラック	6	5	1	83	6	北斗型	6	9784847036002
koizumi-san-no-katei-no-jijou	小泉さんちの「家庭の事情」	6	5	1	83	6	北斗型	6	9784088470054
onna-daitarou	女大太郎	6	5	1	83	6	北斗型	6	9784063129861
sangokushi-yamasaki-2005	さんごくし	6	5	1	83	6	北斗型	6	9784253208369
ryuutei-no-mon	竜蹄の門	5	4	1	80	6	北斗型	6	9784845858262
shin-obake-no-qtarou	新オバケのQ太郎	7	4	3	57	5	北斗型	5,6,7	9784124102468,9784124102505,9784124102543
sweet-10	スイート10	7	4	3	57	5	北斗型	5,6,7	9784063259360,9784063259476,9784063259650
teppen-1993	てっぺん	7	4	3	57	5	北斗型	5,6,7	9784063274851,9784063274905,9784063274950
boys-be-l-co-op	Boys be…L co-op	6	4	2	67	5	北斗型	5,6	9784063129601,9784063129878
bussen	ぶっせん	6	4	2	67	5	北斗型	5,6	9784063374667,9784063374735
abinai-doumei	あBない同盟	5	4	1	80	5	北斗型	5	9784061761407
bakumatsu-fuuunroku-makoto	幕末風雲録誠	5	4	1	80	5	北斗型	5	9784063129885
boukyaku-no-cradle	忘却のクレイドル	5	4	1	80	5	北斗型	5	9784861278655
dr-kou	Dr.汞	5	4	1	80	5	北斗型	5	9784063369847
hakka-shoujo	薄花少女	5	4	1	80	5	北斗型	5	
hip-ni-rori-pop	Hipにロリポップ	5	4	1	80	5	北斗型	5	9784061764224
kurogane	黒鉄	5	4	1	80	5	北斗型	5	9784063380224
lion-wada-2002	リオン	5	4	1	80	5	北斗型	5	9784063491586
lost-virgin-project	ロスト・ヴァージン・プロジェクト	5	4	1	80	5	北斗型	5	9784063411416
nishimuku-samurai	にしむく士	5	4	1	80	5	北斗型	5	9784063190151
pachinko-bakuretsu-musume	パチンコバクレツ娘	5	4	1	80	5	北斗型	5	
puroresu-akuyaku-series	プロレス悪役シリーズ	5	4	1	80	5	北斗型	5	
renaiteki-shunkan	恋愛的瞬間	5	4	1	80	5	北斗型	5	9784088470085
sutegataki-hitobito	捨てがたき人々	5	4	1	80	5	北斗型	5	
yokubou-to-koi-no-meguri	欲望と恋のめぐり	5	4	1	80	5	北斗型	5	9784091590145
yunbo-kun	ゆんぼくん	5	4	1	80	5	北斗型	5	
mazin-saga-nagai	魔神サーガ	4	3	1	75	6	北斗型	6	9784594025731
pilot-a	パイロットA	4	3	1	75	5	北斗型	5	
full-kon	フル・コン	6	3	3	50	4	北斗型	4,5,6	9784861762758,9784861763205,9784861763809
houjou-tokimune	北条時宗	6	3	3	50	4	北斗型	4,5,6	9784063343960,9784063344264,9784063344592
the-big-o	THEビッグオー	6	3	3	50	4	北斗型	4,5,6	9784063490473,9784063490657,9784063490794
yameru-monkatsu	やめるもんかっ!	6	3	3	50	4	北斗型	4,5,6	9784063190069,9784063190168,9784063190205
ex-shounen-hyouryuu	EX～少年漂流～	5	3	2	60	4	北斗型	4,5	9784063129717,9784063130386
fuuun-san-shimai-lin3	風雲三姉妹LIN3	5	3	2	60	4	北斗型	4,5	9784063490596,9784063490756
inochi-kurenai-no-shugoshin	命～紅の守護神～	5	3	2	60	4	北斗型	4,5	9784063123555,9784063123890
kishin	機神	5	3	2	60	4	北斗型	4,5	9784063490527,9784063490695
mouretsusensei	もうれつ先生	5	3	2	60	4	北斗型	4,5	
ragukomi	ラグこみ!	5	3	2	60	4	北斗型	4,5	9784861762628,9784861762802
salaryman-senka	サラリーマン専科	5	3	2	60	4	北斗型	4,5	9784061765856,9784061765870
x-man	Xマン	5	3	2	60	4	北斗型	4,5	
decapolice	デカポリス	4	3	1	75	4	北斗型	4	9784253058889
guardian-dog	ガーディアン・ドッグ	4	3	1	75	4	北斗型	4	9784861762567
junjou-buriki-kan	純情ブリキCAN	4	3	1	75	4	北斗型	4	9784061761766
kaze-no-runner	彩風のランナー	4	3	1	75	4	北斗型	4	9784091690746
kokuran	黒蘭	4	3	1	75	4	北斗型	4	9784047135253
kuusou-kagaku-taisen	空想科学大戦	4	3	1	75	4	北斗型	4	9784789717250
miracle-1992	MIRACLE	4	3	1	75	4	北斗型	4	
mobile-shinseiki-gundam-ekkusu	機動新世紀ガンダムX	4	3	1	75	4	北斗型	4	9784047138704
mobile-suit-gundam-uchuu-no-ixtab	機動戦士ガンダム宇宙のイシュタム	4	3	1	75	4	北斗型	4	9784047136922
owaru-koi-ja-needaro	終わる恋じゃねぇだろ	4	3	1	75	4	北斗型	4	9784063028461
piikan-gerira	ぴーかんゲリラ	4	3	1	75	4	北斗型	4	9784061762602
raijin	雷神	4	3	1	75	4	北斗型	4	9784063129663
shin-mobile-senki-gundam-wing-1996-3	新機動戦記ガンダムW	4	3	1	75	4	北斗型	4	9784056012941
shounen-tanteidan	少年探偵団	4	3	1	75	4	北斗型	4	
strange-academy	ストレンジ・アカデミー	4	3	1	75	4	北斗型	4	
tenshi-ni-naritai	天使になりたい	4	3	1	75	4	北斗型	4	9784063412352
tetsu-kiba	鉄騎馬	4	3	1	75	4	北斗型	4	9784091522481
yami-ni-naku-oni	闇に哭く鬼	4	3	1	75	4	北斗型	4	9784253096270
botsu-chan-no-jidai	『坊っちゃん』の時代	3	2	1	67	5	北斗型	5	9784575935233
higurashi-no-naku-koro-ni-himatsubushihen	ひぐらしのなく頃に 暇潰し編	3	2	1	67	4	北斗型	4	9784757525573
genma-taisen	幻魔大戦	4	2	2	50	3	北斗型	3,4	
ichinen-c-gumi-kyoufu-kaigi	1年C組恐怖会議	4	2	2	50	3	北斗型	3,4	9784063122862,9784063123609
kijima-nikki	木島日記	4	2	2	50	3	北斗型	3,4	9784048535533,9784048536097
koisuru-kachou-minami-sakiko	恋する課長南咲子	4	2	2	50	3	北斗型	3,4	9784063259339,9784063259452
milk-closet	ミルククローゼット	4	2	2	50	3	北斗型	3,4	9784063142709,9784063142792
navagraha	ナヴァグラハ	4	2	2	50	3	北斗型	3,4	9784065182642,9784065182659
orange-delivery	オレンジでりばりぃ	4	2	2	50	3	北斗型	3,4	9784861762109,9784861762840
riman-gambler-mouse	リーマンギャンブラーマウス	4	2	2	50	3	北斗型	3,4	9784063287646,9784063287844
seton	シートン	4	2	2	50	3	北斗型	3,4	9784575940251,9784575941517
susume-dai2-shounen-kouka-gakkou	突撃め!第二少年工科学校	4	2	2	50	3	北斗型	3,4	9784063129625,9784063129892
tengoku-eno-kaidan-2004	天国への階段	4	2	2	50	3	北斗型	3,4	9784063348842,9784063348910
alabaster	アラバスター	3	2	1	67	3	北斗型	3	
anan-no-hoshi	アナンの地球	3	2	1	67	3	北斗型	3	9784253079532
blaze	ブレイズ	3	2	1	67	3	北斗型	3	9784253091718
botamochi-o-sagashite	ボタモチを探して!	3	2	1	67	3	北斗型	3	9784091373335
bukkomi-no-taku	特攻の拓	3	2	1	67	3	北斗型	3	9784063243161
bura-samurai	無頼侍	3	2	1	67	3	北斗型	3	9784757731141
crush-gear-n	クラッシュギアNitro	3	2	1	67	3	北斗型	3	9784063239966
dengeki-tenjikaazu	電撃テンジカーズ	3	2	1	67	3	北斗型	3	9784048703383
dino2	Dino²	3	2	1	67	3	北斗型	3	9784063348828
fuurin-kazan	風林火嶄	3	2	1	67	3	北斗型	3	9784063211221
hack-tasogare-no-udewa-densetsu	.hack//黄昏の腕輪伝説	3	2	1	67	3	北斗型	3	9784047135994
higurashi-no-naku-koro-ni-tatarikoroshihen	ひぐらしのなく頃に 祟殺し編	3	2	1	67	3	北斗型	3	9784757525580
hokuto-chan-no-nanatsuboshi	北斗ちゃんの七つ星	3	2	1	67	3	北斗型	3	9784861768446
itsumo-kokoro-ni-taiyou-o	いつも心に太陽を	3	2	1	67	3	北斗型	3	9784061764255
j-no-subete	Jの総て	3	2	1	67	3	北斗型	3	9784778320096
kankyou-hogotai-mottai-9	環境保護隊モッタイ9	3	2	1	67	3	北斗型	3	9784593856992
kazoku-no-okite	家族のオキテ	3	2	1	67	3	北斗型	3	9784253201148
koukenryoku-ouryou-sousakan-nakabou-rintarou	公権力横領捜査官中坊林太郎	3	2	1	67	3	北斗型	3	9784107701947
loose	Loose	3	2	1	67	3	北斗型	3	9784088470092
majime-kanojo	マジメ彼女	3	2	1	67	3	北斗型	3	9784575843866
maken-x-another	魔剣X ANOTHER	3	2	1	67	3	北斗型	3	9784063490763
makyou-gakuen-fuuunki-half-ando-half	魔境学園風雲記ハーフ＆ハーフ	3	2	1	67	3	北斗型	3	9784047134195
merry-go-round	メリーゴーランド	3	2	1	67	3	北斗型	3	9784061788183
na-mo-naki-tori-no-tobu-yoake	名も無き鳥の飛ぶ夜明け	3	2	1	67	3	北斗型	3	9784048537315
nanpaya-ken	ナンパ屋★KEN	3	2	1	67	3	北斗型	3	9784253145244
popokan	ポポ缶	3	2	1	67	3	北斗型	3	9784840229234
princess-ai	Princess Ai	3	2	1	67	3	北斗型	3	9784403618079
puchipuchi	プチプチ	3	2	1	67	3	北斗型	3	9784757510005
ra-seenu-no-hoshi	ラ・セーヌの星	3	2	1	67	3	北斗型	3	
rockman-megamix	ロックマンメガミックス	3	2	1	67	3	北斗型	3	9784757713918
sekirara-love-life	セキララLOVE LIFE	3	2	1	67	3	北斗型	3	9784063337921
shin-mobile-senki-gundam-daburyuu	新機動戦記ガンダムW	3	2	1	67	3	北斗型	3	9784056012538
shiranami	Shiranami	3	2	1	67	3	北斗型	3	9784403615870
sono-shichi-no-mono	其の七の者	3	2	1	67	3	北斗型	3	9784063337709
stand-by-miiche	STAND☆BYみーちぇ!!	3	2	1	67	3	北斗型	3	9784063490770
stray-little-devil	STRAY LITTLE DEVIL	3	2	1	67	3	北斗型	3	9784840233682
teiou-eno-michi	帝王への道	3	2	1	67	3	北斗型	3	9784063337945
tenshi-no-matsuei	てんしの末裔	3	2	1	67	3	北斗型	3	9784832275669
thirty-girl	サーティーガール	3	2	1	67	3	北斗型	3	9784592142331
thomas-no-shinzou	トーマの心臓	3	2	1	67	3	北斗型	3	
tokko	TOKKO	3	2	1	67	3	北斗型	3	9784063348750
tokyo-battle	東京バトル	3	2	1	67	3	北斗型	3	9784861762970
train-train-2002	トレイン・トレイン	3	2	1	67	3	北斗型	3	9784403617874
trouble-maker-2002	トラブルメイカー	3	2	1	67	3	北斗型	3	9784877348120
usa	USA	3	2	1	67	3	北斗型	3	9784048679695
working-musume	ワーキング娘。	3	2	1	67	3	北斗型	3	9784061789647
zenmai-jikake-no-teina	ぜんまいじかけのティナ	3	2	1	67	3	北斗型	3	9784061789715
saitou-takawo-no-taifuu-gorou	さいとう・たかを'S台風五郎	2	1	1	50	18	北斗型	18	
otonashi-genjuu	音無し幻十	2	1	1	50	10	北斗型	10	9784845839575
canon-2023	カノン	2	1	1	50	8	北斗型	8	
tokyo-mafia	東京魔悲夜	2	1	1	50	6	北斗型	6	
yume-camera	夢カメラ	2	1	1	50	5	北斗型	5	
kozame-kaikyou	虎鮫海峡	2	1	1	50	4	北斗型	4	9784253102278
tange-sazen	丹下左膳	2	1	1	50	4	北斗型	4	
tokyo-babylon	東京BABYLON	2	1	1	50	4	北斗型	4	9784403612824
gandharva	ガンダルヴァ	2	1	1	50	3	北斗型	3	9784309728445
kaina	腕	2	1	1	50	3	北斗型	3	9784845846238
little-butterfly	リトル・バタフライ	2	1	1	50	3	北斗型	3	9784877243395
milky-way	ミルキーウェイ	2	1	1	50	3	北斗型	3	
mizushina-takayuki-no-mizu-cinema	みずしな孝之のミズシネマ	2	1	1	50	3	北斗型	3	9784087821581
oppai-no-tatsujin	おっぱいの達人	2	1	1	50	3	北斗型	3	9784877553067
ryoushite-sourou	料して候	2	1	1	50	3	北斗型	3	9784862254450
shinkuu-yuusetsu	真空融接	2	1	1	50	3	北斗型	3	9784757733169
soba-ni-oideyo	そばにおいでよ	2	1	1	50	3	北斗型	3	9784063274370
toriyama-akira-marusaku-gekijou-aratame	鳥山明○作劇場「改」	2	1	1	50	3	北斗型	3	9784081066926
10-2016	10	2	1	1	50	2	北斗型	2	
1549-jieitai-1549	戦国自衛隊1549	2	1	1	50	2	北斗型	2	9784047137707
arashi-no-hatoba	嵐の波止場	2	1	1	50	2	北斗型	2	
asterisk-akaishi-1992	アスターリスク	2	1	1	50	2	北斗型	2	9784091343420
attack-on	アタック☆オン	2	1	1	50	2	北斗型	2	9784091364951
beddononakadeshinitaino	ベッドの中で死にたいの	2	1	1	50	2	北斗型	2	
bokutachi-no-sotsugyou	ぼくたちの卒業	2	1	1	50	2	北斗型	2	9784091368850
bomber-girl	Bomber girl	2	1	1	50	2	北斗型	2	9784785921941
bukatsudou	部活動	2	1	1	50	2	北斗型	2	9784861272509
butouden-hikaru	舞闘伝火華流	2	1	1	50	2	北斗型	2	9784861762123
captain-ultra	キャプテンウルトラ	2	1	1	50	2	北斗型	2	
cecilia-doors	セシリア・ドアーズ	2	1	1	50	2	北斗型	2	9784403614354
charenjaa-aaa	挑戦者AAA	2	1	1	50	2	北斗型	2	
chikaranoarika	力の在り処	2	1	1	50	2	北斗型	2	
choushuu-faibu	長州ファイブ	2	1	1	50	2	北斗型	2	9784757746022
colorful-joker	虹色JOKER	2	1	1	50	2	北斗型	2	9784592178972
domestic	ドメスティック	2	1	1	50	2	北斗型	2	9784832230361
dream-walker-riona	ドリーム・ウォーカーRiona	2	1	1	50	2	北斗型	2	9784091362759
f1-guranpuri-tengoku	F1グランプリ天国	2	1	1	50	2	北斗型	2	9784575933895
flower-festival	フラワー・フェスティバル	2	1	1	50	2	北斗型	2	9784091720825
fugurumakan-raihouki	文車館来訪記	2	1	1	50	2	北斗型	2	
fushigi-na-melmo	ふしぎなメルモ	2	1	1	50	2	北斗型	2	9784097273325
gakkou-no-kaidan-koga-1994	学校の怪談	2	1	1	50	2	北斗型	2	9784253128131
gakuen-kaitou-triangle	学園快盗トライアングル	2	1	1	50	2	北斗型	2	9784091344922
game	Game	2	1	1	50	2	北斗型	2	9784253095020
genocide	ジェノサイド	2	1	1	50	2	北斗型	2	
girls-cuvie-2003	Girls	2	1	1	50	2	北斗型	2	9784894527560
glory-road	グローリーロード	2	1	1	50	2	北斗型	2	9784861278488
gokudoukishu	極道騎手	2	1	1	50	2	北斗型	2	
gokuraku-shinshi	ごくらく紳士	2	1	1	50	2	北斗型	2	
green-veil	グリーン・ベール	2	1	1	50	2	北斗型	2	9784253077767
h-ash	H-アッシュ	2	1	1	50	2	北斗型	2	9784091357922
hakuouki-junrenka	薄桜鬼巡恋華	2	1	1	50	2	北斗型	2	9784048689847
half-court	ハーフコート	2	1	1	50	2	北斗型	2	9784063122183
hana-to-arashi-to	華と嵐と	2	1	1	50	2	北斗型	2	9784063028775
hashire-gabacho	走れガバチョ!	2	1	1	50	2	北斗型	2	9784063287738
high-school-rainy	ハイスクールレイニー	2	1	1	50	2	北斗型	2	9784048863353
hikou-shounen	飛行×少年	2	1	1	50	2	北斗型	2	9784403615115
hone-no-saki	骨の尖	2	1	1	50	2	北斗型	2	
hyakuoku-no-hiru-to-senoku-no-yoru	百億の昼と千億の夜	2	1	1	50	2	北斗型	2	
ishioka-kazumi-no-file	石岡和己の事件簿	2	1	1	50	2	北斗型	2	9784562032723
janus-no-kagami	ヤヌスの鏡	2	1	1	50	2	北斗型	2	
jidankoushouninemu	示談交渉人M	2	1	1	50	2	北斗型	2	
jigoku-no-dokudokuhime	地獄のどくどく姫	2	1	1	50	2	北斗型	2	
jinsei-wa-barairo-da	人生はバラ色だ。	2	1	1	50	2	北斗型	2	9784756713018
jitsuroku-otokotachi-no-ura-chousa-fairu	実録!男たちの〔○裏〕調査ファイル	2	1	1	50	2	北斗型	2	9784773096422
junkin-no-douwa	純金の童話	2	1	1	50	2	北斗型	2	9784253076944
kannou-gekiga-daizenshuu	官能劇画大全集	2	1	1	50	2	北斗型	2	9784944154340
kanojo-no-kare	彼女の彼	2	1	1	50	2	北斗型	2	9784061066861
kattobi-nyuuyookaa	かっとびニューヨーカー	2	1	1	50	2	北斗型	2	9784063027846
kaze-o-kiku-iu	風を聴くイヴ	2	1	1	50	2	北斗型	2	9784091370129
kendama	拳魂	2	1	1	50	2	北斗型	2	9784253202640
kin-no-prism	金のプリズム	2	1	1	50	2	北斗型	2	9784091367259
kindan-no-kajitsu	禁断の果実	2	1	1	50	2	北斗型	2	9784575331950
kishiwada-shounen-gurentai	岸和田少年愚連隊	2	1	1	50	2	北斗型	2	9784862254504
knife	Knife	2	1	1	50	2	北斗型	2	
koisuru-houseki-monogatari	恋する宝石物語	2	1	1	50	2	北斗型	2	9784063412376
konnichiwa-aka-chan	こんにちは赤ちゃん	2	1	1	50	2	北斗型	2	9784063177831
kotton-200-paasento	コットン200％	2	1	1	50	2	北斗型	2	9784091364852
koukoku-no-tate	興国の楯	2	1	1	50	2	北斗型	2	9784056045253
kugutsu-hard-link	傀儡HARD LINK	2	1	1	50	2	北斗型	2	9784403618598
kuranoa	クラノア	2	1	1	50	2	北斗型	2	9784048706230
lettuce-to-ken	レタスと剣	2	1	1	50	2	北斗型	2	9784091330321
lucifer	ルシフェル	2	1	1	50	2	北斗型	2	9784063175660
mabui-no-kotowari	マブイノコトワリ	2	1	1	50	2	北斗型	2	9784847035906
mahou-no-stage-fancy-lala	魔法のステージファンシーララ	2	1	1	50	2	北斗型	2	9784088561172
mainichi-ga-nichiyoubi	毎日が日曜日	2	1	1	50	2	北斗型	2	9784575815313
makanai-komusume	まかないこむすめ	2	1	1	50	2	北斗型	2	9784048679831
maria-ppoino	マリアっぽいの!	2	1	1	50	2	北斗型	2	9784061789616
marie-ni-ote	マリエにお手!	2	1	1	50	2	北斗型	2	9784091398024
maromayu	まろまゆ	2	1	1	50	2	北斗型	2	9784048672474
marx-girl	マルクスガール	2	1	1	50	2	北斗型	2	9784253146180
meirei-kuchou-no-kuchibiru-de	命令口調の唇で	2	1	1	50	2	北斗型	2	9784756714114
mifukkoku-sf-sakuhinshuu	未復刻SF作品集	2	1	1	50	2	北斗型	2	
minna-no-doubutsuen	みんなの動物園	2	1	1	50	2	北斗型	2	9784253162821
mobile-suit-bui-gundam	機動戦士Vガンダム	2	1	1	50	2	北斗型	2	
monroe-densetsu	モンロー伝説	2	1	1	50	2	北斗型	2	9784396761523
mori-ni-sumu-hitobito	森にすむ人々	2	1	1	50	2	北斗型	2	9784253076029
motto-oishii-kekkon	もっとおいしい結婚	2	1	1	50	2	北斗型	2	9784063256147
mushimaro	むしまろ!	2	1	1	50	2	北斗型	2	9784063129533
muteki-no-scandal	無敵のスキャンダル	2	1	1	50	2	北斗型	2	9784088488981
muv-luv-unlimited	マブラヴアンリミテッド	2	1	1	50	2	北斗型	2	9784840233699
nee-honey-shiranaino	ねぇ、honey知らないの?	2	1	1	50	2	北斗型	2	9784063259445
niaizu	ニァイズ	2	1	1	50	2	北斗型	2	
nijiiro-no-doa	虹色のドア	2	1	1	50	2	北斗型	2	9784088470016
nippon-no-mimei	ニッポンの未明	2	1	1	50	2	北斗型	2	9784594046781
noubaku-wotaku-daitouryou	濃爆おたく大統領	2	1	1	50	2	北斗型	2	9784063491661
oaji-wa-doo	お味はDO!?	2	1	1	50	2	北斗型	2	9784063335132
oedo-yami-hikyaku	大江戸闇飛脚	2	1	1	50	2	北斗型	2	9784845858736
okaa-sama	おかあさま	2	1	1	50	2	北斗型	2	9784834281958
omatsuri-ryourinin-saitama-yumeichi	お祭り料理人さいたま夢一	2	1	1	50	2	北斗型	2	9784048866170
omoikkiri-etchi-na-koi	思いっきりHな恋	2	1	1	50	2	北斗型	2	9784063411218
omoikkiri-nakeru-koi	思いっきり泣ける恋	2	1	1	50	2	北斗型	2	9784063411225
oya-ni-ha-naisho	親にはナイショ	2	1	1	50	2	北斗型	2	9784091360922
petanko-nurse	ぺたんこナース	2	1	1	50	2	北斗型	2	9784408169583
pipin-to-pinto	ピピンとピント☆	2	1	1	50	2	北斗型	2	
puchipuchi-rabii	ぷちぷちラビィ	2	1	1	50	2	北斗型	2	9784063369571
renaissance	ルネッサンス	2	1	1	50	2	北斗型	2	9784091721228
ryuukotsu	龍骨	2	1	1	50	2	北斗型	2	
sanchoume-no-mahoutsukai	三丁目の魔法使い	2	1	1	50	2	北斗型	2	9784048864480
sarutobi-sasuke-1995	猿飛佐助	2	1	1	50	2	北斗型	2	
senjutsushi-to-saiyaku-no-tsubo	仙術師と災厄の壺	2	1	1	50	2	北斗型	2	9784403618192
serafikku-feather-irasutoreeshonzu	セラフィック・フェザーイラストレーションズ	2	1	1	50	2	北斗型	2	
seven-colors-girl	なな色☆GIRL	2	1	1	50	2	北斗型	2	9784091368829
shiawase-na-gokai	幸せな誤解	2	1	1	50	2	北斗型	2	9784596950291
shin-kazoku-keikaku	新家族計画	2	1	1	50	2	北斗型	2	9784872336429
shinyuuroku	新友録	2	1	1	50	2	北斗型	2	9784088615868
shosen-toppa	書戦突破!	2	1	1	50	2	北斗型	2	9784048866194
shounen-rocket	少年ロケット	2	1	1	50	2	北斗型	2	9784048863384
sora-eno-tegami	空への手紙	2	1	1	50	2	北斗型	2	9784863711341
souzokunin-tomoko	相続人トモコ	2	1	1	50	2	北斗型	2	9784253143639
step-mother	Stepマザー	2	1	1	50	2	北斗型	2	9784796297400
suit-bankou	千紫萬紅	2	1	1	50	2	北斗型	2	
tanoshii-shinsengumi	たのしい新選組	2	1	1	50	2	北斗型	2	9784861762611
tatakae-okaa-san	たたかえ!お母さん	2	1	1	50	2	北斗型	2	9784828855660
tea-time	ティー❤タイム	2	1	1	50	2	北斗型	2	
teens	てぃーんず	2	1	1	50	2	北斗型	2	9784061066687
tengai-no-charon	天涯のカロン	2	1	1	50	2	北斗型	2	9798378547678
to-heart-4-koma-manga-gekijou	To heart4コママンガ劇場	2	1	1	50	2	北斗型	2	
togi-hime-zoushi-no-ni-kobyoubu	伽姫草子之弐小屏風	2	1	1	50	2	北斗型	2	
vanilla	ヴァニラ	2	1	1	50	2	北斗型	2	9784403660146
venus-party	ヴィーナス・パーティー	2	1	1	50	2	北斗型	2	9784396760168
vitamin-z	Vitamin Z	2	1	1	50	2	北斗型	2	9784048703994
wonder-world	わんだ～・わ～るど	2	1	1	50	2	北斗型	2	9784061787285
yoshimoto-muchikko-monogatari	ヨシモトムチッ子物語	2	1	1	50	2	北斗型	2	9784091494924
yotchi-no-hon	よっちの本	2	1	1	50	2	北斗型	2	9784908494079
youkiden	妖奇伝	2	1	1	50	2	北斗型	2	
zig-zag-2000	ZIG×ZAG	2	1	1	50	2	北斗型	2	9784063412406
juudousanka	柔道讃歌	16	6	10	38	7	vol1偏	7,8,9,10,11,12,13,14,15,16	
the-idolm-ster-cinderella-girls-u149	THE IDOLM@STER CINDERELLA GIRLS U149	15	5	10	33	6	vol1偏	6,7,8,9,10,11,12,13,14,15	
matenrou	摩天楼	13	5	8	38	6	vol1偏	6,7,8,10,11,12,13,14	
chousen-shikaku	挑戦資格	7	3	4	43	6	vol1偏	6,7,8,9	
x-men	X-MEN	7	3	4	43	6	vol1偏	6,9,12,13	9784796840064,9784796840095,9784796840125,9784796840132
the-idolm-ster-cinderella-girls-after20	THE IDOLM@STER CINDERELLA GIRLS After20	13	3	10	23	4	vol1偏	4,5,6,7,8,9,10,11,12,13	
nijiiro-no-trotsky	虹色のトロツキー	8	3	5	38	4	vol1偏	4,5,6,7,8	9784267902659,9784267902840,9784267902925,9784267902956,9784267902994
hana-no-uta	花のうた	7	3	4	43	4	vol1偏	4,5,6,7	9784063287479,9784063287585,9784063287745,9784063287905
nanairo-kamen	七色仮面	7	3	4	43	4	vol1偏	4,5,6,7	
devil-17	デビル17	6	2	4	33	3	vol1偏	3,4,5,6	9784047124158,9784047124325,9784047124424,9784047124479
real-bout-high-school	リアルバウトハイスクール	6	2	4	33	3	vol1偏	3,4,5,6	9784047122581,9784047122833,9784047123106,9784047123427
brafman	ブラフマン	5	2	3	40	3	vol1偏	3,4,5	9784861762482,9784861763090,9784861763632
galaxy-angel	ギャラクシーエンジェル	5	2	3	40	3	vol1偏	3,4,5	9784047123236,9784047123465,9784047123618
rasenjikake-no-umi	螺旋じかけの海	5	2	3	40	3	vol1偏	3,4,5	
yatsupa-ahoogan-yo	やっぱ!アホーガンよ	5	2	3	40	3	vol1偏	3,4,6	
show-chan-no-bouken	正チャンの冒険	3	1	2	33	5	vol1偏	5,6	
kikou-kiden-hiwou-senki	機巧奇伝ヒヲウ戦記	3	1	2	33	3	vol1偏	3,4	9784063490534,9784063490718
purodeyuusaa-ni-naritai	プロデューサーになりたい	3	1	2	33	3	vol1偏	3,4	9784063373066,9784063373233
yuushun-no-mon	優駿の門	33	1	32	3	2	vol1偏	2,3,4,5,6,7,8,9,10,11,12,13,14,15,16,17,18,19,20,21,22,23,24,25,26,27,28,29,30,31,32,33	9784253053983,9784253053990,9784253054003,9784253054010,9784253054027,9784253054034,9784253054669,9784253054676,9784253054683,9784253054690,9784253054706,9784253054713,9784253054720,9784253054737,9784253055048,9784253055055,9784253055062,9784253055079,9784253055086,9784253055093,9784253055109,9784253055277,9784253055284,9784253055291,9784253055307,9784253055499,9784253055505,9784253058612,9784253058629,9784253058636,9784253058643,9784253058650
full-ahead-koko	フルアヘッド!ココ	29	1	28	3	2	vol1偏	2,3,4,5,6,7,8,9,10,11,12,13,14,15,16,17,18,19,20,21,22,23,24,25,26,27,28,29	9784253056267,9784253056274,9784253056281,9784253056298,9784253056304,9784253056311,9784253056328,9784253056335,9784253056342,9784253056359,9784253056366,9784253056373,9784253056380,9784253056397,9784253056403,9784253056410,9784253056427,9784253056434,9784253056441,9784253056458,9784253056465,9784253056472,9784253056489,9784253056496,9784253056502,9784253056809,9784253056816,9784253056823
toilet-hakase	トイレット博士	24	1	23	4	2	vol1偏	2,3,4,5,6,8,9,10,11,12,13,14,15,16,17,18,19,20,21,22,23,27,28	
warau-salesman	笑ゥせぇるすまん	22	1	21	5	2	vol1偏	2,3,4,5,6,7,9,10,11,12,13,14,15,16,17,18,19,20,21,22,23	9784124103601,9784124103625,9784124104363,9784124104448,9784124103663,9784124103724,9784124103748,9784124103755,9784124103762,9784124103793,9784124103809,9784124103816,9784124103830,9784124103847,9784124103854,9784124104011,9784124104028,9784124104035,9784124104196,9784124104202,9784124104219
akihi	〔アキ〕姫	18	1	17	6	2	vol1偏	2,3,4,5,6,7,8,9,10,11,12,13,14,15,16,17,18	9784091320629,9784091320636,9784091320643,9784091320650,9784091320667,9784091320674,9784091320681,9784091320698,9784091320704,9784091330710,9784091330727,9784091330734,9784091330741,9784091330758,9784091330765,9784091330772,9784091330789
shin-senri-no-michi-mo	新千里の道も	16	1	15	6	2	vol1偏	2,3,4,5,6,7,8,9,10,11,12,13,14,15,16	9784772850049,9784772850063,9784772850087,9784772850100,9784772850124,9784772850148,9784772850155,9784772850162,9784772850216,9784772850223,9784772850230,9784772850247,9784772850315,9784772850322,9784772850339
sangokushi-sentaro-1980	三国志	15	1	14	7	2	vol1偏	2,3,4,5,6,7,8,9,10,11,12,13,14,15	9784061018051,9784061018068,9784061018075,9784061018082,9784061018099,9784061018105,9784061018198,9784061018204,9784061018211,9784061018228,9784061018235
ami-nonstop	亜未!ノンストップ	12	1	11	8	2	vol1偏	2,3,4,5,6,7,8,9,10,11,12	9784091351524,9784091351531,9784091351548,9784091351555,9784091351562,9784091351579,9784091351586,9784091351593,9784091351609,9784091367112,9784091367129
koppamijin-no-koi	こっぱみじんの恋	12	1	11	8	2	vol1偏	2,3,4,5,6,7,8,9,10,11,12	9784592128021,9784592128038,9784592128045,9784592128052,9784592128069,9784592128076,9784592128083,9784592128090,9784592128106,9784592128113,9784592171133
fifteen-love	フィフティーン・ラブ	11	1	10	9	2	vol1偏	2,3,4,5,6,7,8,9,10,11	9784061729827,9784061729919,9784061730052,9784061730182,9784061730298,9784061730564,9784061730793,9784061731004,9784061731196,9784061731363
zman	ZMAN	11	1	10	9	2	vol1偏	2,3,4,5,6,7,8,9,10,11	9784870250147,9784870250260,9784870250390,9784870250512,9784870250703,9784870250857,9784870250970,9784870251137,9784870251281,9784870251359
boyfriend	ボーイフレンド	10	1	9	10	2	vol1偏	2,3,4,5,6,7,8,9,10	9784091321626,9784091321633,9784091321640,9784091321657,9784091321664,9784091321671,9784091321688,9784091321695,9784091321701
point-d	Point D	10	1	9	10	2	vol1偏	2,3,4,5,6,7,8,9,10	9784253143530,9784253143547,9784253143554,9784253143561,9784253143578,9784253143585,9784253143592,9784253143608,9784253143615
shoujosame	少女鮫	10	1	9	10	2	vol1偏	2,3,4,5,6,7,8,9,10	9784592111627,9784592111634,9784592111641,9784592111658,9784592111665,9784592111672,9784592111689,9784592111696,9784592111702
suikoden-sentaro-1980	水滸伝	10	1	9	10	2	vol1偏	2,3,4,5,6,7,8,9,10	9784418041602,9784061018310,9784061018358
hana-2005	花	9	1	8	11	2	vol1偏	2,5,7,8,10,14,17,21	
tsuge-yoshiharu-zenshuu	つげ義春全集	9	1	8	11	2	vol1偏	2,3,4,5,6,7,8,9	9784480701626,9784480701633,9784480701640,9784480701657,9784480701664,9784480701671,9784480701688,9784480701695
dada	DADA!	8	1	7	12	2	vol1偏	2,3,4,5,6,7,8	9784091228420,9784091228437,9784091228444,9784091228451,9784091228468,9784091228475,9784091228482
nyuuyooku-komachi	N.Y.小町	8	1	7	12	2	vol1偏	2,3,4,5,6,7,8	9784061760820,9784061760837,9784061760844,9784061760851,9784061761612,9784061761629,9784061762008
bakushou-suit-sd-gundam	爆笑戦士!SDガンダム	7	1	6	14	2	vol1偏	2,3,4,5,7,8	9784061005921
hikari-no-tobira	光の扉	7	1	6	14	2	vol1偏	2,3,4,5,6,7	
island	アイランド	7	1	6	14	2	vol1偏	2,3,4,5,6,7	9784757703858,9784757703865,9784757704770,9784757705098,9784757706934,9784757707238
boukyaku-no-senritsu	忘却の旋律	6	1	5	17	2	vol1偏	2,3,4,5,6	9784047135413,9784047135789,9784047136212,9784047136564,9784047136908
i-love-you	I love you	6	1	5	17	2	vol1偏	2,3,4,5,6	9784091363022,9784091363039,9784091363046,9784091363053,9784091363060
sandman	サンドマン	6	1	5	17	2	vol1偏	2,3,4,6,7	9784924914841,9784924914858,9784924914902,9784924914964,9784924914971
yamato-shouden	大和小伝	6	1	5	17	2	vol1偏	2,3,4,5,6	
jihad-sadakane-1993	ジハード	5	1	4	20	2	vol1偏	2,3,4,5	9784253144735,9784253144742,9784253144759,9784253144766
marginal	マージナル	5	1	4	20	2	vol1偏	2,3,4,5	9784091780423,9784091780430,9784091780447,9784091780454
megami	女神	5	1	4	20	2	vol1偏	2,3,4,5	
sono-na-wa-101	その名は101	5	1	4	20	2	vol1偏	2,3,4,5	
target	ターゲット	5	1	4	20	2	vol1偏	2,3,4,5	
tokyo-puu	東京プー	5	1	4	20	2	vol1偏	2,3,4,5	9784063234497,9784063234725,9784063234824,9784063234893
tokyo-shounen-shoujo	東京少年少女	5	1	4	20	2	vol1偏	2,3,4,5	9784091363824,9784091363831,9784091363848,9784091363855
canvas2	Canvas2	4	1	3	25	2	vol1偏	2,3,4	9784047137721,9784047138193,9784047138438
cho-hakkai	Cho八戒	4	1	3	25	2	vol1偏	2,3,4	9784796240482,9784845859566,9784796241304
choberiba-hibo-tan-ojou-sama	チョベリバ緋牡丹お嬢さま	4	1	3	25	2	vol1偏	2,3,4	9784047131965,9784047132122,9784047132795
cinderella-express	シンデレラ・エクスプレス	4	1	3	25	2	vol1偏	2,3,4	9784088617220,9784088617237,9784088617244
famiken-ryuu	ファミ挙リュウ	4	1	3	25	2	vol1偏	2,3,4	
gokudou-no-mon	極道の門	4	1	3	25	2	vol1偏	2,3,4	
hold-me-tight	Hold me tight	4	1	3	25	2	vol1偏	2,3,4	9784257904724,9784257905035,9784257905158
kishin-houkou-demon-bein	機神咆吼デモンベイン	4	1	3	25	2	vol1偏	2,3,4	9784047137356,9784047137677,9784047138674
kisshou-tennyo	吉祥天女	4	1	3	25	2	vol1偏	2,3,4	9784091313027,9784091313034,9784091313041
one-zero	ワン・ゼロ	4	1	3	25	2	vol1偏	2,3,4	9784091785428,9784091785435,9784091785442
porikouman	ポリ公マン	4	1	3	25	2	vol1偏	2,3,4	9784063129540,9784063129724,9784063130041
roboko-san	ロボ子さん	4	1	3	25	2	vol1偏	2,3,4	
ryouko-no-shinrei-file	陵子の心霊事件簿	4	1	3	25	2	vol1偏	2,3,4	9784091327826,9784091327833,9784091327840
1-love-9	1〔LOVE〕9	3	1	2	33	2	vol1偏	2,3	9784048679626,9784048685573
anata-ni-aete-yokatta	あなたに、逢えてよかった!!	3	1	2	33	2	vol1偏	2,3	9784883155064,9784883154944
bokutachi-otokonoko	ぼくたち男の子	3	1	2	33	2	vol1偏	2,3	9784049248531,9784049248623
chakkari-kun	ちゃっかりくん	3	1	2	33	2	vol1偏	2,3	9784884754693
chikuro-youchien	ちくろ幼稚園	3	1	2	33	2	vol1偏	2,3	9784091791023,9784091791030
d-c-s-g	D.C.S.G.	3	1	2	33	2	vol1偏	2,3	9784047137776,9784047138476
daughter-maker	ドーターメーカー	3	1	2	33	2	vol1偏	2,3	9784063337730,9784063338027
dragon-screw	DRAGON SCREW	3	1	2	33	2	vol1偏	2,3	9784253200622,9784253200639
easy-writer	イージー・ライター	3	1	2	33	2	vol1偏	2,3	9784063259308,9784063259469
feathertouch-operation	フェザータッチ・オペレーション	3	1	2	33	2	vol1偏	2,3	9784403611063,9784403611339
gi-king	GIキング	3	1	2	33	2	vol1偏	2,3	9784887415249,9784887415508
golf-jinsei	ゴルフ・人生	3	1	2	33	2	vol1偏	2,4	9784575821796,9784575822922
happy-ends	HAPPY ENDS	3	1	2	33	2	vol1偏	2,3	9784091343826,9784091343833
heroes	Heroes	3	1	2	33	2	vol1偏	2,3	9784063335453,9784063335477
honoka-ni-purple	ほのかにパープル	3	1	2	33	2	vol1偏	2,3	9784091321824,9784091321831
hotel-tantei-doll	ホテル探偵Doll	3	1	2	33	2	vol1偏	2,3	9784091807229,9784091807236
kekkoukamen	けっこう仮面	3	1	2	33	2	vol1偏	2,3	
kou-u-to-ryuu-hou-sentaro-1987	項羽と劉邦	3	1	2	33	2	vol1偏	2,3	9784163639604
mahou-shoujo-pretty-sammy	魔法少女プリティサミー	3	1	2	33	2	vol1偏	2,3	9784047121423,9784047121645
mikara-deta-saba	身から出た鯖	3	1	2	33	2	vol1偏	2,3	9784785914868
mouryou-senki-madara-basara	魍魎戦記摩陀羅BASARA	3	1	2	33	2	vol1偏	2,3	9784047131620,9784047131637
oneesamatooyobitsu	お姉さまとお呼びっ!!	3	1	2	33	2	vol1偏	2,3	
ookamiotoko-ni-ki-o-tsukete	オオカミ男に気をつけて!	3	1	2	33	2	vol1偏	2,3	9784091366429,9784091366436
pachislo-diohead	パチスロダイオヘッド	3	1	2	33	2	vol1偏	2,3	9784893677181,9784893677679
ri-ryou	李陵	3	1	2	33	2	vol1偏	2,3	9784163639802
robot-nichou-kenjuu	ロボット二挺拳銃	3	1	2	33	2	vol1偏	2,3	
rurou-no-tabi	流狼の旅	3	1	2	33	2	vol1偏	2,3	9784861762116,9784861762895
sandaa-daiou	サンダー大王	3	1	2	33	2	vol1偏	2,3	
shijou-saitei-no-regatta	史上最低のレガッタ	3	1	2	33	2	vol1偏	2,3	9784063462241,9784063462326
shin-hige-no-ol-yabuuchi-sasako	真ヒゲのOL藪内笹子	3	1	2	33	2	vol1偏	2,3	9784757715233,9784757717732
sugar-darling	シュガー・ダーリン	3	1	2	33	2	vol1偏	2,3	9784063259346,9784063259513
w-s	W's	3	1	2	33	2	vol1偏	2,3	9784063129632,9784063130157
wakaoku-sama-to-seerusuman	若奥様とセールスマン	3	1	2	33	2	vol1偏	2,3	9784821198153,9784821198917
young-and-tears	Young and tears	3	1	2	33	2	vol1偏	2,3	9784821197606,9784821197644
