slug	title	edition	numbers	missing
2-tengojigen-no-ririsa	2.5次元の誘惑(リリサ)	通常版	1,2,3,4,5,6,7,8,9,10,11,12,13,14,15,16,17,18,19,20,22,24,25	21,23
20-jisugi-no-houkokukai	20時過ぎの報告会	通常版	1,3,5	2,4
311-anohi-o-wasurenai	3.11あの日を忘れない	通常版	1,4	2,3
8-gatsu-31-nichi-no-long-summer	8月31日のロングサマー	通常版	1,2,3,4,7,8,9,10,11	5,6
aan-kremlin-iq200-no-soap-story	あぁん・クレムリン　IQ200のソープ・ストーリー	通常版	1,3,5,6	2,4
after-midnight-skin	アフター・ミッドナイト・スキン	通常版	1,2,3,6,7	4,5
aisanai-to-iwaremashitemo	愛さないといわれましても	通常版	1,2,3,6,7	4,5
akahishi-no-eleven	赤菱のイレブン	通常版	1,4,5	2,3
akarito-shirono-shinrei-yawa	あかりとシロの心霊夜話	通常版	1,2,3,4,5,6,9,10,11,12,13,14,15,16,17,18,19,20,21,22,23,24,25,26,27,28,29,30,31,32,33,34,35,36,37	7,8
akashiro-tamago	赤白たまご	文庫版	1,2,5,6,7,8	3,4
akera-to-magozou	明楽と孫蔵	通常版	1,2,3,4,5,6,7,10	8,9
amayo-no-tsuki	雨夜の月	通常版	1,2,3,4,5,6,7,10,11	8,9
ankoku-delta	暗黒デルタ	通常版	1,4,5	2,3
aoba-no-basket	アオバノバスケ	通常版	1,2,3,4,5,6,9,10,11	7,8
ariel-comic	ARIEL COMIC	通常版	2,3,4,5,8	6,7
aru-majo-ga-shinu-made	ある魔女が死ぬまで	通常版	1,2,5	3,4
asami-mitsuhiko-mystery-and-ryoshuu-suspense	浅見光彦ミステリー&旅愁サスペンス	通常版	1,4,5	2,3
battle-studies	バトルスタディーズ	通常版	1,2,3,4,5,6,7,8,9,10,11,12,13,14,15,16,17,18,19,20,21,22,23,24,25,26,27,28,29,30,31,32,33,34,35,36,37,38,39,40,43,44,45,46,47,48	41,42
bocchi-za-rock-gaiden-hiroi-kikuri-no-fukazake-nikki	ぼっち・ざ・ろっく!外伝廣井きくりの深酒日記	通常版	1,2,5,6	3,4
boku-no-oku-san-wa-chotto-kowai	僕の奥さんはちょっと怖い	通常版	1,2,3,4,5,6,7,8,9,10,13,14	11,12
bolt-and-nut	ボルト＆ナット	通常版	1,2,4,5,6,7,8,9,11,12,13,14,15,16,17,18	3,10
buchigire-reijou-wa-houfuku-o-chikaimashita	ブチ切れ令嬢は報復を誓いました。	通常版	1,2,3,4,7,8,9,10	5,6
c-live	C-live	通常版	2,5	3,4
captain-2	キャプテン2	通常版	1,2,3,4,5,6,7,8,9,10,11,12,15,16,17,18,19	13,14
caution	Caution!	通常版	1,4	2,3
chanto-suenai-kyuuketsuki-chan	ちゃんと吸えない吸血鬼ちゃん	通常版	1,2,3,4,5,6,9	7,8
chaos-damonne	カオスだもんね!	通常版	1,4,5,6,7,8,9,10,11,12,13,14,15,16,17,18,19,20	2,3
choco-banana	チョコバナナ	通常版	4,6,8,9,10,11,12,13,14,15,16	5,7
chou-adoribu-ouji	超アドリブ王子	通常版	2,3,6	4,5
choujun-choujou-senpai	超巡!超条先輩	通常版	1,2,4,6,7,8	3,5
chousen-shikaku	挑戦資格	通常版	1,2,3,6,7,8,9	4,5
clamp-premium-collection-chobittsu	CLAMP PREMIUM COLLECTIONちょびっツ	デラックスKC（2001–2002）	1,4,5,6,7,8	2,3
cobra-1995	Cobra	通常版	1,2,3,4,5,6,7,8,9,10,11,12,15	13,14
colori-colore-creare	Colori colore creare	通常版	1,2,3,4,7,8	5,6
comic-asami-mitsuhiko-honkaku-ryojou-mystery	コミック浅見光彦本格旅情ミステリー	通常版	1,2,3,4,5,6,7,8,9,10,11,12,14,15,17	13,16
crew-de-gozaimasu	CREWでございます!	通常版	1,4	2,3
cut-ando-peesuto-de-kono-sekai-o-ikiteiku	カット&ペーストでこの世界を生きていく	通常版	1,2,3,4,5,6,7,8,9,10,11,12,15	13,14
daikaijuu-geaachima	大怪獣ゲァーチマ	通常版	1,2,3,6,7,8	4,5
daishimin	大市民	通常版	1,2,3,4,5,8,9	6,7
dance-dance-danseur	ダンス・ダンス・ダンスール	通常版	1,2,3,4,5,6,7,8,9,10,11,12,13,14,15,16,17,18,19,20,21,22,23,24,25,26,27,28,31,32	29,30
dandadan	ダンダダン	通常版	1,2,3,4,5,6,7,8,9,10,11,12,13,14,15,18,19,20,21,22,23	16,17
darashinai-desu-hotta-sensei	だらしないです堀田先生!	通常版	1,2,3,4,7,8,9	5,6
dead-mount-death-play	デッドマウント・デスプレイ	通常版	1,2,3,4,5,6,7,8,9,10,11,12,13,16	14,15
doctor-hankotsui	ドクター反骨医	通常版	1,2,3,4,5,6,7,8,9,10,12,13,14,15,16,17,18,20	11,19
dokudane-tokuhain-kasuga	毒ダネ特派員・カスガ	通常版	1,2,4,6	3,5
double-call	Double call	通常版	1,4,5	2,3
doyoubinoehon	土曜日の絵本	通常版	1,2,4,6	3,5
dr-typhoon-1996	Dr.Typhoon	通常版	3,5,6,8	4,7
egao-no-taenai-shokuba-desu	笑顔のたえない職場です。	通常版	1,2,3,4,5,6,7,8,9,10,13,14	11,12
evol	EVOL(イーヴォー)	通常版	1,2,3,4,5,6,7,10	8,9
fate-extra-shiishiishii-fox-tail	フェイト/エクストラCCC FoxTail	通常版	1,3,4,5,6,7,8,9,10,11,13	2,12
fuguushoku-kanteishi-ga-jitsu-wa-saikyou-datta	不遇職〈鑑定士〉が実は最強だった	通常版	1,2,3,4,5,6,7,8,9,10,11,12,14,16	13,15
fukafuka-dungeon-kouryakuki	ふかふかダンジョン攻略記	通常版	1,2,3,4,5,6,7,8,9,10,11,12,13,14,15,17,19	16,18
fumetsu-no-anata-e	不滅のあなたへ	通常版	1,2,3,4,5,6,7,8,9,10,11,12,13,14,15,16,17,18,19,20,21,22,25	23,24
furoagari-no-yozora-ni	風呂上がりの夜空に	デラックス版	1,3,5	2,4
futari-solo-camp	ふたりソロキャンプ	通常版	1,2,3,4,5,6,7,8,9,10,11,12,13,14,15,16,17,18,21,22,23	19,20
fuufu-na-seikatsu	夫婦な生活	通常版	1,2,4,5,6,7,8,9,10,11,12,13,15	3,14
g-c-u	G.C.U	通常版	1,4	2,3
g-defend	G・defend	文庫版	4,5,6,7,8,9,10,11,12,13,14,15,16,17,18,19,20,21,22,23,24,25,28,29,30,31	26,27
gang-king	ギャングキング	通常版	1,2,3,4,5,6,7,8,9,10,11,12,13,14,15,16,17,18,19,20,21,22,23,24,25,26,27,30,31,32,33,34,35,36,37	28,29
ganso-doku-typhoon	元祖Dr.タイフーン	通常版	1,2,3,4,5,6,8,9,10,12,13	7,11
gegege-no-kitarou	ゲゲゲの鬼太郎	通常版	1,2,3,4,5,6,7,8,9,10,11,12,13,16,17	14,15
gekiga-ningen-kakumei	劇画人間革命	通常版	1,2,4,5,6,7,8,9,10,12,13,14,15,16,17,18,19,20,21,22,23,24,25,26,27,28,29,30,31,32,33,34,35,36,37,38,39,40,41,42,43,44,45,46,47,48,49,50,51,52,53,54,55,56	3,11
gekki	月姫	通常版	1,2,3,4,5,8,9,10,11,12	6,7
generous-kiss	GENEROUS KISS	通常版	2,4,6	3,5
geobreeders	ジオブリーダーズ	通常版	1,2,3,4,5,6,7,8,9,10,11,13,14,16	12,15
ginga-densetsu-weed	銀牙伝説Weed	通常版	1,2,3,4,5,6,7,8,9,10,11,12,13,14,15,16,17,18,19,20,21,22,23,24,25,26,27,28,29,30,31,32,33,34,35,36,37,38,39,41,42,43,45,46,47,48,49,50,51,52,53,54,55,56,57,58,59,60	40,44
gintarou-san-otanomi-mousu	銀太郎さんお頼み申す	通常版	1,2,3,4,5,8	6,7
gokusotsu-kuraaken	獄卒クラーケン	通常版	1,2,3,6	4,5
golden-boy-1993	Golden boy	通常版	1,2,5	3,4
golden-drop	ゴールデンドロップ	通常版	1,2,3,4,5,6,8,10,11,12,13	7,9
gomiyashiki-to-toipuudoru-to-watashi	ゴミ屋敷とトイプードルと私	通常版	1,4	2,3
gray-zone	Gray zone	通常版	1,2,3,5,6,8	4,7
guruguru-shoukougun	ぐるぐる症候群	通常版	10,13	11,12
hakatakko-junjou	博多っ子純情	愛蔵版	1,2,5	3,4
haru-no-arashi-to-monster	春の嵐とモンスター	通常版	1,2,3,4,5,8,9,10	6,7
haruka-naru-toki-no-naka-de	遥かなる時空の中で	通常版	1,2,3,4,5,6,7,8,9,12,13,14,15,16,17	10,11
haruna-chan-sanjou	はるなちゃん参上!	通常版	1,4	2,3
heisei-haizanhei-sumire-chan	平成敗残兵すみれちゃん	通常版	1,2,4,6,7,8,9	3,5
hell-mode	ヘルモード	通常版	1,2,3,4,5,6,7,8,9,12,13	10,11
hello-work-monsters	ハローワークモンスターズ	通常版	1,4	2,3
hiitoteki-love-dan	非意図的恋愛談	通常版	1,2,5,6	3,4
hime-sama-goumon-no-jikan-desu	姫様拷問の時間です	通常版	1,2,3,4,5,6,7,8,9,10,11,12,13,14,15,18,19	16,17
himekishi-wa-barubaroi-no-yome	姫騎士は蛮族(バルバロイ)の嫁	通常版	1,2,3,4,5,6,7,10,11	8,9
hitoku-fuufu-kupido-no-itazura	秘匿夫婦	通常版	1,2,3,4,5,6,7,8,10,11,12,13,15	9,14
hitori-toranpu	夢の果て	通常版	1,2,5	3,4
hitoribocchi-no-isekai-kouryaku	ひとりぼっちの異世界攻略	通常版	1,2,3,4,5,6,7,8,9,10,11,12,13,14,15,16,17,18,19,20,23,24,25,26	21,22
hokuto-no-ken-ichigoaji	北斗の拳 イチゴ味	通常版	1,2,3,4,7	5,6
honoo-mau	炎舞う	通常版	1,2,3,4,5,6,7,8,9,10,13,14	11,12
hoshi-furu-oukoku-no-nina	星降る王国のニナ	通常版	1,2,3,4,5,6,7,8,9,10,11,12,13,14,17,18	15,16
houkago-himitsu-club	放課後ひみつクラブ	通常版	1,2,3,4,5,8	6,7
ib-instant-bullet	ib-インスタントバレット-	通常版	1,2,5	3,4
ikenai-inbiteeshon	Ikenai!いんびテーション	通常版	1,2,5,6,7,8,9,10,11	3,4
ilios	イリオス	通常版	1,2,3,4,5,6,7,8,11,12,13	9,10
image	イマージュ	通常版	1,2,3,4,5,6,7,8,9,10,11,12,13,16	14,15
intron-depot	INTRON DEPOT	通常版	1,3,5,6,7	2,4
iron-familia	アイアンファミリア	通常版	1,2,3,6	4,5
isekai-rakuraku-survival	異世界らくらくサバイバル	通常版	1,2,3,6,7	4,5
isekai-walking	異世界ウォーキング	通常版	1,2,3,4,5,6,7,9,11,12,13	8,10
janrou-densetsu-aoki-ookamitachi	雀狼伝説 蒼き狼たち	通常版	1,2,4,6,7	3,5
jiimago-rhapsody	ジイマゴらぷそでぃー	通常版	1,2,5	3,4
jitsuwa-imouto-deshita	じつは義妹(いもうと)でした。	通常版	1,2,3,4,7	5,6
joushiki-shirazu-no-saikyou-madoushi	常識知らずの最強魔導師	通常版	1,2,5	3,4
judo-itchokusen	柔道一直線	通常版	1,2,3,4,5,6,7,8,9,10,13	11,12
jump-sq-comic-selection	ジャンプSQ.Comic Selection	通常版	1,2,3,6,7	4,5
junai-to-sekkusu	純愛とセックス	通常版	2,5,6	3,4
kabegiwa-zeimukan	壁ぎわ税務官	通常版	1,2,3,4,5,6,9,10,11,12,13,14,15,16,17,18	7,8
kai-riki-ran-shin-quan	怪・力・乱・神クワン	通常版	1,2,5,6,7	3,4
kaikosareta-sareta-ankoku-heishi-30-dai-no-slow-na-sekando-life	解雇された暗黒兵士〈30代〉のスローなセカンドライフ	通常版	1,2,3,4,5,6,7,8,9,10,11,12,13,16,17,18	14,15
kakkou-no-iinazuke	カッコウの許嫁	通常版	1,2,3,4,5,6,7,8,9,10,11,12,13,14,15,16,17,18,19,20,21,22,23,24,26,28,29,30,31	25,27
kakunaru-ue-wa	描くなるうえは	通常版	1,2,3,6	4,5
kakuriyo-no-yadomeshi	かくりよの宿飯	通常版	1,2,3,4,5,7,9,10,11	6,8
kakushitagari-no-douki-kun	隠したがりの同期くん	通常版	1,2,3,4,5,8	6,7
kami-no-techigai-de-shindara-cheat-gantsumi-de-isekai-ni-hourikomaremashita	神の手違いで死んだらチートガン積みで異世界に放り込まれました	通常版	1,2,3,4,5,6,7,8,9,10,13,14	11,12
kanben	かんべん	通常版	1,3,5	2,4
kanojo-okari-shimasu	彼女、お借りします	通常版	1,2,3,4,5,6,7,8,9,10,11,12,13,14,15,16,17,18,19,20,21,22,23,24,25,26,27,28,29,30,31,32,33,34,35,36,37,39,41,42,43,44	38,40
kantai-collection-kancolle-comic-arakaruto	艦隊これくしょん-艦これ-コミックアラカルト	通常版	15,18,19	16,17
kao-dake-ja-suki-ni-narimasen	顔だけじゃ好きになりません	通常版	1,2,3,4,5,6,7,8,9,10,11,14,15,16,17	12,13
kawa-ni-sazanami	かわにさざなみ	通常版	2,3,6	4,5
kemono-jihen	怪物(けもの)事変	通常版	1,2,3,4,5,6,7,8,9,10,11,12,13,14,15,16,17,18,19,20,21,24	22,23
killers-holiday	キラーズホリディ	通常版	1,2,4,5,6,8	3,7
kishibe-no-uta	岸辺の唄	通常版	1,4	2,3
kishiwada-hakase-no-kagakuteki-aijou	岸和田博士の科学的愛情	通常版	1,2,3,4,7,8,9,10,11,12	5,6
kitchinkaa-deri-joi	キッチンカー『デリ・ジョイ』	通常版	1,2,3,4,5,8	6,7
koisuru-sayo-chan	恋するさよちゃん	通常版	1,2,3,6	4,5
kono-gokudou-choukyou-chuu-ni-tsuki	この極道調教中につき	通常版	1,2,3,4,5,6,9,10	7,8
koushaku-chakunan-koushoku-monogatari	侯爵嫡男好色物語	通常版	1,2,3,4,5,6,9	7,8
koushakuke-no-ryouriban-sama	公爵家の料理番様	通常版	1,2,3,4,7	5,6
kozame-kaikyou	虎鮫海峡	通常版	1,4	2,3
kuishinbou	喰いしん坊!	通常版	2,3,4,5,6,7,9,10,11,13,14,15,16,17,18,19,20,21,22,23,24	8,12
kuooto-ando-half	1/4×1/2	通常版	1,2,5,6,7,8,9	3,4
kyattsuai	キャッツ❤アイ	通常版	1,2,3,4,5,6,7,8,9,10,11,12,13,14,15,16,17,18,21	19,20
lilliput	リリパット	通常版	1,2,3,4,5,7,9	6,8
live-dungeon	ライブダンジョン!	通常版	1,2,3,4,5,6,7,8,9,10,11,12,15	13,14
macross-7-trash-2009	マクロス7trash	通常版	1,2,3,4,7,8	5,6
maid-nara-touzen-desu	メイドなら当然です。	通常版	1,2,3,6	4,5
manga-project-ekkusu-chousenshatachi	まんがプロジェクトX挑戦者たち	通常版	1,2,3,4,5,6,7,8,11,12,13,14,15	9,10
marble-insupaia	まーぶるインスパイア	通常版	1,2,5	3,4
marriagetoxin	マリッジトキシン	通常版	1,2,3,4,5,6,7,8,9,10,12,14,15,16,17	11,13
megami-no-kafeterasu	女神のカフェテラス	通常版	1,2,3,4,5,6,7,8,9,10,11,12,13,14,15,16,18,20,21,22	17,19
meitantei-conan-2005	名探偵コナン特別編	通常版	1,2,3,4,5,6,7,8,9,10,11,12,13,14,15,16,17,18,19,20,21,22,23,24,25,26,27,28,29,30,31,32,33,34,35,36,39,40	37,38
metcha-shoukansareta-ken-the-comic	めっちゃ召喚された件the comic	通常版	1,2,3,4,5,6,7,8,11,12	9,10
mogura-no-uta	土竜の唄	通常版	1,2,3,4,5,6,7,8,9,10,11,12,13,14,15,16,17,18,19,20,21,22,23,24,25,26,27,28,29,30,31,32,33,34,35,36,37,38,39,40,41,42,43,44,45,46,47,48,49,50,51,52,53,54,55,56,57,58,59,60,61,62,63,64,65,66,67,68,69,70,71,72,73,74,75,76,77,78,79,80,81,82,83,84,85,88,89,90,91,92,93,94	86,87
mokushiroku-no-yonkishi	黙示録の四騎士	通常版	1,2,3,4,5,6,7,8,9,10,11,12,13,14,15,16,17,18,20,22,23,24,25	19,21
mujina-into-the-deep	MUJINA INTO THE DEEP	通常版	1,2,5	3,4
mukoubuchi	むこうぶち	通常版	1,2,3,4,5,6,7,8,9,10,11,12,13,14,15,16,17,18,19,20,21,22,23,24,25,26,27,28,29,30,31,32,33,34,35,36,37,38,39,40,41,42,43,44,45,46,47,48,49,50,51,52,53,54,55,56,57,58,59,60,61,63,65	62,64
munakata-kyouju-sekaihen	宗像教授世界篇	通常版	1,3,5,6,7,8	2,4
munou-to-yobareta-seirei-tarashi	無能と呼ばれた『精霊たらし』	通常版	1,2,3,4,7	5,6
myououden-rei	明王伝レイ	デラックス版	8,9,10,13,14,15	11,12
nageki-no-bourei-wa-intai-shitai	嘆きの亡霊は引退したい	通常版	1,2,3,4,5,6,7,8,9,12	10,11
naze-boku-no-sekai-o-daremo-oboete-inai-noka	なぜ僕の世界を誰も覚えていないのか?	通常版	1,2,3,4,5,6,7,8,9,10,11,14	12,13
netoraretemo-anata-no-kanojo	寝取られてもアナタのカノジョ。	通常版	1,4	2,3
nigejouzu-no-wakagimi	逃げ上手の若君	通常版	1,2,3,4,5,6,7,8,9,10,11,12,13,14,15,16,17,19,21,22,23,24	18,20
niito-dakedo-harowa-ni-ittara-isekai-ni-tsuretekareta	ニートだけどハロワにいったら異世界につれてかれた	通常版	1,2,3,4,5,6,7,8,9,10,11,14,15	12,13
nijiko-lullaby	虹子ララバイ	通常版	1,2,3,5,6,7,9	4,8
nikaidou-jigoku-golf	二階堂地獄ゴルフ	通常版	1,2,3,6,7,8,9,10,11,12	4,5
numasugite-mohaya-koi	沼すぎてもはや恋	通常版	1,2,3,4,5,8,9	6,7
ojou-sama-no-shimobe	お嬢様の僕	通常版	1,2,3,4,5,6,7,8,9,10,11,12,13,14,15,18	16,17
onape	オナぺ	通常版	2,5	3,4
one-for-all	ONE FOR ALL	通常版	1,2,3,5,7,8	4,6
onikirimaru-den	鬼切丸伝	通常版	1,2,3,4,5,6,7,8,9,10,11,12,13,14,15,16,17,18,19,22,23	20,21
onna-kajishi-wa-ohitoyoshi-guild-ni-hirowaremashita	女鍛冶師はお人好しギルドに拾われました	通常版	1,2,3,4,7	5,6
ookami-no-musume	狼の娘	通常版	1,2,3,4,7,8	5,6
oshi-ni-amagami	推しに甘噛み	通常版	1,2,3,4,5,8	6,7
otoko-girai-na-bijin-shimai-o-namae-mo-tsugezu-ni-tasuketara-ittai-dou-naru	男嫌いな美人姉妹を名前も告げずに助けたら一体どうなる?	通常版	1,4	2,3
otonari-voice-chat	おとなりボイスチャット	通常版	1,4	2,3
otoyan	音やん	通常版	1,2,3,4,5,6,7,8,9,10,11,12,13,14,15,16,19	17,18
outaishi-sama-watashi-kondo-koso-anata-ni-korosaretakunaindesu	王太子様、私今度こそあなたに殺されたくないんです!	通常版	1,2,3,4,5,8,9	6,7
pawabomushiata	パワーボムtheater	通常版	1,4,5	2,3
pen-to-wappa-to-jijitsukon	ペンと手錠(ワッパ)と事実婚	通常版	1,2,3,6	4,5
persona-5	ペルソナ5	通常版	1,2,3,4,5,6,7,8,9,10,11,12,13,16	14,15
petshop-of-horrors	Petshop of horrors	通常版	1,2,3,4,5,6,8,10	7,9
pink-no-usagi	ピンクのうさぎ	通常版	1,4,5,6	2,3
pittari	ぴったり!!	通常版	1,4	2,3
plamo-kyoushirou	プラモ狂四郎	デラックス版	1,2,3,4,5,6,7,8,11	9,10
pose-file	ポーズ・ファイル	通常版	1,3,4,5,6,8,9	2,7
rebuild-world	リビルドワールド	通常版	1,2,3,4,5,6,7,8,9,10,11,14,15	12,13
robot-santou-hei	ロボット三等兵	通常版	1,2,3,4,5,7,9,10	6,8
robotics-notes-2012	Robotics;Notes	通常版	1,2,3,6	4,5
rosengarten-saga	ローゼンガーテン・サーガ	通常版	1,2,3,4,5,6,7,8,9,12,13	10,11
ryuu-to-ichigo	龍と苺	通常版	1,2,3,4,5,6,7,8,9,10,11,12,13,14,15,16,17,20,21,22,23,24,25	18,19
sabaku-no-maou	沙漠の魔王	通常版	1,2,3,5,7	4,6
saikon-shounin-o-youkyuu-shimasu	再婚承認を要求します	通常版	1,4,5,6,7,8	2,3
saikyou-tanku-no-meikyuu-kouryaku	最強タンクの迷宮攻略	通常版	1,2,3,4,5,6,7,8,9,10,11,14	12,13
saint-seiya-final-edition	聖闘士(セイント)星矢Final Edition	通常版	1,2,3,4,5,6,7,8,9,11,13	10,12
sakuramachi-saizu	サクラ町さいず	通常版	1,2,3,4,5,6,9	7,8
sakuranbomonogatari	桜桃物語	通常版	1,2,3,4,5,6,7,8,9,10,11,12,13,15,17	14,16
sakusesu-tappei	サクセス辰平	通常版	1,4,5	2,3
sangoku-rensenki	三国恋戦記	通常版	1,2,5	3,4
sebangou-0	背番号0	通常版	1,2,4,6	3,5
seiden-rg-veeda	聖伝 RG VEDA	通常版	1,2,3,4,5,6,8,10	7,9
senjou-no-seijo	戦場の聖女	通常版	1,2,4,6,7	3,5
sense	センセ。	通常版	1,2,3,4,7,8,9,10,11,12,13,14,15	5,6
servamp	SERVAMP	通常版	1,2,3,4,5,6,7,8,9,10,11,12,13,14,15,16,17,18,19,20,21,24	22,23
shakunetsu-kabadi	灼熱カバディ	通常版	1,2,3,4,5,6,7,8,9,10,11,12,13,14,15,16,17,18,19,20,21,22,23,24,25,26,27,28,31	29,30
shin-tennis-no-ouji-sama	新テニスの王子様	通常版	1,2,3,4,5,6,7,8,9,10,11,12,13,14,15,16,17,18,19,20,21,22,23,24,25,26,27,28,29,30,31,32,33,34,35,36,37,38,39,40,41,42,45,46	43,44
shinyaku-meruhien	新約Marchen	通常版	1,4	2,3
shisaku-nansensu-senshuu	思索ナンセンス選集	通常版	2,4,5,7,8	3,6
shishi-no-musume	獅子の娘	通常版	1,2,3,4,5,7,8,9,11	6,10
shisukona-futari	シスコなふたり	通常版	1,4	2,3
shitsurakuen-1996	失楽園	通常版	1,2,5,6,7	3,4
shiyounan-bakusouzoku	湘南爆走族	通常版	1,2,3,6	4,5
shota-komi	ショタコミ	通常版	1,4	2,3
shounen-keniya	少年ケニヤ	通常版	1,2,3,4,5,6,7,8,9,10,13,14,15,16	11,12
show-ha-shou-ten	ショーハショーテン!	通常版	1,2,3,4,5,6,7,8,11	9,10
shukujo-no-kagami-yamemashita	淑女の鑑やめました。	通常版	1,2,3,6	4,5
shura-no-toki	修羅の刻	通常版	1,2,3,4,5,6,7,8,9,10,11,12,13,14,15,16,17,20,21,22,23,24,25,26	18,19
sonna-kazoku-nara-sutechaeba	そんな家族なら捨てちゃえば?	通常版	1,2,3,4,5,6,7,8,9,10,12,14	11,13
sora-o-matotte	空をまとって	通常版	1,2,3,6,7,8	4,5
ss	SS	通常版	1,2,3,6,7,8,9	4,5
star-ocean-second-story	スターオーシャン セカンドストーリー	通常版	2,4,6	3,5
super-mario-4-koma-manga-oukoku	スーパーマリオ 4コマまんが王国	通常版	1,2,3,5,7	4,6
suterareta-tsuma-ni-atarashii-otto-ga-dekimashita	捨てられた妻に新しい夫ができました	通常版	1,2,3,5,6,8	4,7
taiyou-no-romance	太陽のロマンス	通常版	1,4,5	2,3
taiyou-yori-mo-mabushii-hoshi	太陽よりも眩しい星	通常版	1,2,3,4,5,6,7,8,9,12	10,11
tales-of-destiny-director-cut-cut-toki-no-rion	テイルズオブデスティニーディレクターズカット 儚き刻のリオン	通常版	1,2,5	3,4
tamamori-buchou-no-mousou-wa-tomaranai	玉森部長の妄想はとまらない	通常版	1,2,3,6,7,8,9	4,5
tatari	タタリ	通常版	1,2,3,4,5,8,9	6,7
tensei-daiseijo-no-isekai-nonbiri-kikou	転生大聖女の異世界のんびり紀行	通常版	1,2,3,4,5,6,7,10,11	8,9
tokusei-otoboke-kachou	特盛!おとぼけ課長	通常版	4,7	5,6
tokyo-bakudan	東京爆弾	通常版	1,2,3,4,6,8	5,7
tokyo-camouflage-hour	ニュートーキョーカモフラージュアワー	通常版	1,2,3,4,5,6,7,8,11	9,10
tokyo-monogatari	東京物語	通常版	1,2,3,4,5,6,9,10	7,8
tokyo-naito	東京騎士	通常版	1,2,3,4,7	5,6
tonari-no-neko-to-koishirazu	となりの猫と恋知らず	通常版	1,2,5	3,4
tonari-wa-futsuu-no-nijika-chan	となりはふつうのニジカ〈ちゃん〉	通常版	1,4,5,6	2,3
toraou-no-hanayome-san	虎王の花嫁さん	通常版	1,2,3,4,7,8,9	5,6
tough-ryuu-o-tsugu-otoko	TOUGH龍を継ぐ男	通常版	1,2,3,4,5,6,7,8,9,10,11,12,13,14,15,16,17,18,19,20,21,22,23,24,25,26,27,28,29,30,31,34,35	32,33
tower-dungeon	タワーダンジョン	通常版	1,2,5,6	3,4
tsuihousareta-sareta-tensei-juukishi-wa-game-chishiki-de-musou-suru	追放された転生重騎士はゲーム知識で無双する	通常版	1,2,3,4,5,6,7,8,9,10,11,12,14,15,17	13,16
tsuma-to-boku-no-shoukibo-na-ikuji	妻と僕の小規模な育児	デラックス版	1,2,3,4,5,6,7,8,9,10,13	11,12
ultra-seven-1978	ウルトラセブン	通常版	1,3,5,6	2,4
umareta-chokugo-ni-suterareta-zense-ga-dai-kenja-datta-node-yoyuu-de-ikitemasu	生まれた直後に捨てられたけど、前世が大賢者だったので余裕で生きてます	通常版	1,2,3,4,5,6,7,8,10,12,13,14	9,11
utsuranaindesu	写らナイんです	通常版	1,4,5,6,7	2,3
uwanosora-chuutoriaru	うわの空チュートリアル	通常版	1,4	2,3
virgin-mama	バージン★ママ	通常版	1,2,3,4,5,6,7,8,9,12	10,11
waibaan-no-kodomotachi	ワイバーンの子供たち	通常版	1,2,5,6	3,4
winning-ticket	ウイニング・チケット	通常版	1,2,3,4,5,6,7,8,9,10,11,12,13,14,15,16,17,20,21	18,19
yami-no-aegis	闇のイージス	通常版	3,6,7,8,9,10,11,12,13,14,15,16,17,18,19,20,21,22,23,24,25,26	4,5
yani-neko	ヤニねこ	通常版	1,2,3,4,5,7,9,10,11	6,8
yankee-jk-kuzuhana-chan	ヤンキーJKクズハナちゃん	通常版	1,2,3,4,5,6,7,8,9,10,11,12,13,14,15,16,17,18,19,20,21,24,25,26,27,28,29,30	22,23
yozakura-san-no-daisakusen	夜桜さんちの大作戦	通常版	1,2,3,4,5,6,7,8,9,10,11,12,13,14,15,16,17,18,19,20,21,22,23,24,25,28,29	26,27
yuki-to-sumi	雪と墨	通常版	1,2,3,4,5,8,9	6,7
yume-ha-taafu-o-kakemeguru	夢はターフを駆けめぐる	通常版	4,6,8	5,7
yuugiou-ofisharu-card-ocg-structures	遊☆戯☆王OCG(オフィシャルカードゲーム)ストラクチャーズ	通常版	1,2,3,4,5,6,7,8,11	9,10
yuuutsuna-asa	憂鬱な朝	通常版	1,2,3,4,5,8	6,7
zatsuyou-fuyo-jutsushi-ga-jibun-no-saikyou-ni-kizuku-made	雑用付与術師が自分の最強に気付くまで	通常版	1,2,3,4,5,6,7,9,11	8,10
1-tai-2-kousai-wa-rabukome-ni-hairimasuka	1: 2交際はラブコメに入りますか?	通常版	1,3	2
1	1・2作戦	通常版	1,3	2
10-nenkan-karada-o-nottorare-akujo-ni-natte-ita-watashi-ni-nido-to-kao-o-miseru-na-to-konyaku-haki	10年間身体を乗っ取られ悪女になっていた私に、二度と顔を見せるなと婚約破棄してきた騎士様が今日も縋ってくる	通常版	1,2,3,4,6,7	5
12-no-kekkon-monogatari	12の結婚物語	通常版	1,2,3,5,6	4
30sai-made-doutei-dato-mahoutsukai-30-narerurashii	30歳まで童貞だと魔法使いになれるらしい	通常版	1,2,3,4,5,7,8,9,10,11,12,13,14,15,16	6
31-sai-jimi-megane-ol-san	31歳地味眼鏡OLさん	通常版	2,4,5	3
abashiriikka	あばしり一家	文庫版	1,2,3,4,5,7	6
abunai-kinyoubi	危ない金曜日	通常版	1,2,4,5	3
adoribu-tenchou-aaru	アドリブ店長R	通常版	2,3,4,6,7	5
afurete-koborete-gaman-dekinai	溢れて零れて、我慢できない	通常版	1,3	2
agartha-game	アガルタゲーム	通常版	1,2,4	3
ai-1995	愛	通常版	2,4	3
ai-sharu-return	愛しゃるリターン	通常版	1,2,3,4,6	5
aidorumasutaa-shainiikaraazu-jimuteki-koukuu-kiroku	アイドルマスター シャイニーカラーズ 事務的光空記録	通常版	1,3,4	2
aimu-namu	アイムナム	通常版	1,3	2
aitsu-no-kanojo	アイツノカノジョ	通常版	1,2,3,4,6,7,8	5
akane-banashi	あかね噺	通常版	1,2,3,4,5,6,7,8,9,10,11,12,13,15,16,17,18,19,20,21	14
akazukin-tabi-no-tochuu-de-shitai-to-deau	赤ずきん、旅の途中で死体と出会う。	通常版	1,2,4	3
aku-no-hana-2010	惡の華	通常版	1,2,4,5,6,7,8,9,10,11	3
akujo-kougou-no-senzoku-jijo	悪女皇后の専属侍女	通常版	1,3	2
akuma-jiten	悪魔事典	通常版	1,2,3,4,6	5
akuma-to-keiyaku	アクマと契約	デラックス版	1,3	2
akuninzura-shita-biikyuu-boukensha	悪人面したB級冒険者	通常版	1,2,4	3
akuta-no-shinigiwa	あくたの死に際	通常版	1,2,4	3
akuu-no-seijo	亜空の聖女	通常版	1,2,4	3
akuyaku-reijou-ni-naritakunai-node-ouji-sama-to-isshokenmei-ni-kanpeki-reijou-o-mezashimasu	悪役令嬢になりたくないので、王子様と一緒に完璧令嬢を目指します!	通常版	1,2,4	3
alfheim-no-kishi-ballad	妖精国(アルフヘイム)の騎士Ballad	通常版	1,2,3,4,5,6,7,9,10	8
alice-no-ochakai	アリスのお茶会	通常版	1,2,3,4,6	5
amagami-san-no-enmusubi	甘神さんちの縁結び	通常版	1,2,3,4,5,6,7,8,9,10,11,12,13,14,15,16,18,19,20,21,22	17
amakute-atsukute-iki-mo-dekinai	甘くて熱くて息もできない	通常版	1,2,4	3
amateur-vigilante	アマチュアビジランテ	通常版	2,4,5,6,7	3
anata-ni-mo-angel	アナタにもAngel	通常版	2,4	3
anata-o-korosu-tabi	あなたを殺す旅	通常版	1,3	2
andromalius	アンドロマリウス	通常版	1,3	2
anmitsuhime	あんみつ姫	文庫版	1,3	2
another-furonteia-online-seisankei-skill-o-kiwametara-cheat-na-enupiishii-o-yatoeru-youni	アナザー・フロンティア・オンライン～生産系スキルを極めたらチートなNPCを雇えるようになりました～@COMIC	通常版	1,2,3,4,5,6,7,9	8
antatchaburu	あんたっちゃぶる	通常版	1,3,4	2
ao-no-exorcist	青の祓魔師	通常版	1,2,3,4,5,6,7,8,9,10,11,12,13,14,15,16,17,18,19,20,21,22,23,24,25,26,27,28,29,30,31,33	32
ao-no-otoko	蒼の男	通常版	1,2,4,5	3
aoashi	アオアシ	通常版	1,2,3,4,5,6,7,8,9,10,11,12,13,14,15,16,17,18,19,20,21,22,23,24,25,26,27,28,29,30,31,32,33,34,35,36,38,39,40	37
aqua-step-up	アクア・ステップ・アップ	通常版	1,2,4	3
araara-kashiko	あらあらかしこ	通常版	1,3	2
arabian-lamp-lamp	魔神冒険譚 ランプ・ランプ	通常版	1,3	2
arafoo-kenja-no-isekai-seikatsu-nikki	アラフォー賢者の異世界生活日記	通常版	1,2,3,4,5,6,7,8,9,10,11,12,13,15,16,17	14
arafoo-ni-natta-saikyou-no-eiyuu-tachi-futatabi-senjou-de-musou-suru	アラフォーになった最強の英雄たち、再び戦場で無双する!!	通常版	1,2,4	3
arasu-kagayakeru-tsubasa	Alas～輝ける翼	通常版	1,2,3,4,5,6,7,8,10,11	9
arknights-operators	アークナイツoperators!	通常版	1,2,4	3
arte	アルテ	通常版	1,2,3,4,5,6,7,8,9,10,11,12,13,14,15,16,17,18,19,21	20
aru-hi-kara-tsukaeru-you-ni-natta-teni-mahou-ga-bannou-de-ikiru-no-ga-tanoshiku-narimashita	ある日から使えるようになった転移魔法が万能で生きるのが楽しくなりました	通常版	1,3,4	2
asagiiro-no-saudaaji	あさぎ色のサウダージ	通常版	1,3	2
asagiro	アサギロ	通常版	1,2,3,4,5,6,7,8,9,10,11,12,13,14,15,16,17,18,19,20,21,22,23,24,25,26,27,28,29,31,32	30
asakusa-young-youhinten	浅草ヤング妖品店	デラックス版	2,4	3
asami-mitsuhiko-mystery-special	浅見光彦ミステリースペシャル	通常版	1,2,3,4,5,6,7,8,9,10,11,12,13,14,15,16,17,18,19,21,22,23,24,25	20
ashita-cup-in	明日カップ・イン	通常版	1,2,3,4,5,6,7,8,9,10,12	11
ashita-kimi-to-koi-o-shiru	あした、君と恋を知る	通常版	1,3	2
atashinchi-super	あたしンちSUPER	通常版	1,2,4	3
atori-show	アトリ抄	通常版	4,6	5
atsuatsu-sutaguru-tabi	あつあつ!スタグル旅	通常版	1,2,4	3
back-rank	バックランク	通常版	1,3	2
baitosaki-no-senpai-ga-koukousei-janakatta-hanashi	バイト先の先輩が高校生じゃなかった話	通常版	1,3	2
baka-onna-26-ji	バカ女26時	通常版	1,3	2
bakamono-no-subete	馬鹿者のすべて	通常版	1,2,4	3
bakuon-rettou	爆音列島	通常版	1,2,3,4,5,6,7,8,9,11,12,13,14,15,16,17,18	10
bakushou-suit-sd-gundam	爆笑戦士!SDガンダム	通常版	1,2,3,4,5,7,8	6
bara-na-mainichi	薔薇なまいにち	通常版	1,3	2
bartender	Bartender	デラックス版	1,2,3,4,5,6,7,8,9,10,11,12,13,14,15,16,17,18,20,21	19
bats-terry	バツ＆テリー	ワイド版	2,4	3
beat-motion	BEAT & MOTION	通常版	1,2,3,4,6	5
beck	BECK	デラックス版	1,2,3,4,5,6,7,8,10,11,12,13,14,15,16,17	9
belles-ruelles	BELLES RUELLES	通常版	1,3	2
best-of-naka-tomoko	閑古鳥の巣	通常版	1,3	2
beyblade-soul-taku-ando-show	ベイブレード魂(ソウル)タク&ショウ	通常版	2,4,5	3
big-rival	ビッグライバル	通常版	1,3	2
bikkuriman-omoshirorando	ビックリマン おもしろランド	通常版	1,2,3,5	4
billion-dollar-slave	ビリオンダラー・スレイブ	通常版	1,3,4	2
bird	バード	通常版	1,3,4,5,6,7,8	2
bishou-hari	美少玻璃	通常版	1,2,3,5,6,7	4
bishuu-gyakuten-sekai-no-kurerikku	美醜逆転世界のクレリック	通常版	1,3,4	2
blade-bastard	ブレイド&バスタード	通常版	1,2,3,5,6,7,8	4
blue-giant-momentum	BLUE GIANT MOMENTUM	通常版	1,2,4,5,6,7	3
boku-no-kanojo-wa-haru-o-uru	僕の彼女は春を売る	通常版	1,3	2
boku-no-koto-oshiteyo	僕のこと推してよ	通常版	1,3,4	2
boku-to-roboko	僕とロボコ	通常版	1,2,3,4,5,6,7,8,9,10,11,12,13,14,15,16,17,18,19,20,21,23,24,25	22
boku-wa-imasugu-zense-no-kioku-o-sutetai-akogare-no-inaka-wa-jingai-makyou-deshita-comic	僕は今すぐ前世の記憶を捨てたい。～憧れの田舎は人外魔境でした～@COMIC	通常版	1,2,4	3
bokura-ha-minna-ndeiru	ぼくらはみんな*んでいる	通常版	1,3	2
bokutachi-no-kichijouji-koimonogatari	ぼくたちの吉祥寺恋物語	通常版	1,2,3,4,6	5
bon	Bon	通常版	3,5	4
bonbaaman-4-koma-manga-oukoku	ボンバーマン4コマまんが王国	通常版	1,3,4	2
bonkotsu-shinpei-no-monster-life	凡骨新兵のモンスターライフ@COMIC	通常版	1,3,4	2
boss	Boss	通常版	1,2,3,5	4
botsu-chan-no-jidai	『坊っちゃん』の時代	通常版	2,3,5	4
botsuraku-yotei-no-kizoku-dakedo-hima-datta-kara-mahou-o-kiwamete-mita-comic	没落予定の貴族だけど、暇だったから魔法を極めてみた@COMIC	通常版	1,2,3,4,5,6,7,9,10,11,12	8
boukenshatachi-no-sekaishi	冒険者たちの世界史	通常版	1,2,3,4,5,6,7,8,9,10,11,12,13,14,15,16,18,19,20,21,22,23,24	17
boukyaku-battery	忘却バッテリー	通常版	1,2,3,4,5,6,7,8,9,10,11,12,13,14,15,16,17,18,19,21,22,23	20
bubble	バブル	通常版	1,2,3,4,5,6,8,9,10	7
bunchou-sama-to-watashi	文鳥様と私	通常版	4,5,7,8,9,10,11,12,13,14,15,16,17,18,19,20,21,22,23,24,25,26	6
bushi-ni-kyuukon-sareta-koushaku-reijou-desu	武士に求婚された公爵令嬢ですが	通常版	1,3	2
camera-baka-ni-tsukeru-kusuri	カメラバカにつける薬	通常版	2,4	3
can-you-do-asachun-with-me-for-save-the-worldsekaiwosukuutamenitsugutotoasachundekimasuka	世界を救うために亜人(わたし)と朝チュンできますか?	通常版	1,2,3,4,5,6,7,9	8
chameleon-wa-tenohira-ni-koi-o-suru	カメレオンはてのひらに恋をする。	通常版	1,2,4	3
chicchai-nurse	ちっちゃいナース	通常版	1,3	2
chicken-iguchi-2024	チキン	通常版	24,25,26,27,28,29,30,31,32,33,34,35,36,37,38,39,40,41,43,44,45,46	42
chieri-no-koi-wa-8-meetoru	ちえりの恋は8メートル	通常版	1,2,3,4,6	5
chihiro	ちひろ	通常版	1,3	2
chikyuu-boueitai-ekkusu	地球防衛隊X	通常版	1,3,4	2
chikyuuzeronen	地球0年	通常版	1,3	2
chinchin-densha-no-uta	チンチン電車の詩	通常版	1,3	2
chinjuu-no-oisha-san	珍獣のお医者さん	通常版	1,2,4	3
chinpira	弱虫	通常版	1,2,3,4,5,6,7,8,9,10,11,12,13,14,15,16,17,18,19,20,21,23,24,25,26,27,28,29,30	22
chokoreito	ちょこれいと	通常版	1,3	2
chotto-dake-kaettekita-dokutaa-slump	ちょっとだけかえってきたDr.SLUMP	通常版	1,3,4	2
chou-diienuei-suit-furogguman	超DNA戦士フロッグマン	通常版	1,3	2
chou-ka-han-ka	蝶か犯か	デラックス版	1,2,3,5,6,7,8,9,10,11,12	4
chou-puroresu-fun-rendetsu	最狂超プロレスファン烈伝	デラックス版	1,3	2
chou-shoujo-asuka	超少女明日香	通常版	1,2,3,4,5,7	6
choudokyuu-cheat-akuyaku-reijou-no-karei-naru-fukushuu-tan	超弩級チート悪役令嬢の華麗なる復讐譚	通常版	1,2,3,4,5,6,8	7
choukuu-no-kantai	超空の艦隊	通常版	1,3,4	2
choutetsu-taitei-tesura	超鉄大帝テスラ	通常版	1,3	2
christie-high-tension	クリスティ・ハイテンション	通常版	2,3,5,6,7	4
chrono-eyes	クロノアイズ	通常版	1,2,3,4,6	5
chuurippu-hoshii	チューリップほしい!	通常版	1,3,4	2
chuuzenji-sensei-mononoke-kougiroku	中禅寺先生物怪講義録	通常版	1,2,3,4,5,6,7,8,9,11,12	10
cinderella-no-giriane-ni-tensei-shitakedo-futari-no-ouji-ni-dekiai-sarete-imasu	シンデレラの義理姉に転生したけどふたりの王子に溺愛されています	通常版	1,2,4	3
cinema	シネマ	通常版	1,2,4	3
color-recipe	カラーレシピ	通常版	1,3	2
comic-inagawa-junji-no-sugooku-kowai-hanashi	コミック稲川淳二のすごーく恐い話	通常版	1,3,4,5	2
comic-master-j	コミックマスターJ	通常版	1,2,3,4,6	5
condor-king	コンドル・キング	通常版	1,2,3,4,5,7	6
cooking-papa	クッキングパパ	通常版	1,2,3,4,5,6,7,8,9,10,11,12,13,14,15,16,17,18,19,20,21,22,23,24,25,26,27,28,29,30,31,32,33,34,35,36,37,38,39,40,41,42,43,44,45,46,47,48,49,50,51,52,53,54,55,56,57,58,59,60,61,62,63,64,65,66,67,68,69,70,71,72,73,74,75,76,77,78,79,80,81,82,83,84,85,86,87,88,89,90,91,92,93,94,95,96,97,98,99,100,101,102,103,104,105,106,107,108,109,110,111,112,113,114,115,116,117,118,119,120,121,122,123,124,125,126,127,128,129,130,131,132,133,134,135,136,137,138,139,140,141,142,143,144,145,146,147,148,149,150,151,152,153,154,155,156,157,158,159,160,161,162,163,164,165,166,167,168,169,170,172,173,174,175,176	171
countach	カウンタック	通常版	1,2,3,4,5,6,7,8,9,10,11,12,13,14,15,16,17,18,19,20,21,22,23,25,26,27,28	24
crew-1994	Crew 1994	通常版	7,9,10	8
cuddle	カドル	通常版	1,2,4	3
cyborg-009	サイボーグ009	文庫版	1,2,3,4,5,6,7,8,9,10,11,12,13,14,15,16,17,18,19,20,22,23	21
dabide-no-hoshi	堕靡泥の星	通常版	1,2,3,4,5,6,7,8,9,10,11,12,13,14,15,16,17,18,19,21	20
daikaizoku-doumei-extra-edition	大海賊同盟 EXTRA EDITION	通常版	1,2,3,4,5,7	6
daikenja-no-manadeshi-bougyo-mahou-no-susume-attomaaku-comic	大賢者の愛弟子～防御魔法のススメ～@COMIC	通常版	1,2,3,4,6	5
daisuki-na-hito-nanoni-sefure-keiyaku-musunjaimashita	大好きな人なのにセフレ契約結んじゃいました…	通常版	1,3	2
dakareta-akuyaku-reijou-wa-gekihen-ouji-no-dekiai-route-ni-totsunyuuchuu	抱かれた悪役令嬢は、激変王子の溺愛ルートに突入中!?	通常版	1,2,4	3
damedoru-to-sekai-1-dake-no-fun	ダメドルと世界に1人だけのファン	通常版	1,2,4	3
danjo-no-yuujou-wa-seiritsu-suru-iya-shinai	男女の友情は成立する?〈いや、しないっ!!〉	通常版	1,2,3,5	4
danshikou-no-hanyuu-san	男子校の羽生さん	通常版	1,2,4	3
darakuya-store-monogatari	だらくやストア物語	通常版	1,3	2
dare-nimo-aisarenai	誰にも愛されない	通常版	1,3	2
deadpool-samurai-sano-2021	デッドプール:SAMURAI	通常版	1,2,4	3
dear-boys-act-4	DEAR BOYS ACT 4	通常版	1,2,3,4,5,6,7,8,9,10,11,12,13,14,15,16,17,19,20,21,22	18
deatte-5-byou-de-battle	出会って5秒でバトル	通常版	1,2,3,4,5,6,7,8,9,10,11,12,13,14,15,16,17,18,19,20,21,22,23,24,25,27,28,29,30	26
deekkirai	でぇっ嫌い!	通常版	1,2,3,5	4
deka-wanko	デカワンコ	通常版	1,2,3,4,5,6,7,8,10,11,12	9
dekin-no-mogura	出禁のモグラ	通常版	1,2,3,4,5,6,7,9,10,11,12	8
dekiru-maid-sama	できるメイド様	通常版	1,3,4	2
dekirukana	できるかな	通常版	1,3,4	2
delivery-cinderella	デリバリーシンデレラ	通常版	1,2,3,4,6,7,8,9,10,11	5
demiruka-sama-wa-goritsuyo-akuyaku-reijou	デミルカ様はごりつよ悪役令嬢	通常版	1,3,4	2
denka-anata-ga-suteta-onna-ga-honmono-no-seijo-desu	殿下、あなたが捨てた女が本物の聖女です	通常版	1,2,4	3
denkou-sekka-boys	電光石火BOYS	通常版	1,3	2
densetsu-no-yarichin-vs-teppeki-no-shiriana	伝説のヤリチンvs鉄壁の尻穴	デラックス版	2,3,5	4
diiteii-tensei	DT転生	通常版	1,2,4	3
doga	DOGA	通常版	1,2,4,5	3
dogs-sato-2023	Dogs	通常版	1,3	2
dohamari-yarou	ドハマリ野郎	通常版	4,6	5
doku-doku-mori-mori	どく・どく・もり・もり	通常版	1,2,4	3
dontatchi-hitomiko	どんたっち!瞳子	通常版	1,2,4,5	3
doragonkuesuto-1p-comic-gekijou	ドラゴンクエスト1Pコミック劇場	通常版	2,4,5,6,7,8,9,10,11	3
doragonkuesuto-4-koma-manga-gekijou	ドラゴンクエスト4コママンガ劇場	通常版	1,2,3,5,6,7,8,9,10,11,12,13,14,15,16,17,18,19,20,21,22,23	4
dorikei	℃りけい。	通常版	1,3,4,5,6,7	2
doruoji	ドルおじ	通常版	1,2,4	3
dotsukiri-angel	どっきり!エンジェル	通常版	1,3	2
dou-ganbattemo-etchi-ni-natchau-osananajimi	どう頑張ってもHになっちゃう幼なじみ	通常版	1,3	2
double-gauge	ダブルゲージ	通常版	1,2,3,5,6	4
doukyonin-wa-hiza-tokidoki-atama-no-ue	同居人はひざ、時々、頭のうえ。	通常版	1,2,3,4,5,6,7,8,9,10,12	11
doukyuuseito	どうきゅーせいと!	通常版	1,3	2
douyara-watashi-no-karada-wa-kanzen-muteki-no-youdesune	どうやら私の身体は完全無敵のようですね	通常版	1,2,3,4,5,6,7,8,9,10,11,13	12
dr-nekoyanagita-no-kagakuteki-seishun	Dr.猫柳田の科学的青春	通常版	1,3,4,5	2
dragless-sex	ドラッグレス・セックス	通常版	1,3	2
dragon-ken	ドラゴン拳	通常版	1,2,3,5,6,7	4
dragon-musume-no-doko-demonai-zone	ドラゴン娘のどこでもないゾーン	通常版	1,2,4	3
drawing	ドローイング	通常版	1,2,3,4,5,6,7,8,9,10,11,13,14,15,16,17,18	12
drcl	#DRCL	愛蔵版	1,2,3,4,6,7	5
dream-generation	ドリーム・ジェネレーション	通常版	1,2,3,4,5,6,8,9	7
drunk-bullet	ドランクバレット	通常版	1,3	2
duel-masters	DUEL MASTERS	通常版	1,2,3,4,5,6,7,8,9,10,11,12,13,14,15,17	16
eagle	イーグル	通常版	1,2,3,4,5,6,8,9,10,11	7
edogawa-ranpo-ijinkan	江戸川乱歩異人館	通常版	1,3,4,5,6,7,8,9,10,11,12,13	2
ehon-kouroumu	画本紅楼夢	通常版	1,3,4,5	2
eiyuu-majutsushi-wa-nonbiri-kurashitai-attomaaku-comic	英雄魔術師はのんびり暮らしたい@COMIC	通常版	1,2,3,4,5,6,7,8,9,11	10
eiyuu-sangokushi	英雄三国志	デラックス版	1,3	2
eko-eko-azaraku	エコエコアザラク	通常版	1,2,3,4,5,6,7,8,9,10,11,13,14,15,16,17,18,19	12
elf-to-bike-to-teikoku-chiri-chousain-to	エルフとバイクと帝国地理調査員と	通常版	1,2,4	3
engokukou	怨獄紅	通常版	1,3	2
esu-kyuu-party-kara-tsuihousareta-sareta-kariudo-jitsu-wa-sekai-saikyou	S級パーティーから追放された狩人、実は世界最強	通常版	1,3	2
esu-to-emu	SとM	通常版	1,2,3,4,5,7,8,9,10,11,12,13,14,15,16,17,18,19,20,21,22,23,24,25,26,27,28,29,30,31	6
esudii-gundam-gaiden-kishi-gundam-monogatari-seikihei-monogatari-hen	SDガンダム外伝 騎士ガンダム物語 聖機兵物語編	通常版	1,3	2
esuesuesu-rank-dungeon-de-knife-ippon-tewatasare-tsuihousareta-sareta-shiro-madoushi	SSSランクダンジョンでナイフ一本手渡され追放された白魔導師	通常版	1,2,3,5,6	4
evangelion-anthology-comic	エヴァンゲリオン・アンソロジィコミック	通常版	2,4	3
exorcist-no-kiyoshi-kun	悪祓士のキヨシくん	通常版	2,4,5,6,7	3
f-rank-shoukanshi-pet-atsukai-de-kawaigatteita-shoukanjuu-bahamut-bahamut-ni-seichou-shita-node	Fランク召喚士、ペット扱いで可愛がっていた召喚獣がバハムートに成長したので冒険を辞めて最強の竜騎士になる	通常版	1,2,4	3
fantastic-lycaon	ファンタスティックリカオン	通常版	1,3	2
fantasy-bishoujo-juniku-oji-san-to	異世界(ファンタジー)美少女受肉おじさんと	通常版	1,2,3,4,5,6,7,8,9,10,11,12,13,15,16,17	14
fate-grand-order-turas-realta	Fate/Grand Order-turas realta-	通常版	1,3,4	2
fate-kishi	Fate騎士	通常版	2,4,5,6,7,8,9,10,11	3
filter-goshi-no-kanojo	フィルター越しのカノジョ	通常版	1,2,3,4,5,7,8,9	6
final-fantasy-lost-stranger	ファイナルファンタジーロスト・ストレンジャー	通常版	1,2,3,4,5,6,7,8,9,10,11,13	12
finding-dory	ファインディング・ドリー	通常版	1,3	2
fire-emblem-4-koma-manga-gekijou	ファイアーエムブレム4コママンガ劇場	通常版	1,2,4	3
fire-emblem-watanabe-1992	ファイアーエムブレム	通常版	1,2,3,5	4
first-memory	ファーストメモリー	通常版	1,3	2
fudanshi-shoukan	腐男子召喚	通常版	1,2,3,4,5,6,7,8,9,11,12	10
fukigen-na-koushaku-sama-wa-uso-hakkenki-tsuki-reijou-no-torisetsu-o-go-goshomou-desu	不機嫌な公爵様はウソ発見器付き令嬢の取説をご所望です	通常版	1,3	2
fukou-reijou-deshitaga-happy-end-o-mukaemashita	不幸令嬢でしたが、ハッピーエンドを迎えました	通常版	1,2,4,5	3
furajairu	フラジャイル	通常版	1,2,3,4,5,6,7,8,9,10,11,12,13,14,15,16,17,18,19,20,21,22,23,24,25,26,27,28,30,31	29
fureai-kankaku	ふれあい間隔	通常版	1,3,4,5	2
furou-fushi-shoujo-no-naedoko-ryokouki	不老不死少女の苗床旅行記	通常版	1,3,4	2
fushigi-na-neko-no-machi-meltier	ふしぎな猫のまちメルティア	通常版	1,3,4	2
fushigi-tobe-kun	ふしぎトーボくん	通常版	1,3	2
futatsu-no-spica	ふたつのスピカ	通常版	8,10	9
futsuu-no-joshikousei-ga-rokodoru-yattemita	普通の女子校生が【ろこどる】やってみた。	通常版	1,2,3,4,6,7,8,9,10	5
fuufu-no-hiketsu-wa-banshaku-desu	夫婦のヒケツは晩酌です	通常版	1,3	2
fuuhai-ni-kike	風牌に訊け	通常版	1,3,4,5,6	2
fuuma-chan-nukemasu	風魔ちゃん、抜けます!!	通常版	1,2,4	3
fuuto-tantei	風都探偵	通常版	1,2,3,4,5,6,7,8,9,10,11,12,13,14,15,16,18,19	17
gacha-o-mawashite-nakama-o-fuyasu-saikyou-no-bishoujo-gundan-o-tsukuriagero	ガチャを回して仲間を増やす最強の美少女軍団を作り上げろ	通常版	1,2,3,4,5,6,7,8,9,10,12	11
gaitou-alice	骸盗アリス	通常版	1,3	2
gaku-san	ガクサン	通常版	1,2,3,4,5,6,7,8,10,11,12,13,14	9
gakuen-ouji	学園王子	通常版	1,2,3,4,5,7,8,9,10,11,12	6
gakuen-sensuikantai-mermaid-girls	学園潜水艦隊マーメイドガールズ	通常版	1,3	2
gal-ga-sylvanian-family-o-dekiai-shitara	ギャルがシルバニアファミリーを溺愛したら。	通常版	2,3,5,6,7	4
gamurakan	臥夢螺館	通常版	1,3	2
gandharva	ガンダルヴァ	通常版	1,3	2
garyuu	画竜	通常版	1,2,4,5	3
gate	ゲート	通常版	1,2,3,4,5,6,7,8,9,10,11,12,13,14,15,16,17,18,19,20,21,22,23,24,25,27,28	26
gekiga-oya-sama-monogatari	劇画教祖物語	通常版	1,2,4	3
gekisaiuchuuken	撃殺!宇宙拳	通常版	1,2,3,5	4
genkai-koe-no-tenpu-wa-tenseisha-ni-shika-atsukaenai	限界超えの天賦は、転生者にしか扱えない	通常版	1,2,3,5,6	4
gentei-kanojo	限定彼女	通常版	1,3	2
gentsuki-oba-san	原付おばさん	通常版	1,3,4	2
getsuyoubi-no-tawawa	月曜日のたわわ	通常版	1,2,3,4,5,6,7,8,9,10,12,13,14	11
giant-killing-extra-giant-killing-hatsu-sakkaa-entaateinmento-magazine	GIANT KILLING extra ジャイアントキリング発サッカーエンターテインメントマガジン	通常版	6,7,8,9,10,11,13,14	12
giant-killing	GIANT KILLING	通常版	1,2,3,4,5,6,7,8,9,10,11,12,13,14,15,16,17,18,19,20,21,22,23,24,25,26,27,28,29,30,31,32,33,34,35,36,37,38,39,40,41,42,43,44,45,46,47,48,49,50,51,52,53,54,55,56,57,58,59,60,61,62,63,64,66,67,68,69	65
gifuu-doudou-kaze-no-gunshi-kuroda-kanbei	義風堂々!!疾風 (かぜ) の軍師黒田官兵衛	通常版	1,2,4,5,6,7,8,9,10	3
gindama-inochi-ginjirou	銀玉命!銀次郎	通常版	1,3	2
ginga-eiyuu-densetsu	銀河英雄伝説	通常版	1,2,3,4,5,6,7,8,9,10,11,12,13,14,15,16,17,18,19,20,21,22,23,24,25,26,27,28,29,30,31,32,33,35	34
girls-ando-panzer-motto-raburabu-sakusen-desu	ガールズ&パンツァーもっとらぶらぶ作戦です!	通常版	1,2,3,4,5,6,7,8,9,10,11,12,13,14,15,16,17,18,19,20,21,23,24,25	22
god-kun	ごっどくん	通常版	1,3,4	2
goddess	ガッデス	通常版	1,3	2
gogogo-saiyuuki	ゴゴゴ西遊記	通常版	1,2,3,4,5,7,8,9	6
gokicha	ごきチャ	通常版	1,2,3,5	4
gokigenyou-ikkyoku-ikaga	ごきげんよう、一局いかが?	通常版	1,2,4	3
gokujou-pairotto-ga-aisai-ni-go-goshomou-desu	極上パイロットが愛妻にご所望です	通常版	1,3	2
golden-egg	ゴールデンエッグ	通常版	1,2,3,5,6,7,8	4
golf-jinsei	ゴルフ・人生	通常版	1,2,4	3
good-morning-teacher	Good morningティーチャー	通常版	1,2,3,4,5,6,7,8,9,10,11,12,14	13
goshujin-sama-no-oshioki	ご主人様のおしおき?	通常版	1,3	2
gotoshi-kabushiki-kaisha	ゴト師株式会社	通常版	2,3,4,5,6,7,8,10	9
goukaku-kigan	合格祈願	通常版	1,2,4	3
green-no-kifujin	芝の貴婦人	デラックス版	1,3	2
growing-up	グローイング・アップ	通常版	1,2,4	3
gurazeni-daileaguehen	グラゼニ～大リーグ編～	通常版	1,2,3,4,6,7,8,9	5
gurazeni	グラゼニ	通常版	1,2,3,4,5,6,7,8,9,10,11,12,13,14,15,17	16
guresanpo	グレさんぽ	通常版	1,3	2
gush-mania	GUSH mania	通常版	7,9	8
guutara-nekomata-to-osekkai-otoko	ぐ～たら猫またとおせっかい男子	通常版	1,3	2
hajime-ningen-gon	はじめ人間ゴン	通常版	1,2,3,4,5,7	6
hakumai-rai-san	白米礼賛	通常版	1,3	2
hakuryuu-hadou	白竜hadou	通常版	1,2,3,4,5,6,7,8,9,10,11,12,13,14,15,16,17,18,19,20,21,22,23,24,25,26,27,28,29,30,31,32,33,34,35,36,37,38,39,40,41,42,43,44,45,47	46
hallelujah-baby	ハレルヤベイビー	通常版	1,2,3,4,5,6,8	7
hamster-club	ハムスター倶楽部	通常版	4,6	5
hana-ni-kamiguse	花に噛みぐせ	デラックス版	1,3,4	2
hana-ni-nurse-call	華にナースコール	通常版	1,2,3,4,5,6,8,9,10,11,12	7
hana-no-deka	花の慶次	通常版	1,2,3,4,5,6,7,8,9,10,11,12,13,14,15,16,17,18,20	19
hana-to-shura	華と修羅	通常版	1,2,3,5	4
hanabira-no-tou	花びらの塔	通常版	2,4,5	3
hanamori-no-kitsune	花守の狐	通常版	1,3	2
hangyaku-komenteetaa-endou-san	反逆コメンテーターエンドウさん	通常版	2,4	3
haou-taikei-ryuunaito-collectors-edition	覇王大系リューナイトcollector's edition	通常版	1,3	2
haramu-made-midare-ike	孕むまで乱れいけ	通常版	2,4,5	3
hardboiled-daddy	ハードボイルド・ダディ	通常版	1,3	2
harukanaru-toki-no-naka-de	遙かなる時空の中で	通常版	1,2,3,4,5,6,7,8,10,11	9
hashire-merosu	走れメロス	通常版	1,3	2
hatarakanai-futari	働かないふたり	通常版	1,2,3,4,5,6,7,8,9,10,11,12,13,14,15,16,17,18,19,20,21,22,23,24,25,26,27,28,29,30,31,32,34,35,36,37	33
hataraku-maou-sama	はたらく魔王さま!	通常版	1,2,3,4,5,6,7,8,9,10,11,12,13,14,15,16,17,18,19,20,21,22,24	23
hazure-skill-sekai-toshokan-ni-yoru-isekai-no-chishiki-to-hajimeru-sangyou-kakumei	外れスキル「世界図書館」による異世界の知識と始める『産業革命』	通常版	1,3,4	2
hazure-zokusei-tsuchi-mahou-no-sei-de-henkyou-ni-tsuihousareta-sareta-node-gangan-ryouchi-kaitaku	ハズレ属性土魔法のせいで辺境に追放されたので、ガンガン領地開拓します!	通常版	1,2,4	3
heart-kiyatsuchi-izumichiyan	ハート❤キャッチいずみちゃん	通常版	1,2,3,4,5,7,8,9	6
heba-hello-chan	へば!Helloちゃん	通常版	1,2,3,5	4
heba-hello-chan	へば!Helloちゃん	デラックス版	2,4	3
hei-omachi	へい!お待ちっ!	通常版	2,4	3
henkutsu-saishou-osanazuma-ni-rouraku-dekiaisareru	偏屈宰相、幼妻に篭絡される	通常版	1,3	2
hibi-rock	日々ロック	通常版	1,3,4,5,6	2
higurashi-no-naku-koro-ni-himatsubushihen	ひぐらしのなく頃に 暇潰し編	通常版	1,2,4	3
hikari-to-tomoni	光とともに…	文庫版	1,2,3,4,5,6,7,8,10	9
himitsu-de-naito	ひ・み・つでナイト	通常版	1,3	2
hitman-go-go	ヒットマンgo!go!	通常版	1,2,4	3
hito-no-ko	ひとのこ	通常版	1,3	2
hitoribocchi-no-hanamusume-wa-ori-no-naka-no-ryuukishi-ni-koi-negau	ひとりぼっちの花娘は檻の中の竜騎士に恋願う	通常版	1,2,4	3
hogosha-na-maou-to-kodomo-yuusha	保護者な魔王と子ども勇者	通常版	1,3	2
hokuto-no-ken-seikimatsu-drama-satsueiden	北斗の拳世紀末ドラマ撮影伝	通常版	1,2,3,4,5,7,8	6
honke-no-yome	本家のヨメ	通常版	1,2,3,4,5,6,7,8,9,10,11,12,13,14,15,16,17,19,20	18
honoo-no-mirage-reboot	炎の蜃気楼R(ミラージュリブート)	通常版	1,2,3,4,5,6,7,8,10	9
honto-ni-atta-gakkou-kaidan	ほんとにあった学校怪談	通常版	1,2,3,5	4
honto-yajuu	ほんと野獣	通常版	2,3,4,5,6,7,8,9,10,11,12,13,15,16,17,18,19	14
hontou-ni-atta-chibi-waraeru-hanashi	本当にあったちび笑える話	通常版	204,205,207,208	206
hooker	フッカー	通常版	1,3	2
horikou-hanemono-ranger	堀高ハネモノレンジャー	通常版	1,3	2
hoshi-no-ouka	星の謳歌	通常版	1,3	2
hoshikuzu-no-ouji-sama	星屑の王子様	通常版	1,2,3,4,5,7,8,9	6
houchou-mushuku	包丁無宿	通常版	1,2,3,4,5,6,7,8,9,10,11,12,13,14,15,16,17,18,19,20,22,23,24,25,26,27,28,29,30,31,32,33,34,35,36,37,38,39,40,41,42,43,44,45	21
houga-purezen-joshikousei-houkichi-eiko-san	邦画プレゼン女子高生邦キチ!映子さん	通常版	1,2,3,4,5,6,7,8,9,10,11,13	12
housekihime-wa-kudakenai	宝石姫は、砕けない	通常版	1,2,4	3
hundred-handles-handling-the-world	ハンドレッドハンドルズハンドリングザ・ワールド	通常版	1,3	2
hyakki-chousho	百鬼調書	通常版	1,2,4	3
hyakugan-no-argus	百眼のアーガス	通常版	1,2,4	3
hyakunen-no-matsuri	百年の祭り	通常版	1,2,3,4,5,6,7,8,9,11,12,13	10
hyouka	氷菓	通常版	1,2,3,4,5,6,7,8,9,10,11,12,13,14,15,17	16
hyouman	豹マン	通常版	1,3	2
hyper-shoujo-ukkii	はいぱー少女ウッキー!	通常版	1,3	2
hypnosis-mic-before-the-battle-the-dirty-dawg	ヒプノシスマイク-before the battle-the dirty dawg	通常版	1,3,4	2
iara	イアラ	通常版	1,2,3,4,5,6,8	7
ice-age	アイスエイジ	通常版	1,2,3,4,5,6,8,9,10	7
ichiokunen-bo-tan-o-renda-shita-ore-wa-kizuitara-saikyou-ni-natte-ita	一億年ボタンを連打した俺は、気付いたら最強になっていた	通常版	1,2,3,4,5,6,8,9,10	7
idol-be-back	アイドルビーバック!	通常版	1,3	2
ie-naki-ko	家なき子	通常版	1,3	2
igyoutou-san-to-ningen-chan	異形頭さんとニンゲンちゃん	通常版	1,3,4	2
ijiranaide-nagatoro-san	イジらないで、長瀞さん	通常版	1,2,3,4,5,6,7,8,9,10,11,12,13,14,15,16,17,19,20	18
ikarosu-no-yama	イカロスの山	通常版	1,2,3,4,5,7,8,9,10	6
ikatsui-kao-de-kyouaku-kishidanchou-to-osorerareru-koushaku-sama-no-saigo-no-konkatsu-aite-wa	厳つい顔で凶悪騎士団長と恐れられる公爵様の最後の婚活相手は社交界の幻の花でした	通常版	1,2,3,4,6,7	5
ikemen-otto-wa-gorira-tsuma-to-pretty-musume-o-aishisugiteru	イケメン夫はゴリラ妻とプリティ娘を愛しすぎてる	通常版	1,3	2
ikenie-musume-no-soudai-naru-otto-ikusei-tan	生贄娘の壮大なる夫育成譚	通常版	1,3	2
iki-dekinai-no-wa-kimi-no-sei	息できないのは君のせい	通常版	1,2,3,4,6	5
ikitoshi-ikeru	生きとし生ける	通常版	1,3	2
imootaru-princess-hajimemashita	人外姫様(イモータルプリンセス)、始めました	通常版	1,2,3,4,5,6,7,8,9,10,11,12,14,15,16	13
imouto-wa-kanojo-ni-dekinai-noni	妹はカノジョにできないのに	通常版	1,2,4	3
informa	インフォーマ-INFORMA-	通常版	1,3,4	2
inkya-datta-ore-no-seishun-revenge	陰キャだった俺の青春リベンジ	通常版	1,2,4	3
innai-keisatsu	院内警察	通常版	1,2,3,4,5,6,7,9	8
insects-r	インセクツR	通常版	1,3,4	2
intai-kenja-wa-nonbiri-kaitaku-seikatsu-o-okuritai	引退賢者はのんびり開拓生活をおくりたい	通常版	1,3,4	2
inugamike-no-ichizoku	犬神家の一族	通常版	1,3	2
ipponbouchoumantarou	一本包丁満太郎	通常版	1,2,3,4,5,6,7,8,9,10,11,12,13,14,15,16,17,18,19,20,22,23,24,25,26,27,28,29,30,31,32,33	21
irasshai	いらっしゃい	通常版	1,3,4	2
isekai-chanko	異世界ちゃんこ	通常版	1,2,3,4,5,6,7,8,9,10,11,12,13,15	14
isekai-de-mizu-no-daiseirei-yattemasu	異世界で水の大精霊やってます。	通常版	1,3,4	2
isekai-de-mofumofu-nadenade-suru-tame-ni-ganbattemasu	異世界でもふもふなでなでするためにがんばってます。	通常版	1,2,3,4,5,6,7,8,9,10,11,12,13,15,16,17	14
isekai-deno-ore-eno-hyouka-ga-okashiindaga	異世界でのおれへの評価がおかしいんだが	通常版	1,3,4	2
isekai-pomeranian-to-niji-no-mofumofu-tabi	異世界ポメラニアンと虹のもふもふ旅	通常版	1,3	2
isekai-ryouridou	異世界料理道	通常版	1,2,3,4,5,6,7,8,9,10,12,13	11
isekai-tensei-no-boukensha	異世界転生の冒険者	通常版	1,2,3,4,5,6,7,8,9,10,12	11
isekai-tensei-soudouki	異世界転生騒動記	通常版	1,2,3,4,5,6,7,8,9,10,11,12,14	13
isekai-toushou-no-maken-seisaku-gurashi	異世界刀匠の魔剣製作ぐらし	通常版	1,3,4	2
isekai-yakkyoku	異世界薬局	通常版	1,2,3,4,5,6,7,8,9,10,12	11
isekai-yururi-camp	異世界ゆるりキャンプ	通常版	2,4	3
isekai-yurutsu-to-survival-seikatsu	異世界ゆるっとサバイバル生活	通常版	1,2,3,4,5,6,8,9	7
isharyou-gari	慰謝料狩り	通常版	1,3,4	2
ishii-hisaichi-no-keizai-gairon	いしいひさいちの経済外論	通常版	1,3	2
issak	イサック	通常版	1,2,3,4,5,6,7,8,9,10,11,12,13,14,15,16,17,19	18
isshiki-san-wa-koi-o-shiritai	一式さんは恋を知りたい。	通常版	1,2,3,4,5,6,8,9	7
isshokenmei-ni-ken-no-shugyou-o-shita-osananajimi-ga-dorei-ni-natte-ita-node-esu-rank-boukensha-no	一緒に剣の修行をした幼馴染が奴隷になっていたので、Sランク冒険者の僕は彼女を買って守ることにした	通常版	1,2,4	3
itsuwari-no-seijo-wa-ryuukoku-no-mahoutsukai-ni-narimashita	偽りの聖女は竜国の魔法使いになりました	通常版	1,2,4	3
izakaya-bottakuri	居酒屋ぼったくり	通常版	1,2,3,4,5,6,7,8,9,11	10
izure-saikyou-no-renkinjutsushi	いずれ最強の錬金術師?	通常版	1,2,3,4,5,6,7,9	8
jin	JIN	デラックス版	5,6,7,8,10,11,12,13,14,15,16,17,18,19,20	9
jinjuu-houretsuden	仁獣芳烈伝	通常版	1,2,3,4,5,6,7,8,9,10,12,13	11
jinrou-e-no-tensei-maou-no-fukukan	人狼への転生、魔王の副官	通常版	1,3,4,5,6,7,8,9,10,11	2
jinzou-ningen-kikaider	人造人間キカイダー	文庫版	1,3	2
jiraikei-kareshi-suzu-kun	地雷系彼氏すずくん	通常版	2,4	3
jitsuryoku-shugi-ni-hirowareta-kanteishi	実力主義に拾われた鑑定士	通常版	1,2,4	3
jouou	嬢王	通常版	1,2,3,4,5,6,7,8,9,11,12	10
joyuu-kawasaki-1988	女優	通常版	1,3,4	2
joyuu	女優	通常版	1,3,4,5,6,7,8,9,10	2
jujutsu-kaisen	呪術廻戦	通常版	1,2,3,4,5,6,7,8,9,10,11,12,13,14,15,16,17,18,19,20,21,22,23,24,25,26,27,29,30	28
juuseiki-guilstein	獣星記ギルステイン	通常版	1,3,4	2
juusou-reijou-morenet	重装令嬢モアネット	通常版	1,3,4	2
k2	K2	通常版	1,2,3,4,5,6,7,8,9,10,11,12,13,14,15,16,17,18,19,20,21,22,23,24,25,26,27,28,29,30,31,32,33,34,35,36,37,38,39,40,41,42,43,44,45,46,47,49,50,51,52	48
kabukichou-goshimei-hairimasu	歌舞伎町ご指名♂挿入ります!	通常版	1,3	2
kachou-fuugetsu	花鳥風月	通常版	1,2,3,4,5,6,7,8,9,10,12	11
kaeru-ie-ga-nai-hanzaishatachi	帰る家がない犯罪者たち	通常版	1,3,4	2
kage-no-jitsuryokusha-ni-naritakute	陰の実力者になりたくて!	通常版	1,2,3,4,5,6,7,8,9,10,11,12,13,15,16,17	14
kagemusha-tokugawa-ieyasu-gaiden-sakon	影武者徳川家康外伝左近	通常版	1,2,3,4,6	5
kaichuu	カイチュー!	通常版	1,2,3,4,5,7,8,9,10,11,12	6
kaidou-arukundesu	街道あるくんです	通常版	1,2,4	3
kaiikai	怪異界	通常版	1,2,4	3
kaijuu-8-gou	怪獣8号	通常版	1,2,3,4,5,6,7,8,9,10,11,12,13,15,16	14
kaijuu-kamui	怪獣カムイ	通常版	1,3	2
kaijuu-on-the-earth-borukarusu	Kaiju on the Earthボルカルス	通常版	1,2,4	3
kaina	腕	通常版	1,3	2
kajin	炎人	通常版	1,3,4,5,6,7,8,9,10,11,12	2
kakuriyo-no-wakadanna-sama-to-niehime	かくりよの若旦那様と贄姫	通常版	1,2,4	3
kamakura-bake-neko-club	かまくらBAKE猫倶楽部	通常版	1,3	2
kameraman-monogatari	カメラマン物語	通常版	1,3,4,5	2
kami-sama-no-volley	神様のバレー	通常版	1,2,3,4,5,6,7,8,9,10,11,12,13,14,15,16,17,18,19,20,21,22,23,24,25,26,27,28,29,30,31,32,33,34,35,37,38,39,40	36
kamigami-no-kago-de-sei-san-kakumei	神々の加護で生産革命	通常版	1,2,3,5,6,7	4
kamikakushi-no-rakuen	神隠しの楽園	通常版	1,2,3,5,6,7,8	4
kamui-den	カムイ伝	愛蔵版	2,4	3
kanchigai-no-atelier-maisutaa	勘違いの工房主(アトリエマイスター)	通常版	1,2,3,4,5,6,8,9	7
kannagi	かんなぎ	通常版	1,2,3,4,5,6,7,8,9,11,12	10
kanojo-no-hitorigurashi-tsuu-out-manrui	彼女のひとりぐらしツーアウト満塁	デラックス版	1,3	2
kanojo-no-karera-rs	彼女のカレラRS	通常版	1,2,3,5,6	4
kanojo-no-karera	彼女のカレラ	通常版	1,2,3,4,5,6,7,8,9,10,11,12,13,14,15,16,17,18,19,21,22,23,24	20
kanpeki-waifu-ni-yoru-kanpeki-na-fukushuu-keikaku	完璧ワイフによる完璧な復讐計画	通常版	1,2,4	3
kantai-collection-kancolle-4-koma-comic	艦隊これくしょん-艦これ-4コマコミック	通常版	10,12,13,14,15,16,17	11
kantai-collection-kancolle-comic-arakaruto-maizuru-chinjufu-hen	艦隊これくしょん-艦これ-コミックアラカルト 舞鶴鎮守府編	通常版	1,2,3,4,5,6,7,8,9,10,11,12,13,14,16,17	15
kaoru-hana-wa-rin-to-saku	薫る花は凛と咲く	通常版	1,2,3,4,5,6,7,8,9,10,11,12,13,15,16,17,18,19,20,21,22	14
karada-ga-koisuru-keiyaku-kekkon	カラダが恋する契約結婚	通常版	2,3,5	4
karei-naru-shokutaku	華麗なる食卓	通常版	1,2,3,4,5,6,7,8,9,10,11,12,13,14,15,16,17,18,19,20,21,22,23,24,25,26,27,28,29,30,31,32,33,34,35,36,37,38,39,40,42,43,44,45,46,47,48,49	41
karrafuru-na-etsubburidei	カッラフルなエッッブリデイ	通常版	2,4	3
karubania-monogatari	カルバニア物語	通常版	1,2,3,4,5,6,7,8,9,10,11,12,13,14,15,17,18,19,20,21,22	16
kasouba-de-hataraku-boku-no-nichijou	火葬場で働く僕の日常	通常版	1,2,3,5	4
kazan	KAZAN	通常版	1,2,3,4,5,7	6
kaze-no-tani-no-naushika	風の谷のナウシカ	ワイド版	1,3	2
kegawa-to-nakami	けがわとなかみ	通常版	1,3,4	2
keirin-yarou	ケイリン野郎	通常版	1,2,3,4,5,6,7,8,9,10,11,12,13,14,15,16,17,18,19,20,21,22,23,24,25,26,27,28,29,30,31,32,33,34,35,36,37,38,39,40,41,42,43,44,46,47,48,49,50,51,52,53,54,55,56	45
keishichou-sousa-ikka-totsugawa-keibu-ando-torein-mystery-comic-selection	警視庁捜査一課十津川警部＆トレインミステリーコミックセレクション	通常版	1,2,3,4,5,6,7,9,10,11,12	8
keishichou-totsugawa-keibu-no-file-tetsudou-mystery-best-comic	警視庁十津川警部の事件簿＆鉄道ミステリーベストコミック	通常版	1,2,3,4,5,6,7,9,10,11,12,13,14,15,16	8
kekkon-shiyou-rikon-zentei-de	結婚しよう。離婚前提で。	通常版	1,2,4	3
kekkon-shiyou	結婚しよう	通常版	2,4	3
kekkon-shoubai	結婚商売	通常版	1,3,4	2
kekkoo-kenkou-kazoku	ケッコーケンコウ家族	通常版	1,2,3,4,6	5
kekkoukamen	けっこう仮面	デラックス版	1,3	2
kemotchi-hiyori	ケモっちびより!	通常版	1,3	2
kemuri-to-mitsu	煙と蜜	通常版	1,2,3,4,5,7	6
kemuriiro-no-mahoroba	煙色のまほろば	通常版	1,3	2
kenchou-no-hoshi	県庁の星	通常版	1,3,4	2
kenja-no-mago	賢者の孫	通常版	1,2,3,4,5,6,7,8,9,10,11,12,13,14,15,16,17,18,19,20,21,22,23,24,26,27,28	25
kenkaku-shoubai	剣客商売	通常版	1,2,3,4,5,6,7,8,9,10,11,12,13,14,15,16,17,18,19,20,21,22,23,24,25,26,27,28,29,30,31,32,33,34,35,36,37,38,39,40,41,42,43,44,45,46,47,48,49,51,52,53,54	50
kenrou-densetsu	犬狼伝説	通常版	1,3	2
kibaken	牙拳	通常版	1,2,3,4,5,6,7,8,10,11,12	9
kifujin-rooza-wa-kage-kara-ai-o-mimamoritai	貴腐人ローザは陰から愛を見守りたい	通常版	1,2,4	3
kigekishinshisoutaikei	喜劇新思想大系	文庫版	1,3	2
kimi-ga-dare-demo-aishiteru	きみが誰でも愛してる	通常版	1,2,4	3
kimi-ni-sasageru-otokomae	君に捧げる男前	通常版	1,3	2
kindaichi-37-sai-no-file	金田一37歳の事件簿	通常版	1,2,3,4,5,6,7,8,9,10,11,12,13,14,15,16,18	17
king-abyss	キングアビス	通常版	1,3	2
kininaru-anoko-wa-kaeru-zuki	気になるあの子はカエル好き	通常版	1,3,4	2
kinkon-tosa-nikki	きんこん土佐日記	通常版	1,2,3,4,5,6,7,8,9,10,11,12,13,15	14
kinnikuman	キン肉マン	通常版	1,2,3,4,5,6,7,8,9,10,11,12,13,14,15,16,17,18,19,20,21,22,23,24,25,26,27,28,29,30,31,32,33,34,35,36,37,38,39,40,41,42,43,44,45,46,47,48,49,50,51,52,53,54,55,56,57,58,59,60,61,62,63,64,65,66,67,68,69,70,71,72,73,74,75,76,77,78,79,80,81,82,83,84,85,87,88,89,90,91,92	86
kirisaki-karin-wa-korosasenai	切崎花梨は殺させない	通常版	1,3	2
kiss-me-crying	Kiss me crying	デラックス版	2,3,5	4
kitarouyawa	鬼太郎夜話	文庫版	1,3	2
kizuato	痕	通常版	2,4,5	3
kodomo-ni-natsukaretara-kaseifu-ni-narimashita-are-kishi-sama-nimo-dekiai-sareteru-you-desu	子供に懐かれたら家政婦になりました。あれ?騎士様にも溺愛されてるようです!?	通常版	1,3,4	2
kogure-kyoudai-no-tomurai-kissa	木暮姉弟のとむらい喫茶	通常版	1,3	2
koi-shita-hito-wa-imouto-no-kawari-ni-shinde-kure-to-itta	恋した人は、妹の代わりに死んでくれと言った。@COMIC	通常版	1,2,4	3
koi-toka-yume-toka-tententen	恋とか夢とかてんてんてん	通常版	1,3	2
koi-wa-nintai	恋は忍耐	通常版	1,3	2
koigakubo-kun-ni-hajimete-o-ubawaremashita-2023	恋ヶ窪くんにはじめてを奪われました	デラックス版	6,7,9	8
koisuru-tetsumenpi	恋する鉄面皮	通常版	1,2,3,4,5,7	6
koisuru-triangle	恋するトライアングル	通常版	1,3	2
kokkoku-kuroguro	黒黒黒黒	通常版	1,3	2
kokoro-himeru-no-zen-himitsu	古々路ひめるの全秘密	通常版	1,3,4	2
kokoro-no-koe-ga-kikoeru-akuyaku-reijou-wa-kyou-mo-koinu-denka-ni-honrou-dekiaisareru-comic	心の声が聞こえる悪役令嬢は、今日も子犬殿下に翻弄される@COMIC	通常版	1,2,4	3
komatta-toki-niwa-hoshi-ni-kike	困った時には星に聞け!	通常版	1,2,3,5,6,7,8,9,10,11,12,13,14,15,16,17,18,19,20,21,22,23,24,25,26	4
komen-fuufu	狐面夫婦	通常版	1,3	2
komi-san-wa-komyushou-desu	古見さんは、コミュ症です。	通常版	1,2,3,4,5,6,7,8,9,10,11,12,13,14,15,16,17,18,19,20,21,22,23,24,25,26,27,28,29,30,31,32,33,34,36,37	35
konjaku-monogatari	今昔物語	通常版	1,3	2
konnamonikagassukaa	こんなもんいかがっすかぁ	通常版	1,3	2
konno-chinatsu-no-fujou-na-nichijou	近野智夏の腐じょうな日常	通常版	1,2,3,4,5,7,8	6
kono-class-ni-gal-wa-inai	このクラスにギャルはいない	通常版	1,3	2
kono-kanojo-wa-fiction-desu	この彼女はフィクションです。	通常版	1,3,4	2
kono-koi-wa-minoranai	この恋は実らない	通常版	1,3	2
kono-sekai-ga-izure-horobu-koto-o-ore-dake-ga-shitte-iru	この世界がいずれ滅ぶことを、俺だけが知っている	通常版	1,2,3,4,5,6,7,8,9,11,12,13	10
konsei-wa-akujo-de-ikinobimasu	今世は悪女で生き延びます!	通常版	1,3,4	2
konyaku-haki-da-hatsujou-seijo	婚約破棄だ、発情聖女。	通常版	1,2,4	3
konyakusha-ga-uwaki-aite-to-kakeochi-shimashita-ouji-denka-ni-dekiai-sarete-shiawase-nanode-imasara	婚約者が浮気相手と駆け落ちしました。王子殿下に溺愛されて幸せなので、今さら戻りたいと言われても困ります。	通常版	1,3,4	2
konyakusha-no-uwaki-genba-o-michatta-node-hajimari-no-kane-ga-narimashita-za-comic	婚約者の浮気現場を見ちゃったので始まりの鐘が鳴りましたthe comic	通常版	1,2,4	3
kore-wa-keihi-de-ochimasen	これは経費で落ちません!	通常版	1,2,3,4,5,6,7,8,9,10,11,12,14,15,16	13
korekara-ore-wa-kouhai-ni-dakaremasu	これから俺は、後輩に抱かれます	デラックス版	1,2,3,5	4
korogashi-ryouta	ころがし涼太	通常版	1,2,3,4,5,6,7,8,9,10,11,12,13,14,15,16,17,18,19,20,21,22,23,24,25,26,28,29	27
kou-2-no-koi-no-wasurekata	高2の恋の忘れ方	通常版	1,2,4	3
koukyuu-no-kenshi-nyokan	後宮の検屍女官	通常版	1,2,4	3
kousaka-shachou-wa-gaman-dekinai	高坂社長は我慢できない	デラックス版	1,2,3,4,6	5
koutei-no-kodomo-o-kakusu-houhou	皇帝の子供を隠す方法	通常版	1,3,4	2
koutei-to-chouki-wa-naka-ga-owarui	皇帝と寵姫は仲がお悪い	通常版	1,3	2
koutsugou-semi-friend	好都合セミフレンド	通常版	1,3	2
kouya-ni-kemono-doukokusu	荒野に獣慟哭す	通常版	1,2,3,4,6,7,8,9	5
kuma-kuma-kuma-bear-gaiden-yuna-no-yorimichi-techou	くまクマ熊ベアー外伝～ユナのよりみち手帖～	通常版	1,3,4	2
kuranoyado	蔵の宿	通常版	1,2,3,4,5,6,7,8,9,10,11,12,13,14,15,16,17,18,19,20,21,22,23,24,25,26,27,28,29,30,31,32,33,34,35,36,37,38,40	39
kuro-ka-shiro-ka	黒か白か	通常版	1,2,3,4,5,6,7,8,9,10,11,12,14	13
kurobee-2002	黒ベエ	通常版	1,3	2
kusattemo-neko-nanode	くさっても猫なので	通常版	1,3	2
kuubo-ibuki-great-game	空母いぶきGREAT GAME	通常版	1,2,3,4,5,6,7,8,9,10,11,12,13,15,16,17,18	14
kuuzoku-huck-to-jouki-no-hime	空賊ハックと蒸気の姫	通常版	1,3,4	2
kuzu-gedou-no-ore-wa-sennou-skill-de-bishoujo-o-nugasu-koto-ni-shita	クズ外道の俺は、洗脳スキルで美少女を脱がすことにした。	通常版	1,2,4	3
kyou-kara-koko-de-kurashimasu	今日からここで暮らシマす!?	通常版	1,3	2
kyougeki-burai-ryouran	京劇的無頼繚乱	通常版	1,3,4,5,6,7	2
kyouka-ayakashi-hichou	鏡花あやかし秘帖	通常版	1,3	2
lapis-no-shinzou	ラピスの心臓	通常版	1,3,4	2
legend	レジェンド	通常版	1,2,3,4,5,6,7,8,9,10,11,12,13,14,15,16,18	17
lightning-brigade	ライトニング・ブリゲイド	通常版	1,3	2
little-janpaa	リトル・ジャンパー	通常版	1,2,3,5,6,7	4
love-me-tender	ラヴミーテンダー	通常版	1,2,3,4,5,7,8	6
love-survival-riaritei-show-ni-kita-hazu-ga-real-survival-desu-game-o-ikinuku-koto-ni-narimashita	恋愛サバイバルリアリティショーに来たはずが、リアルサバイバルデスゲームを生き抜くことになりました	通常版	1,3	2
lovelyn-monroe	ラブリン モンロー	通常版	1,2,3,5	4
lucciola-to-makyou-no-shoukanin	ルキオラと魔境の商館員	通常版	1,3,4	2
lunch-sake	ランチ酒	通常版	1,3	2
ma-no-mono-tachi-wa-kuwadateru	魔のものたちは企てる	通常版	1,3	2
mad	MAD	通常版	1,3,4,5,6	2
madame-tachi-no-room-share	マダムたちのルームシェア	通常版	2,3,5	4
madara-rumble	マダラランブル	通常版	1,3,4	2
maddodoggu-ken	マッドドッグ拳	通常版	1,3	2
madougushi-rize-kaigyou-shimasu	魔道具師リゼ、開業します	通常版	1,2,4	3
magajin	少年マガジン大全集復刻版	通常版	1,3	2
magyaku-na-futari-wa-dounimo-dekinai	真逆な2人はどうにもデキない。	通常版	1,3,4	2
mahou-shoujo-chikichiki	魔法少女チキチキ	通常版	1,3	2
mahouka-koukou-no-rettousei-2018	魔法科高校の劣等生	通常版	1,2,4,5,6,7,8	3
mairimashita-iruma-kun-ifu-episode-obu-mafia	魔入りました!入間くんif Episode of魔フィア	通常版	1,3,4,5,6,7	2
mairimashita-to-iwasetai	まいりましたと言わせたい	通常版	1,3	2
maji	本気!	文庫版	1,2,3,4,5,6,7,8,9,10,11,12,13,14,15,16,17,19,20,21,22,23,24,25	18
majo-wa-mangetsu-ni-saku	魔女は満月に咲く	通常版	1,2,4	3
major-2nd	MAJOR 2nd	通常版	1,2,3,4,5,6,7,8,9,10,11,12,13,14,15,16,17,18,19,20,21,22,23,24,25,26,27,28,30,31,32	29
mama-wa-yashinomiwari	ママはやしの実わり	通常版	1,3	2
mame-to-mugi	まめとむぎ	通常版	1,3	2
mameda-sensei	まめだ先生	通常版	1,3	2
manga-de-nyanko-daisensou	まんがで!にゃんこ大戦争	通常版	1,2,3,4,5,6,7,8,9,10,11,12,13,14,16,17,18	15
manga-kotowaza-jiten	まんがことわざ事典	通常版	1,2,4,5	3
manga-ningen-no-jouken	マンガ人間の條件	通常版	1,3	2
mankitsu-shitai-jouren-san	まんきつしたい常連さん	通常版	1,3,4	2
mannen-dranku-no-chuunen-boukensha-yotta-ikioi-de-densetsu-no-ken-o-hikkonuku	万年Dランクの中年冒険者、酔った勢いで伝説の剣を引っこ抜く	通常版	1,2,3,4,5,6,7,8,9,11	10
maou-reijou-no-shikkousha	魔王令嬢の執行者	通常版	1,3	2
marilyn-wa-inakunatta	マリリンは、いなくなった	通常版	1,2,3,5,6,7,8	4
maru-sankaku-shikaku-higashimura-2024	まるさんかくしかく	通常版	1,2,4,5	3
maruboukabushikigaisha	〔○暴〕株式会社	通常版	1,2,3,4,5,6,7,8,9,10,11,12,13,14,15,16,17,18,19,20,21,22,24,25,26	23
marugoshi-deka-super-collection	まるごし刑事スーパーコレクション	通常版	1,2,3,4,5,6,7,8,9,10,11,12,13,14,16,17,18,19	15
mashou-no-ahosuta-san	マショウのあほすたさん	通常版	1,3	2
matenrou	摩天楼	通常版	1,2,3,4,5,6,7,8,10,11,12,13,14	9
mato	魔都	通常版	1,3	2
mawaru-doughnut-to-kinyoubi	まわるドーナツと金曜日	通常版	1,3	2
medalist	メダリスト	通常版	1,2,3,4,5,6,7,8,9,10,12,13,14	11
megami-no-kizuato	女神の疵痕	通常版	1,3	2
mei-tantei-asami-mitsuhiko-no-file-ando-ryojou-mystery-best-comic	名探偵浅見光彦の事件簿＆旅情ミステリーベストコミック	通常版	1,2,3,4,5,7,8,9,10,11	6
meikyuu-gurashi-no-boukensha-wa-dungeon-master-o-yametai	迷宮暮らしの冒険者はダンジョンマスターをやめたい	通常版	1,3,4	2
meimeimeishoku-seiiki	冥冥冥色聖域	通常版	1,2,4	3
meitantei-conan-hannin-no-hanzawa-san	名探偵コナン犯人の犯沢さん	通常版	1,2,3,4,5,6,7,8,10	9
meitantei-conan	名探偵コナン	通常版	1,2,3,4,5,6,7,8,9,10,11,12,13,14,15,16,17,18,19,20,21,22,23,24,25,26,27,28,29,30,31,32,33,34,35,36,37,38,39,40,41,42,43,44,45,46,47,48,49,50,51,52,53,54,55,56,57,58,59,60,61,62,63,64,65,66,67,68,69,70,71,72,73,74,75,76,77,78,79,80,81,82,83,84,85,86,87,88,89,90,91,92,93,94,95,96,97,98,99,100,101,102,103,104,105,107,108	106
menkuiegurekeibu	面くいエグレ警部	文庫版	1,3	2
mentsuyu-hitori-meshi	めんつゆひとり飯	通常版	1,2,3,4,5,6,7,9	8
mercy	マーシー	通常版	1,3	2
meshibanakeijitachibana	めしばな刑事タチバナ	通常版	1,2,3,4,5,6,7,8,9,10,11,12,13,14,15,16,17,18,19,20,21,22,23,24,25,26,27,28,29,30,31,32,33,34,35,36,37,38,39,40,41,42,43,44,45,46,47,48,49,50,51,52,53,54,56,57,58,59	55
meshimazu-onna-atsukai-sareta-node-konyaku-haki-shitara-naze-tsundere-ouji-no-kokoro-to-ibukuro	メシマズ女扱いされたので婚約破棄したら、なぜかツンデレ王子の心と胃袋つかんじゃいました	通常版	1,3,4	2
miboujin-anne-no-neya-no-tehodoki	未亡人アンネの閨の手ほどき	通常版	1,2,4	3
michizure-bentou	道連れ弁当	通常版	6,8	7
microman	ミクロマン	通常版	1,2,3,5	4
midori-no-ou	緑の王	通常版	1,2,3,4,5,7,8,9	6
midoriyama-koukou	緑山高校	通常版	1,2,3,4,5,6,7,8,9,10,11,12,14,15,16,17,18,19	13
mii-chan-wa-kawaretai	みーちゃんは飼われたい	通常版	1,2,4	3
mikakunin-de-shinkoukei	未確認で進行形	通常版	1,2,3,4,5,6,8,9,10,11,12,13,14,15,16	7
mikiri-kara-hajimeru-garyuu-kenjutsu	見切りから始める我流剣術	通常版	1,2,4	3
milk-shibori-hunter-no-isekai-sakunyuuki	ミルク搾りハンターの異世界搾乳記	通常版	1,2,4	3
mimicry-girls	ミミクリー・ガールズ	通常版	1,2,4	3
minami-no-teiou	ミナミの帝王	通常版	1,2,3,4,5,6,7,8,9,10,11,12,13,14,15,16,17,18,19,20,21,22,23,24,25,26,27,28,29,30,31,32,33,34,35,36,37,38,39,40,41,42,43,44,45,46,47,48,49,50,51,52,53,54,55,56,57,58,59,60,61,62,63,64,65,66,67,68,69,70,71,72,73,74,75,76,77,78,79,80,81,82,83,84,85,86,87,88,89,90,91,92,93,94,95,96,97,98,99,100,101,102,103,104,105,106,107,108,109,110,111,112,113,114,115,116,117,118,119,120,121,122,123,124,125,126,127,128,129,130,131,132,133,134,135,136,137,138,139,140,141,142,143,144,145,146,147,148,149,150,151,152,153,154,155,156,157,158,159,160,161,162,163,164,165,166,167,168,169,170,171,172,173,174,175,176,177,179,180,181,182,183,184,185,186,187	178
minna-no-ofuro	みんなのおふろ	通常版	1,3	2
missing-hino-2023	Missing	通常版	1,2,4	3
mission	みっしょん!!	通常版	1,2,4,5	3
mitsusou	蜜葬	通常版	1,3,4	2
miyamoto-musashi-1985	宮本武蔵	文庫版	1,3	2
miyamoto-musashi	宮本武蔵	文庫版	1,3	2
miyaou-tarou-ga-neko-o-kau-nante	宮王太郎が猫を飼うなんて	通常版	1,3,4	2
mizu-muuchanneru-tonari-no-ban-kowadan	水ムーちゃんねる隣の晩怖談	通常版	2,4	3
mizu-no-yuuwaku	水の誘惑	通常版	1,3	2
mizudako-chan-kara-wa-nigerarenai	ミズダコちゃんからは逃げられない!	通常版	1,3,4	2
mobile-suit-gundam-emuesuvui-aaru-uchuu-seiki-eiyuu-densetsu	機動戦士ガンダムMSV-R 宇宙世紀英雄伝説	通常版	1,2,3,4,5,6,8,9	7
mobile-suit-gundam-moon-crisis	機動戦士ガンダムムーンライトクライシス	通常版	1,3	2
mobile-suit-gundam-san	機動戦士ガンダムさん	通常版	1,2,3,4,5,6,7,8,9,10,11,12,13,14,15,16,17,18,19,20,21,23	22
mobile-suit-gundam-the-movies	Mobile suit Gundam the movies	通常版	1,2,3,4,6	5
mobile-suit-gundam-thunderbolt	機動戦士ガンダムサンダーボルト	通常版	1,2,3,4,5,6,7,8,9,10,11,12,13,14,15,16,17,18,19,20,21,22,23,24,26,27	25
mobile-suit-gundam-varupurugisu-ivu	機動戦士ガンダムヴァルプルギスEVE	通常版	1,2,4	3
mobile-suit-gundam-wearwolf	機動戦士ガンダムウェアヴォルフ	通常版	1,2,4	3
modaeteyo-adam-kun	悶えてよ、アダムくん	通常版	2,3,5,6,7	4
moeyo-sensha-gakkou	萌えよ!戦車学校	通常版	2,3,5,6	4
mofumofu-majuu-to-heion-ni-kurashitai-node-kowamote-koushaku-no-kyuukon-wa-okotowari-desu	もふもふ魔獣と平穏に暮らしたいのでコワモテ公爵の求婚はお断りです	通常版	1,3	2
mogu-land	モグランド	通常版	1,3	2
mokushiroku-alice	黙示録アリス	通常版	1,3,4	2
momoiro-heaven	桃色ヘヴン!	通常版	1,2,3,4,5,6,7,9,10,11,12,13	8
monogatari-no-naka-no-hito	物語の中の人	通常版	1,2,3,4,5,6,7,8,9,10,11,13	12
moon-river-o-watatte	ムーンリバーを渡って	通常版	1,3	2
moon-subaru-solitude-standing	MOON 昴ソリチュードスタンディング	通常版	1,2,3,5,6,7,8,9	4
moth-no-iru-nichijou	モスのいる日常	通常版	1,3	2
motto-motto-baby	もっともっとベイビー	通常版	2,3,4,6,7	5
mouichido-hikari-no-naka-e	もう一度、光の中へ	通常版	2,3,5,6,7,8	4
mousou-sensei	妄想先生	通常版	1,2,3,4,5,7,8	6
mousou-suit-yamamoto	妄想戦士ヤマモト	通常版	1,2,3,5	4
musashi	ムサシ	通常版	1,2,3,4,5,6,7,8,9,10,12,13	11
muse-no-gakuen-de-aou	ミューズの学園で逢おう	通常版	1,2,4	3
mushoku-tensei	無職転生	通常版	1,2,3,4,5,6,7,8,9,10,11,12,13,14,15,16,17,18,19,20,22,23,24	21
musume-ja-nakute-mama-ga-suki-nano	娘じゃなくて私(ママ)が好きなの!?	通常版	1,2,3,4,5,6,8,9	7
nadai-tsujisoba-isekai-ten	名代辻そば異世界店	通常版	1,3,4	2
nagi	椰	通常版	1,2,4,5,6,7,8	3
naitemiro-koutemo-ii	泣いてみろ、乞うてもいい	通常版	1,2,3,5	4
nanahan-rider	750ライダー	文庫版	2,4	3
nangina-oku-san	なんぎな奥さん	通常版	1,2,4,5	3
nangoku-shounen-papuwa-kun	南国少年パプワくん	デラックス版	1,3	2
nanimo-shiranai-kedo-kimi-ga-suki	何も知らないけど、キミが好き。	通常版	1,2,4	3
nanona-foto-goroo	なのなフォトゴロー	通常版	1,3,4	2
naomi-damon	ナオミだもん	通常版	1,2,3,4,5,6,7,8,9,10,11,12,14	13
narazumono-renbo	ならずもの恋慕	通常版	1,2,3,4,6,7	5
naruse-chiyuri-wa-kosuritai	成瀬ちゆりはコスりたい!	通常版	1,2,4	3
neboke-jinsei	ねぼけ人生	通常版	1,3	2
nee-chan-no-tomodachi-ga-uzai-hanashi	姉ちゃんの友達がうざい話	通常版	1,2,4	3
nee-piyo-chan	ねぇ、ぴよちゃん	通常版	1,2,3,4,5,6,7,8,9,10,12,13	11
nee-try-shite	ねえトライ（try）して!	通常版	1,3	2
negative-twin-tower	ネガティブ・ツインタワー!	通常版	1,2,4	3
neko-pitcher	猫ピッチャー	通常版	1,2,3,4,5,6,7,8,9,10,11,12,13,14,15,16,17,19	18
neko-wa-neko-rashiku-are	ねこはねこらしくあれ	通常版	2,4,5	3
nekokaburi-encore	ネコかぶりアンコール!	通常版	1,3	2
nekokkaburi-generation	猫っかぶりゼネレーション	通常版	1,3	2
netorare-manga-no-kuzu-otoko-ni-tensei-shita-hazu-ga-heroine-ga-yotte-kuru-ken	寝取られ漫画のクズ男に転生したはずがヒロインが寄ってくる件	通常版	1,2,4	3
new-normal	ニューノーマル	通常版	1,2,3,4,5,7	6
nezumi-royale	ねずみロワイアル	通常版	1,3	2
nhk-sono-toki-rekishi-ga-ugoita	NHKその時歴史が動いた	通常版	1,3	2
nichi-nichi-sora-no-tayori	日・日・天(そら)のたより	通常版	1,2,3,4,5,6,7,9,10,11	8
nijinsky-guuwa	ニジンスキー寓話	文庫版	1,2,4	3
nike-goddesu-obu-vikutorii-sweet-encount	Nikke goddess of victoryすいーとえんかうんと	通常版	1,2,4	3
nikoniko-egao	にこにこエガ夫	通常版	2,4	3
nikubami-honegishimi	ニクバミホネギシミ	通常版	1,3,4	2
ningen-korogashi	人間ころがし	通常版	1,3	2
ningen-no-jouken	人間の條件	通常版	2,4	3
ningen-shikkaku-ito-2010	人間失格	通常版	1,3	2
ninjiya-jiya-animal	ニンジャじゃ阿仁丸	通常版	1,3	2
nippon-banashi	ニッポン昔話	通常版	1,3	2
nogarebana	逃亡花	通常版	1,2,3,4,6	5
nomizukushi-sakezukushi	呑みづくし酒づくし	通常版	1,3,4	2
noragami	ノラガミ	デラックス版	1,2,3,4,5,6,7,9,10,11,12,13,14	8
noroi-no-ko-to-shiitagerareta-reijou-wa-koori-no-hakushaku-ni-dekiai-dekiaisareru	「呪いの子」と虐げられた令嬢は氷の伯爵に溺愛される	通常版	1,3	2
nougaku-hakase-no-isekai-musou	農学博士の異世界無双	通常版	1,3,4	2
ns-aoi	Ns'あおい	通常版	1,2,3,4,5,6,7,8,9,10,11,13,14,15,16,17,18,19,20,21,22,23,24,25,26,27,28,29,30,31,32	12
nue-no-onmyouji	鵺の陰陽師	通常版	1,2,3,4,5,6,8,9,10,11,12,13,14	7
obi-o-gyutto-ne	帯をギュッとね!	ワイド版	1,2,3,4,5,6,7,8,9,10,11,12,13,15	14
oboreru-hibi-wa-kimi-no-sei	溺れる日々はきみのせい	通常版	1,2,4	3
oboro-to-machi	おぼろとまち	通常版	1,3,4	2
obungu-to-isshokenmei	お文具といっしょ	通常版	1,2,3,4,5,6,7,8,9,11	10
oda-nobunaga-akizuki-1991	織田信長	通常版	1,3	2
odd-spin	オッドスピン	通常版	1,2,4	3
oedo-hankachou-tansakuya-gai	大江戸犯科帖 探索屋ガイ	通常版	1,3	2
oedo-ninpouchou	お江戸忍法帖	通常版	1,2,3,5	4
oibore-yuusha-no-ise-kaigo	老いぼれ勇者の異世介護	通常版	1,3	2
oishii-ginza	おいしい銀座	通常版	1,2,3,4,5,6,7,8,9,10,11,12,13,14,15,16,18,19,20,21,22	17
okane-ga-daisuki-na-heimin-no-watashi-wa-hikutsu-kizoku-to-keiyaku-kekkon-shite-aishi-aisaremasu	お金が大好きな平民の私は卑屈貴族と契約結婚して愛し愛されます	通常版	1,3	2
okasu-bekarazu-junketsu-tokku	侵スベカラズ!!純血特区!	通常版	1,3,4,5	2
okatte-biyoushitsu	お勝手美容室	通常版	1,2,4,5,6,7	3
okinawa-de-suki-ni-natta-ko-ga-hougensugite-tsurasugiru	沖縄で好きになった子が方言すぎてツラすぎる	通常版	1,2,3,4,5,6,7,8,9,11	10
old-yokohama-radio-hour	オールドヨコハマラジオアワー	通常版	1,3	2
omega-7	Omega 7	通常版	1,2,3,4,5,7	6
onaji-girumen-no-koe-ga-suki	同じギルメンの声が好き	通常版	1,3	2
onda	オンダ	通常版	1,2,4	3
one-naito-morning	ワンナイト・モーニング	通常版	1,2,3,4,5,6,7,8,9,10,11,13,14	12
oni-no-bukichi	鬼の武吉	通常版	1,3	2
onii-chan-tachi-ni-ki-o-tsukete	お兄ちゃんたちに気をつけて!	通常版	1,3,4	2
onmitsu-kenshi	隠密剣士	デラックス版	1,2,4,5,6	3
onmyouji	陰陽師	デラックス版	1,2,4,5,6,7,8	3
onna-kudouden-rei	女苦道伝れい	通常版	1,3	2
onnakui	女喰い	通常版	1,2,3,4,5,6,7,8,10	9
onnanoko-no-mayu	おんなのこのまゆ	通常版	1,2,4	3
onnanoko-pokopon	おんなのこポコポン	通常版	2,4,5	3
oogata-shinjin-no-kyouikugakari	大型新人の教育係	通常版	1,3	2
ooi-tonbo	オーイ!とんぼ	通常版	1,2,3,4,5,6,7,8,9,10,11,12,13,14,15,16,17,18,19,20,21,22,23,24,25,26,27,28,29,30,31,32,33,34,35,36,37,38,39,40,41,42,43,44,45,46,47,48,49,50,51,52,54,55,56,57,58	53
ookami-no-seiza	狼の星座	通常版	1,2,3,4,6,7	5
ookami-otoko-to-nurikabe-chan	オオカミ男とぬりかべちゃん	通常版	1,2,4	3
ookiku-nattara-onnanoko	大きくなったら女の子	通常版	1,3	2
operation-g-g	オペレーションG.G	通常版	2,3,5	4
orange-yane-no-chiisana-ie	オレンジ屋根の小さな家	通常版	1,2,3,4,5,6,8	7
ore-dake-level-appu-na-ken	俺だけレベルアップな件	通常版	1,2,3,4,5,6,7,8,9,10,11,12,13,14,15,16,17,19,20,21,22,23,24	18
ore-igai-zenin-mushoku	俺以外、全員無職。	通常版	1,3	2
ore-no-koshien	俺の甲子園	通常版	1,2,3,4,5,6,7,8,9,11	10
ore-no-yubi-de-midarero	俺の指で乱れろ。	通常版	1,2,3,4,5,6,7,9,10	8
ore-wa-chef	おれはシェフ	通常版	1,2,3,5	4
oretachi-no-field	俺たちのフィールド	ワイド版	1,2,3,4,5,6,7,9,10,11,12,13,14,15,16,17,18	8
osaka-geijutsu-daigaku-daigaku-manga	大阪芸術大学 大学漫画	通常版	3,5,6	4
osananajimi-to-wa-rabukome-ni-naranai	幼馴染とはラブコメにならない	通常版	1,2,3,4,5,6,7,8,9,10,11,12,14,15,16,17,18,19	13
osananajimi-wa-ichiransei-no-kedamono	幼馴染は一卵性の獣	通常版	1,2,3,4,5,6,8	7
oshi-korosu	推し殺す	通常版	1,3	2
oshiete-danna-sama	教えて・旦那サマ	通常版	1,2,3,4,5,7,8,9,10,11,12,13,14,15,16,17,18,19	6
oshigoto	おしごと	通常版	1,3	2
ossu-miri-chan	オッス!美里ちゃん	通常版	1,2,3,5	4
otasuke-wolf	おたすけ狼	通常版	1,2,4	3
otoko-da-to-omotteita-osananajimi-tono-shinkon-seikatsu-ga-umaku-ikisugiru-ken-ni-tsuite	男子だと思っていた幼馴染との新婚生活がうまくいきすぎる件について	通常版	1,2,4	3
otoko-nihonkai	男!日本海	通常版	1,2,3,5,6,7,8,9,10	4
otokoun-ga-ii-rank-nanode-isekai-no-yamiochi-kami-sama-ni-metoraremashita	男運がEランクなので異世界の闇落ち神様に娶られました	通常版	2,4,5	3
otome-gee-no-oshi-ga-gyaku-trip-shite-kita-hanashi	乙女ゲーの推しが逆トリップしてきた話。	通常版	1,3	2
otona-ni-narenai-bokura-wa	大人になれない僕らは	通常版	1,3	2
ougon-no-keikenchi	黄金の経験値	通常版	1,3,4	2
ouji-sama-ni-dekiaisarete-komattemasu	王子様に溺愛されて困ってます	通常版	1,2,3,4,5,7,8	6
ouji-sama-no-dakimakura	王子さまの抱きまくら	デラックス版	1,3,4	2
out-mizuta-2025	OUT	通常版	1,2,3,4,5,6,7,8,9,10,11,12,13,14,15,16,17,18,19,20,21,22,23,24,25,27,28	26
oyasuminasai	おやすみなさい。	通常版	1,2,3,5,6,7,8	4
pachikko-bojou	パチっ子慕情	通常版	1,3,4	2
pachinko	ぱちん娘(こ)。	通常版	1,2,3,4,5,7,8	6
pachislo-bakappuru	パチスロバカップル	通常版	1,2,4	3
pajama-date	パジャマ・デート	通常版	1,2,3,5,6,7	4
pakupaku-desuwa-tsuihousareta-sareta-ojousama	〈パクパクですわ〉追放されたお嬢様の『モンスターを食べるほど強くなる』スキルは、1食で1レベルアップする前代未聞の最強スキルでした。3日で人類最強になりましたわ～!	通常版	2,3,5,6	4
panna-kiss	パンなキッス	通常版	1,3	2
papa-to-odorou	パパと踊ろう	通常版	1,2,3,4,5,6,7,8,9,10,11,12,14,15,16,17,18,19	13
papillon	パピヨン	通常版	1,2,3,4,5,7,8	6
parabellum	パラベラム	通常版	1,3	2
pastel-kazoku	パステル家族	通常版	1,2,3,4,5,7,8,9,10,11,12,13,14,15	6
peak-out	ピークアウト	通常版	1,3,4	2
perfect-angel-lip	Perfectエンジェルリップ	通常版	2,4	3
persona-4-4-koma-kings	ペルソナ4 4コマKINGS	通常版	1,2,4,5	3
pichi-pichi-pitch-aqua	ぴちぴちピッチaqua	通常版	1,2,3,4,6,7	5
pierrot-man	ピエロマン	通常版	1,2,3,4,5,6,8,9,10	7
pilot-a	パイロットA	通常版	1,2,3,5	4
pin-pin-pin	ピン!ピン!ピン!	通常版	1,3	2
pinchira	ぴんちら	通常版	1,2,4	3
pink-chan-v	ピンクちゃんV	通常版	1,3	2
platinum-edge	プラチナ・エッジ	通常版	1,3,4	2
platonic	プラトニック	通常版	1,3,4	2
plus-chikku-nee-san	+ チック姉さん	通常版	1,2,3,4,5,6,7,8,9,10,11,12,13,14,15,16,17,18,19,20,21,22,23,24,25,27,28	26
pokapoka-taiwan	ぽかぽかたいわん!	通常版	1,3	2
pokemon-special-scarlet-violet	ポケットモンスターSPECIALスカーレット・バイオレット	通常版	1,3,4	2
ponkotsu-outaishi-no-mobu-ane-joou-rashiikedo-akuyaku-reijou-ga-kawaisou-nanode-tasukeyou-to	ポンコツ王太子のモブ姉王女らしいけど、悪役令嬢が可哀想なので助けようと思います～王女ルートがない!?なら作ればいいのよ!～@COMIC	通常版	1,3,4	2
pose-catalog	ポーズカタログ	通常版	1,3,4,5,6,7,8	2
potion-danomi-de-ikinobimasu-zoku	ポーション頼みで生き延びます!続	通常版	1,2,4	3
powerful-mazegohan	パワフル☆まぜごはん	通常版	1,3	2
pumpkin	パンプキン	通常版	2,3,4,5,6,7,9,10,11,12,13,14,15,16,17,18,19,20,21,22,23	8
purodeyuusaa-ni-naritai	プロデューサーになりたい	通常版	1,3,4	2
puroyakyuu-donmai-land	プロ野球どんまいランド	通常版	1,3	2
quartet	かるてっと	通常版	1,3	2
raidenou	雷電王	通常版	1,3,4,5	2
raikonen-no-nettaigyo	ライコネンの熱帯魚	通常版	1,3	2
rakkiidoggu-1-blast	ラッキードッグ1 BLAST	通常版	1,3,4,5,6,7,8,9	2
rasubosu-love-death-rasubosu-love-death	ラスボスラブデス/ラスボスラブデス	通常版	1,3	2
rasubosu-no-watashi-ga-shujinkou-no-tsuma-ni-narimashita	ラスボスの私が主人公の妻になりました	通常版	1,2,4	3
rave	Rave	通常版	1,2,3,4,5,6,7,8,10,11,12,13,14,15,16,17,18,19,20,21,22,23,24,25,26,27,28,29,30,31,32,33,34,35	9
re-monster	Re:Monster	通常版	1,2,3,4,5,6,7,8,9,10,11,13	12
record-daisuki-shougakusei-kakeru	レコード大好き小学生カケル	通常版	1,3,4	2
red-mask	レッドマスク	通常版	1,2,3,5	4
reigen-ohatsu-torimono-hikae	霊験お初捕物控	デラックス版	1,3,4	2
reikan-koumuten-ripea	霊感工務店リペア	通常版	1,2,3,4,5,6,8,9,10,11,12	7
remote-jugyou-ni-nattara-class-1-no-bishoujo-to-doukyo-suru-koto-ni-natta	リモート授業になったらクラス1の美少女と同居することになった	通常版	1,3,4	2
resu	レス	通常版	1,2,4,5,6	3
revive	Revive!	通常版	1,2,4	3
ribbon-no-kishi-nakayoshi-orijinaruban-fukkoku-daizenshuu	リボンの騎士 ≪なかよしオリジナル版≫ 復刻大全集	通常版	1,3,4	2
riezon	リエゾン	通常版	1,2,3,4,5,6,7,8,9,10,11,12,13,14,15,16,17,18,20,21	19
riinkaaneeshon-no-kaben	リィンカーネーションの花弁	通常版	1,2,3,4,5,6,7,8,9,10,11,12,13,14,15,16,17,18,19,20,22,23	21
rikei-kun	理系クン	通常版	1,2,4	3
rikon-ukeoinin-saki	離婚請負人沙樹	通常版	1,2,4,5	3
ring-1996	リング	通常版	1,3	2
ringoku-ni-koshiire-shita-joou-tsuki-mofumofu-jijo-desu-hontou-no-joou-wa-watashi-nandesu	隣国に輿入れした王女付きモフモフ侍女ですが、本当の王女は私なんです	通常版	1,2,4	3
rinjin-san-wa-osekkai-onee-san	隣人さんはおせっかいお姉さん	通常版	1,3	2
rinta-no-momoiro-comic	りん太のももいろコミック	通常版	1,3,4,5,6,7,8,9,10,11,12,13,14,15,16,17,18,19	2
risou-no-himo-seikatsu	理想のヒモ生活	通常版	1,2,3,4,5,6,7,8,9,10,11,12,13,14,15,16,17,18,19,20,22,23,24,25	21
road-erumeroi-2-sei-no-file	ロード・エルメロイ2世の事件簿	通常版	1,2,3,4,5,6,7,8,9,10,11,13	12
rock-wa-lady-no-tashinami-deshite	ロックは淑女の嗜みでして	通常版	1,2,3,4,5,7,8	6
rockman-maniax	ロックマンマニアックス	通常版	1,3	2
rougo-ni-sonaete-isekai-de-8-manmai-no-kinka-o-tamemasu	老後に備えて異世界で8万枚の金貨を貯めます	通常版	1,2,3,4,5,6,7,8,9,10,11,12,14	13
ruri-no-houseki	瑠璃の宝石	通常版	1,2,3,4,6,7	5
ruriko-joou-no-kareinaru-hibi	瑠璃子女王の華麗なる日々	デラックス版	1,3,4,5	2
ryojou-mystery-file	旅情ミステリー事件簿	通常版	1,2,3,4,5,6,7,9,10	8
ryoushite-sourou	料して候	通常版	1,3	2
ryoushuu	領袖	通常版	1,2,3,4,5,6,8,9,10,11,12,13	7
ryuujin-to-iinazuke-no-akai-hana-jirushi	龍神と許嫁の赤い花印	通常版	1,2,4	3
ryuutei-no-mon	竜蹄の門	通常版	1,2,3,4,6	5
saboton-road	サボテンロード	通常版	1,3	2
sacchi-sarenai-rule-breaker	察知されない最強職(ルール・ブレイカー)	通常版	1,2,3,4,5,7,8,9,10	6
saegusa-san-wa-megane-senpai-to-koi-o-egaku	三枝さんはメガネ先輩と恋を描く	通常版	1,3,4	2
sagishi	詐騎士	通常版	1,2,3,4,5,6,7,8,9,10,11,12,14,15	13
saikikkuakademiikourabanshou	サイキックアカデミー煌羅万象	通常版	1,2,3,4,5,6,7,8,10,11	9
saikopasu-kanshikan-kougami-shinya	PSYCHO-PASS 監視官狡噛慎也	通常版	1,2,4,5,6	3
saikou-nando-meikyuu-de-party-ni-okizari-ni-sareta-esu-rank-kenshi-hontou-ni-mayoimakutte-daremo	最高難度迷宮でパーティに置き去りにされたSランク剣士、本当に迷いまくって誰も知らない最深部へ	通常版	1,2,3,4,5,7	6
saikyou-yuusha-party-wa-ai-ga-shiritai	最強勇者パーティーは愛が知りたい	通常版	1,3,4	2
saishinban-gegege-no-kitarou	最新版 ゲゲゲの鬼太郎	通常版	1,2,4	3
saiyaku-wa-boku-o-sukisugiru	災厄は僕を好きすぎる	通常版	1,2,3,4,6,7,8,9,10,11	5
sakamoto-days	SAKAMOTO DAYS	通常版	1,2,3,4,5,6,7,8,9,10,11,12,13,14,15,16,17,18,20,21,22,23,24,25,26	19
saki	咲	通常版	1,2,3,4,5,6,7,8,9,10,11,12,13,14,15,16,17,18,19,20,21,22,23,24,25,27	26
sakihana-sorujaazu	咲花ソルジャーズ	通常版	1,2,4	3
sakura-tsuushin	桜通信	通常版	1,2,3,4,5,6,7,8,9,10,11,12,13,14,15,16,17,18,20	19
salaryman-z	サラリーマンZ	通常版	1,2,4,5,6	3
samurai-deeper-kyo	SAMURAI DEEPER KYO	通常版	1,2,3,4,5,6,7,8,9,10,11,12,13,14,15,16,17,18,19,20,21,22,23,24,25,26,27,28,29,30,31,32,33,34,36,37,38	35
sandman-1998	SANDMAN	通常版	1,2,4,5	3
sandman	サンドマン	通常版	1,2,3,4,6,7	5
sankyuu-tatsu	サンキュウ辰	通常版	1,2,4,5,6	3
sanpakugan-chan-wa-tsutaetai	三白眼ちゃんは伝えたい。	通常版	1,2,3,5	4
sasensareta-saikyou-kenja-kyoushi-ni-natte-muteki-no-class-o-tsukuriageru	左遷された最強賢者、教師になって無敵のクラスを作り上げる	通常版	1,2,4,5,6,7,8,9,10	3
sasurainogyanburaa	さすらいのギャンブラー	通常版	1,2,4	3
sawayaka-mantarou	さわやか万太郎	デラックス版	1,2,3,4,6	5
sayabito	サヤビト	通常版	1,2,4,5,6,7,8	3
sayonara-jitensha	サヨナラ自転車	通常版	1,3	2
sayonara-mini-skirt	さよならミニスカート	通常版	1,2,4	3
sayonara-zetsubou-sensei	さよなら絶望先生	通常版	1,2,3,4,5,6,7,8,9,10,11,12,13,14,15,16,17,18,19,20,22,23,24,25,26,27,28,29,30	21
sayuki	さゆき	通常版	1,2,3,5,6,7,8	4
secret-siblings	シークレット×シブリングス	通常版	1,3	2
sega-no-game-wa-sekaiichiiii	セガのゲームは世界いちぃぃぃ!	通常版	1,3	2
seibonjinden	聖凡人伝	文庫版	1,2,3,4,5,6,8,9	7
seikatsu-mahoutsukai-no-gekokujou	生活魔法使いの下剋上	通常版	1,2,4	3
seikimatsu-leader-den-takeshi	世紀末リーダー伝たけし!	デラックス版	1,2,3,4,5,7,8,9,10,11,12,13	6
seirei	蜻蛉	通常版	1,2,3,4,5,6,7,8,9,10,11,12,14	13
seishun-bakusou	青春爆走!	通常版	2,3,4,6	5
seito-sho-kun-kids	生徒諸君!Kids	通常版	1,2,3,4,5,6,7,8,9,10,11,12,13,14,16,17	15
sekai-saikyou-no-kishi-wa-kanarazu-shinu-heroine-o-sukuu-tame-isekai-demo-saikyou-no-kishi-to-naru	世界最強の騎士は、必ず死ぬヒロインを救うため異世界でも最強の騎士となる	通常版	1,3	2
senjou	戦場	通常版	1,3	2
senma	銭麻	通常版	1,2,3,5	4
sennenkimatsu-ni-hoeru-koi	千年紀末に吠える恋	通常版	1,3	2
senri-no-michi-mo-dai-sanshou	千里の道も 第三章	通常版	1,2,3,4,5,6,7,8,9,10,11,13,14,15,16,17,18,19,20,21,22,23,24,25,26,27,28,29,30,31,32,33,34,35,36,37,38,39	12
senri-no-michi-mo	千里の道も	通常版	1,2,3,4,5,6,7,8,9,10,11,12,14,15,16,17,18,19,20,21,22,23,24,25,26,27,28,29,30,31,32,33,34,35,36,37,38,39,40,41,42,43,44,45	13
sentaku-no-dungeon-musou	〈洗濯〉のダンジョン無双	通常版	1,2,4	3
servant-beasts	サーヴァントビースト	通常版	1,3,4	2
shachiku-desu-shuzoku-shinka-shite-saikyou-e-to-itarimasu	社畜ですが、種族進化して最強へと至ります	通常版	1,2,4	3
shachou-to-anan	社長とあんあん❤	通常版	1,2,3,4,5,6,7,8,9,11,12,13	10
shakaikamanganihonnonbiriryokou	社会科まんが日本のんびり旅行	通常版	4,6	5
shaman-king-the-super-star	SHAMAN KING THE SUPER STAR	通常版	1,2,3,4,5,6,7,8,10	9
sherlock-ooinaru-game	SHERLOCK大いなるゲーム	通常版	1,3	2
shi-no-white-magic	死のホワイトマジック	通常版	1,3,4	2
shieipu-up-ran	シェイプアップ乱	デラックス版	1,3,4,5,6,7,8	2
shiganbana	シガンバナ	通常版	2,4	3
shii-chan-no-gochisou	しーちゃんのごちそう	通常版	1,2,3,4,5,6,7,8,9,11	10
shin-bikkuriman-omoshiro-land	新・ビックリマンおもしろランド	通常版	2,3,5,6	4
shin-city	シン・シティ	通常版	1,3,4	2
shin-kaiketsu-jouki-tanteidan	真・快傑蒸気探偵団	通常版	1,2,3,4,5,6,7,9,10,11,12,13	8
shin-kamen-rider-spirits	新仮面ライダーSPIRITS	通常版	1,2,3,4,5,6,7,8,9,10,11,12,13,14,15,16,17,18,19,20,21,22,23,24,25,26,27,28,29,30,31,32,33,34,35,36,37,38,40,41,42	39
shin-karate-jigokuhen	新カラテ地獄変	通常版	1,2,3,4,5,6,7,8,9,10,11,12,13,15	14
shin-no-yasuragi-wa-konoyo-ni-naku	真の安らぎはこの世になく	通常版	1,2,3,4,5,7,8,9	6
shin-tokyo	深東京	通常版	1,2,3,4,5,6,7,8,9,11,12	10
shindemiro-to-iwareta-node-shinimashita	「死んでみろ」と言われたので死にました。	通常版	1,2,4	3
shinie-sama	死贄様	通常版	1,3	2
shinjite-ita-nakamatachi-ni-dungeon-okuchi-de-korosarekaketaga-gift-mugen-gacha-de-level-9999-no	信じていた仲間達にダンジョン奥地で殺されかけたがギフト『無限ガチャ』でレベル9999の仲間達を手に入れて元パーティーメンバーと世界に復讐&『ざまぁ!』します!	通常版	1,2,3,4,5,6,7,8,9,10,11,12,13,15,16,17,18,19,20,21	14
shinkuu-yuusetsu	真空融接	通常版	1,3	2
shinpan-himitsu-tantei-jieiei	秘密探偵JA	文庫版	1,2,3,4,5,6,7,8,9,11,12,13,14,15	10
shinpi-no-sekai-eruhazaado	神秘の世界エルハザード	徳間書店版	1,3	2
shinryuu-teikoku-no-dragon-tamer	神竜帝国のドラゴンテイマー	通常版	1,3,4	2
shinsengumi-mokushiroku	新選組黙示録	通常版	1,2,4,5,6,7	3
shinsou-no-raputa	深層のラプタ	通常版	1,3,4	2
shinyaku-meruhen	新約Märchen	通常版	2,3,5	4
shion	Shion	通常版	1,3	2
shiotaiou-no-satou-san-ga-ore-ni-dake-amai-attomaaku-comic	塩対応の佐藤さんが俺にだけ甘い@comic	通常版	1,2,3,4,5,6,7,8,10	9
shippo-ga-tomodachi	シッポがともだち	デラックス版	1,3	2
shippo-ga-tomodachi	シッポがともだち	通常版	1,2,4,5,6,7	3
shiritsu-kiwamemichi-koukou	私立極道高校	通常版	1,3	2
shiritsu-shouei-gakuen-otoko-koutoubu-kurashina-sensei-no-junan	私立翔瑛学園男子高等部倉科先生の受難	通常版	1,2,3,5	4
shiroi-dandou	白い弾道	通常版	1,2,4	3
shiroi-suit-yamato	白い戦士ヤマト	デラックス版	1,2,3,4,5,6,8,9,10,11,12,13,14	7
shitsurakuen-ni-nureru-hana	失楽園に濡れる花	通常版	1,2,4	3
shizuka-wa-otomeza	静香は乙女座	通常版	1,3	2
shizukanaru-don-mouhitotsu-no-saishuushou	静かなるドン-もうひとつの最終章-	通常版	1,2,3,5,6,7	4
shizuku-chan	しずくちゃん	通常版	1,2,3,4,5,6,7,8,9,10,11,12,13,14,15,16,17,18,19,20,21,22,23,24,25,26,27,28,29,30,31,32,33,34,35,36,37,38,39,40,41,42,44	43
shoichi	Shoichi	通常版	1,2,3,4,5,6,7,9	8
shokuba-to-jitaku-de-gap-no-aru-papa	職場と自宅でギャップのあるパパ	通常版	1,2,3,4,6	5
shoujiki-fudou-san	正直不動産	通常版	1,2,3,4,5,6,7,8,9,10,11,12,13,14,15,16,17,18,19,20,22,23	21
shouta-no-sushi	将太の寿司	通常版	1,2,3,4,5,6,7,8,9,10,11,12,13,14,15,16,17,18,19,20,21,22,23,24,25,26,27,29	28
shouwa-genroku-rakugo-shinjuu	昭和元禄落語心中	通常版	1,2,3,4,5,6,7,8,9,10,11,12,13,14,16,17,18,19,20	15
shura-no-hakoniwa	修羅の箱庭	通常版	1,2,4	3
shutter	シャッター	通常版	1,2,3,4,5,6,7,8,9,10,11,12,13,15	14
shuujin-tensei	囚人転生	通常版	1,3,4	2
shuzoku-hanshin-na-ore-wa-isekai-demo-futsuu-ni-kurashitai	種族〈半神〉な俺は異世界でも普通に暮らしたい	通常版	1,3,4	2
sidooh-shidou	Sidooh士道	通常版	1,2,3,4,5,6,7,8,9,10,11,12,13,14,15,16,17,18,19,20,21,22,23,25	24
skill-rendaa-no-torikaeshi	技巧貸与(スキル・レンダー)のとりかえし	通常版	1,2,3,4,5,6,7,9,10,11,12	8
sky-high	スカイハイ	通常版	1,2,4	3
sleeping-beauty-clinic	Sleeping beauty clinic	通常版	1,3	2
sleeping-beauty	Sleeping beauty	通常版	1,2,4	3
smoking-gun	スモーキングガン	通常版	1,2,3,4,5,6,7,8,10	9
soba-ni-oideyo	そばにおいでよ	通常版	1,3	2
sommeli-re	ソムリエール	通常版	1,2,3,4,5,6,7,8,9,10,11,12,13,14,15,16,18,19,20,21	17
sono-bisque-doll-wa-koi-o-suru	その着せ替え人形は恋をする	通常版	1,2,3,4,5,6,7,8,9,10,11,12,13,15	14
sono-kao-de-aisanaide	その顔で愛さないで	通常版	1,3	2
sora-no-orugan	空のオルガン	通常版	1,2,3,4,5,6,8	7
sora-no-ue-no-aren	空の上のアレン	通常版	2,4	3
soredemo-oya-o-aisuru-kodomotachi	それでも、親を愛する子供たち	通常版	1,3,4	2
soshite-heroine-wa-inakunatta	そしてヒロインはいなくなった	通常版	1,2,4	3
soto-e-deyou-yo	外へ出ようヨ!	通常版	1,3	2
souda-baikoku-shiyou-tensai-ouji-no-akaji-kokka-saiseijutsu	そうだ、売国しよう	通常版	1,2,3,4,5,6,7,8,9,10,11,12,13,15,16,17,18	14
souryo-to-majiwaru-shikiyoku-no-yoru-ni	僧侶と交わる色欲の夜に…	通常版	1,2,3,4,5,6,7,8,9,11	10
spider-man-octopus-girl	スパイダーマン:オクトパスガール	通常版	1,2,4	3
ssg	SSG	通常版	1,3,4	2
star-ocean-sekando-story	スターオーシャン セカンドストーリー	通常版	3,5,6,7	4
strand	ストランド	通常版	1,3,4,5	2
sugar-spice	Sugar ＆ Spice	通常版	1,2,3,4,5,6,7,8,9,10,11,12,13,14,15,16,18	17
suki-ni-sasete-miseru-kara	好きにさせてみせるから!	通常版	1,3	2
sukima	隙間	通常版	1,2,4	3
sumigomori-no-sumijo-maou-wa-saikyou-juusha-ni-koikogaremasu	スミごもりの炭女魔王は最強従者に恋焦がれます	通常版	1,3	2
supaidaaman-kizuna	スパイダーマン:絆	通常版	1,3,4	2
super-cub	スーパーカブ	通常版	1,2,3,4,5,6,7,8,9,11	10
super-tamutamu	すーぱータムタム	通常版	1,3	2
super-zugan	スーパーヅガン	文庫版	1,3	2
sutekina-shufutachi	すてきな主婦たち	文庫版	1,3	2
sweet-spot	スイートスポット	通常版	1,2,3,4,5,6,8	7
sweet-wheels	SWEET WHEELS	通常版	1,3	2
sword-art-online-re-aincrad	ソードアート・オンラインRe:Aincrad	通常版	1,2,3,5	4
tabetai-anata	たべたいあなた	通常版	2,4	3
tachibanakan-try-anguru	立花館to lie (とらい) あんぐる	通常版	1,2,4,5,6,7,8,9	3
tadashii-koi-to-yokoshima-na-ai	正しい恋とよこしまな愛	通常版	1,3,4	2
taigaamasukunisei	タイガーマスク二世	通常版	1,3,4	2
taishou-shinkon-roman	大正新婚浪漫	通常版	1,2,4	3
taiyou-no-makibaoo	たいようのマキバオー	通常版	1,2,3,4,5,6,7,8,9,10,11,12,13,14,16	15
takeki-ryuusei	猛き竜星	通常版	1,3	2
tales-of-the-abyss-2006	テイルズオブジアビス	通常版	1,3	2
tales-of-vesperia-4-koma-kings	テイルズオブヴェスペリア4コマKINGS	通常版	1,2,4	3
tanomukara-shizukani-shitekure	頼むから静かにしてくれ	通常版	1,3	2
tanpopo-san-no-uta	たんぽぽさんの詩	通常版	1,2,4,5	3
tasokare-no-yume	たそかれの夢	デラックス版	1,3	2
tatsumigahara-san-no-ai-kara-wa-nigerarenai	辰巳ヶ原さんの愛からは逃げられない	通常版	1,3	2
tedaremonra	てだれもんら	通常版	1,3	2
teigakusei-otto-no-kozukai-banzai	定額制夫のこづかい万歳	通常版	1,2,3,4,5,6,7,9,10	8
teketeke-maihaato	てけてけマイハート	通常版	1,3,4,5,6,7,8,9,10	2
tenbou-daikaku	天傍台閣	通常版	1,3,4	2
tenka-musou-no-otometachi-ga-ore-no-kodane-o-ubaiatte-imasu	天下無双の乙女たちが俺の子種を奪い合っています!!!!!	通常版	1,2,4	3
tenka-musou	天下無双	デラックス版	1,2,4,5,6,7,8,9,10	3
tenkaichi-azuma-2025	テンカイチ	通常版	1,2,3,4,5,6,7,8,9,11,12,13	10
tennouji-no-abeno-chan	天王寺のあべ乃ちゃん	通常版	1,2,4	3
tenpuru	てんぷる	通常版	1,2,3,4,5,6,7,8,9,10,11,13,14,15	12
tensei-kenja-no-isekai-life	転生賢者の異世界ライフ	通常版	1,2,3,4,5,6,7,8,9,10,11,12,13,14,15,16,17,18,19,20,21,22,23,24,25,27,28,29,30,31	26
tensei-shachiku-no-cheat-saien	転生社畜のチート菜園	通常版	1,2,4	3
tensei-shitara-koutei-deshita-umarenagara-no-koutei-wa-konosaki-ikinokoreru-ka-comic	転生したら皇帝でした～生まれながらの皇帝はこの先生き残れるか～@COMIC	通常版	3,5,6	4
tensei-shite-kara-40-nen-sorosoro-san-mo-koi-ga-shitai	転生してから40年。そろそろ、おじさんも恋がしたい。	通常版	1,2,3,4,5,6,8	7
tensei-yuusha-no-kimama-tabi	転生勇者の気まま旅	通常版	1,2,4	3
teppen-no-ichigo-itsu-taberu	てっぺんの苺いつ食べる?	通常版	1,3	2
the-boxer	ザ・ボクサー	通常版	1,3,4,5,6	2
the-broker	ザ・ブローカー	通常版	1,3	2
the-idolm-ster-shiny-colors-coherent-light	アイドルマスターシャイニーカラーズコヒーレントライト	通常版	1,3,4	2
the-mad-pachi-slot-brother-s	THE MAD PACHI-SLOT BROTHER'S	通常版	1,3,4	2
the-skull-man	スカルマン	通常版	1,2,3,4,5,7	6
toaru-majutsu-no-index	とある魔術の禁書目録	通常版	1,2,3,4,5,6,7,8,9,10,11,12,13,14,15,16,17,18,19,20,21,22,23,24,25,26,27,28,29,30,32,33	31
tobidase-suchiyuwaadesu	飛びだせスチュワーデス!	通常版	1,3	2
tokachi-hitoribocchi-nouen	十勝ひとりぼっち農園	通常版	1,2,3,4,5,6,7,8,9,10,11,12,13,14,15,16,18,19	17
toki-sensei-wa-kigaetai	時先生は着替えたい	通常版	1,3	2
tokusen-otoboke-kachou	特選おとぼけ課長	通常版	5,6,8	7
tokyo-akazukin	東京赤ずきん	通常版	1,2,4	3
tokyo-babylon	東京BABYLON	通常版（1991–1994）	1,2,3,5,6,7	4
tokyo-mafia	東京魔悲夜	通常版	4,6	5
tokyo-saitei-saiaku-saikou	東京最低最悪最高!	通常版	1,3	2
tomodachi-no-nee-chan-ni-koi-shita-hanashi	友達の姉ちゃんに恋した話	通常版	1,2,4	3
tonnura-san	とんぬらさん	通常版	1,2,3,5,6,7,8,9	4
toriyama-akira-marusaku-gekijou-aratame	鳥山明○作劇場「改」	通常版	1,3	2
toru-ni-taranai	撮るに足らない	通常版	1,3,4	2
toshishita-ouji-ni-kyuuai-sarete-konwaku-shitemasu	年下王子に求愛されて困惑してます	通常版	1,3	2
toshiue-no-hito-odawara-2007	年上のヒト。	通常版	1,3	2
totsugeki-tondenmura-seinendan	突撃!!屯田村青年団	通常版	1,2,3,4,6,7,8	5
tougen-anki	桃源暗鬼	通常版	1,2,3,4,5,6,7,8,9,10,11,12,13,14,15,16,17,18,19,20,21,22,24,25,26,27,28	23
tough	TOUGH	通常版	1,2,3,4,5,6,7,8,9,10,11,12,13,14,15,16,18,19,20,21,22,23,24,25,26,27,28,29,30,31,32,33,34,35,36,37,38,39	17
touhai-koorudo-girl	凍牌コールドガール	通常版	1,2,3,4,5,6,8,9,10,11	7
touhou-chirei-kiden	東方智霊奇伝	通常版	1,2,3,4,6	5
toumei-otoko-to-ningen-onna	透明男と人間女	通常版	2,3,4,5,7,8,9	6
tozaki-san-wa-boku-ni-dake-tsumetai	戸崎さんは僕にだけ冷たい	通常版	1,2,4	3
ts-eiseihei-san-no-senjou-nikki	TS衛生兵さんの戦場日記	通常版	1,2,4	3
tsugi-ha-anata-ga-yarareru-ban-death	次はアナタがヤられる番です。	通常版	1,2,4	3
tsui-no-taimashi-endaagaisutaa	終の退魔師-エンダーガイスター-	通常版	1,2,3,4,5,6,7,8,9,10,11,12,13,14,15,16,17,19,20,21,22,23,24	18
tsuihousareta-sareta-cheat-fuyo-majutsushi-wa-kimama-na-sekando-life-o-ouka-suru	追放されたチート付与魔術師は気ままなセカンドライフを謳歌する。	デラックス版	11,13,14,15,16,17,18,19	12
tsuihousareta-sareta-jogenshi-no-guild-keiei	追放された〈助言士〉のギルド経営	通常版	1,3,4	2
tsuki-ga-michibiku-isekai-douchuu	月が導く異世界道中	通常版	1,2,3,4,5,6,7,8,9,10,11,12,13,14,16	15
tsuki-no-pure-hoshiyami-no-sapphire	月の純白 星闇の青碧	通常版	1,3,4	2
tsuyoshi	TSUYOSHI	通常版	1,2,3,4,5,6,7,8,9,10,11,12,13,14,15,16,17,18,19,20,21,22,23,25,26,27,28,29,30	24
tumbling	タンブリング	通常版	2,4,5,6,7	3
ubaware-seijo-to-noroware-kishidan-no-seiiki-hikikomori-surooraifu	奪われ聖女と呪われ騎士団の聖域引き篭もりスローライフ	通常版	1,3,4	2
uchi-no-ane-sama	うちの姉様	通常版	1,2,4	3
uchi-no-ko-zanmai	うちのこざんまい	通常版	1,3	2
uchuu-battleship-yamato	宇宙戦艦ヤマト	文庫版	1,3	2
uchuu-tetsujin-kyoodain	宇宙鉄人キョーダイン	通常版	1,3	2
udon-no-hito	うどんの女	通常版	1,2,4	3
uiui-days	ういうい❤days	通常版	1,2,3,4,6,7,8	5
ultra-seven-productions-1998	ウルトラセブン	通常版	1,3	2
umamusume-shindereragurei	ウマ娘シンデレラグレイ	通常版	1,2,3,4,5,6,7,8,9,10,11,12,13,14,15,16,17,18,19,20,21,23	22
umarekawaru-nara-inu-ga-ii	生まれ変わるなら犬がいい	通常版	1,2,4	3
undead-unluck	アンデッドアンラック	通常版	1,2,3,4,5,6,7,8,9,10,11,12,13,14,15,16,17,18,19,20,21,22,24,25,26,27	23
uorutenia-senki	ウォルテニア戦記	通常版	1,2,3,4,5,6,7,8,9,10,12	11
urabaito-toubou-kinshi	裏バイト:逃亡禁止	通常版	1,2,3,4,5,6,7,8,9,10,11,12,13,15,16,17,18	14
urayasu-tekkin-kazoku	浦安鉄筋家族	文庫版	1,2,3,4,5,6,7,8,9,11,12,13,14,15	10
uri-o-waru	瓜を破る	通常版	1,2,3,4,5,6,7,8,9,10,11,13	12
usaru-san	うさるさん。	通常版	1,3	2
ushi-no-oppai	牛のおっぱい	通常版	1,3,4,5	2
uta-no-princesamatsu	うたの☆プリンスさまっ♪	通常版	1,3	2
vampire-knight-memories	ヴァンパイア騎士(ナイト)memories	通常版	1,2,3,4,5,6,7,8,9,11	10
versus	バーサス	通常版	1,2,3,5,6	4
w-juliet-2	Wジュリエット2	通常版	1,2,3,4,5,6,7,8,9,10,11,12,13,14,16	15
waga-seishun-no-arcadia	わが青春のアルカディア	通常版	1,3	2
wakaoku-sama-wa-shinobanai	若奥さまは忍ばない	通常版	1,2,4	3
wakaoku-sama-wa-udemakuri	若奥さまは腕まくり!	通常版	1,3	2
warau-salesman	笑ゥせぇるすまん	通常版	1,2,3,4,5,6,7,9,10,11,12,13,14,15,16,17,18,19,20,21,22,23	8
watashi-dake-ga-shitte-iru	わたしだけが知っている	通常版	1,3	2
watashi-ga-mama-yo	わたしがママよ	通常版	1,2,3,5	4
watashi-ni-ai-o-sakebasete	私に愛を叫ばせて	通常版	1,3	2
watashi-no-tame-ni-nuginasaitsu	わたしのために脱ぎなさいっ!	通常版	1,2,3,4,5,6,7,9	8
wind-breaker	WIND BREAKER	通常版	1,2,3,4,5,6,7,8,9,10,11,12,13,14,15,16,17,18,20,21,22,23,24,25	19
witch-craft-works-extra	ウィッチクラフトワークスEXTRA	通常版	1,2,4	3
wonder-three	WONDER THREE	文庫版	1,3	2
working-class	WORKING CLASS	通常版	1,2,4	3
wotaku-douryou-to-gisou-kekkon-shita-kekka-mainichi-ga-metcha-tanoshiin-dakedo	オタク同僚と偽装結婚した結果、毎日がメッチャ楽しいんだけど!	通常版	1,2,4	3
yadamon	ヤダモン	通常版	1,3	2
yagate-hitotsu-no-oto-ni-nare	やがて、ひとつの音になれ	通常版	1,3	2
yagyuu-hyougonosuke	柳生兵庫助	通常版	1,3	2
yajikita-gakuen-douchuuki	やじきた学園道中記	文庫版	1,2,3,4,5,6,7,8,9,10,11,12,13,14,16,17,18	15
yajikita-in-deep	弥次喜多 in DEEP	通常版	1,2,3,4,6,7,8	5
yajuu-no-miyako	野獣の都	通常版	1,3	2
yamikin-ushijima-kun-gaiden-nikumamushi-densetsu	闇金ウシジマくん外伝肉蝮伝説	通常版	1,2,3,4,5,6,7,8,9,10,11,12,13,14,15,16,17,18,19,20,21,23,24,25	22
yappa-ningen-yamete-seikai-dawa	やっぱ人間やめて正解だわ	デラックス版	1,3	2
yaru-ki-no-manma	やる気のまんま	通常版	1,3	2
yasashikuguuru-guru-maki	やさしく!ぐーるぐる真紀	通常版	1,3	2
yasei-densetsu	野性伝説	文庫版	1,2,4,5,6,7	3
yatsupa-ahoogan-yo	やっぱ!アホーガンよ	通常版	1,2,3,4,6	5
yattara	ヤッターラ	通常版	1,3,4	2
yawao-to-katako	やわ男とカタ子	通常版	1,2,3,4,5,6,7,8,9,11,12	10
yoasobi-gurashi	よあそびぐらしっ!	通常版	2,4,5	3
yoiko	よいこ	通常版	1,2,3,4,5,6,7,8,9,10,11,12,13,15	14
yokohama-tasogare-totsutotsu-kaiji	横浜黄昏咄咄怪事	通常版	1,3	2
yonigeya-nikki	夜逃げ屋日記	通常版	2,4,5	3
yorozuyama-juuban-shoubu	萬山十番勝負	通常版	1,3	2
you-aquarist	よぅ、アクアリスト	通常版	1,3	2
youkoso-koushuu-keimusho-e	ようこそ甲州プリズンへ	通常版	1,2,3,4,5,6,7,8,10,11,12,13	9
youma-no-fuuin	妖魔の封印	デラックス版	3,5	4
youma-no-kishi	妖魔の騎士	通常版	1,2,3,4,6,7	5
yousai-gakuen	要塞学園	通常版	2,4,5,6,7	3
yowamushi-rollo	弱虫ロロ	通常版	1,3,4	2
yozakura-quartet	夜桜四重奏	通常版	1,2,3,4,5,6,7,8,9,10,11,12,13,14,15,16,17,18,19,20,21,22,23,24,25,26,27,28,29,30,31,32,34	33
yu-no-hana-tubame	湯の花つばめ	通常版	1,2,4	3
yume-maboroshi-no-gotoku	夢幻の如く	通常版	1,2,3,4,6	5
yurihime-wild-rose	百合姫Wildrose	通常版	1,3	2
yuuan-no-kanata	幽闇のカナタ	通常版	1,3	2
yuugiou-ooshiijii-stories	遊☆戯☆王OCG(オフィシャルカードゲーム)STORIES	通常版	1,2,3,5,6	4
yuusha-densetsu-no-uragawa-de-ore-wa-eiyuu-densetsu-o-tsukurimasu	勇者伝説の裏側で俺は英雄伝説を作ります	通常版	1,2,3,4,5,6,7,9,10,11	8
yuusha-ni-minna-netoraretakedo-akiramezu-ni-tatakaou-kitto-saigo-wa-ore-ga-katsu	勇者にみんな寝取られたけど諦めずに戦おう。きっと最後は俺が勝つ。	通常版	1,2,4	3
yuusha-ni-uragirareta-tensei-chiyushi-ga-maou-no-chouki-ni-naru-made	勇者に裏切られた転生治癒士が魔王の寵姫になるまで	通常版	1,3	2
yuusha-shoukan-ni-makikomareta-kedo-isekai-wa-heiwa-deshita	勇者召喚に巻き込まれたけど、異世界は平和でした	通常版	1,2,3,4,5,6,7,8,10	9
yuushazuma-yuusha-ga-shite-kurenakutemo-seijo-wa-kedamono-maou-ni-musaboraretemasu	勇者妻 勇者がシてくれなくても、聖女はケダモノ魔王に、貪られてます	通常版	1,3	2
yuushun-gekijou	優駿劇場	通常版	1,3	2
zakoken-maruchou	ざこ検〔○潮〕	通常版	1,2,3,5,6	4
zenigata-heiji-torimonohikae	銭形平次捕物控	デラックス版	1,3	2
zenkan-shutsugeki	全艦出撃!!	通常版	1,3	2
zero-site-muhou-chitai	Xero site（無法恥帯）	通常版	1,3,4,5,6	2
zeruda-no-densetsu-4-koma-manga-gekijou	ゼルダの伝説 4コママンガ劇場	通常版	2,4,5,6,7,8	3
zetsumetsu-sekai-de-shokupan-o	絶滅世界で食パンを	通常版	1,3	2
zettai-shitai-etchi-na-koi	絶対したいHな恋!	通常版	1,3	2
zettaiaku-no-kaibutsu	絶対悪の怪物	通常版	1,3,4	2
zoo-keeper	ZOO KEEPER	通常版	1,3,4,5,6,7,8	2
zootopia	ズートピア	通常版	1,3	2
