slug	title	edition	cnt	nums
17sai	17歳	通常版	1	[2]
4-zun-yon	シーズン4	通常版	1	[4]
40-made-ni-shitai-10-no-koto	40までにしたい10のこと	デラックス版	1	[2]
5-nenburi-ni-tsunagaru-moto-kare-ishi-kara-tsutawaru-atsui-netsu	5年ぶりに繋がる元カレ医師から伝わる熱い熱	通常版	1	[2]
ai-no-fujitsubo	愛のふじつぼ	通常版	1	[2]
ai-no-shin-tairiku	愛の新大陸	通常版	1	[6]
aitora	#アイトラ	デラックス版	1	[3]
aku-no-hana-2011	悪の華	通常版	1	[3]
akushumi-na-bigaku	悪趣味な美学	通常版	1	[7]
akuyaku-reijou-ni-tensei-shitara-risou-no-heya-ga-te-ni-hairimashita	悪役令嬢に転生したら理想の部屋が手に入りました!	通常版	1	[2]
amida-shizuku	阿弥陀しずく	通常版	1	[2]
angel	Angel	通常版	1	[7]
ano-hi-no-aozora	あの日の青空	通常版	1	[7]
aoi-fuyuko	アオイ冬子	通常版	1	[2]
aozora-kazoku	あおぞら家族	通常版	1	[2]
aporon-ha-shit-suru	アポローンは嫉妬する	通常版	1	[2]
arakure-neverland	荒くれネバーランド	デラックス版	1	[2]
arashi-to-ibuki	あらしといぶき	通常版	1	[2]
ashita-ai-kamoshirenai	あした愛かもしれない	通常版	1	[2]
atai-to-nechikoyan	あたいとネチコヤン	通常版	1	[2]
awayukishou	淡雪抄	通常版	1	[3]
ayashii-iyashi-no-yakumo-san	あやしい癒しの八雲さん	通常版	1	[2]
b-boy-luv	B-boy luv	通常版	1	[2]
b-boy-petit	B-boyぷち	通常版	1	[2]
banchou-kami-eshi-koitsu-desu	番長!神絵師コイツです!	通常版	1	[2]
baroque-2017	バロック	通常版	1	[3]
batsutsu	バツッ!!	通常版	1	[2]
be-free	Be free!	デラックス版	1	[2]
best-obu-tezuka-osamu	ベスト・オブ・手塚治虫	通常版	1	[2]
besuteia	ベスティア	standard	1	[4]
biba-usagi-kozou	ビバ☆うさぎ小僧	通常版	1	[5]
biiparu-kozou-no-autodoa-kyouhon	ビーパル小僧のアウトドア教本	通常版	1	[2]
black-jack-oavban	BLACK JACK OAV版	文庫版	1	[2]
black-sweep-sisters	ブラック・スイープ・シスターズ	通常版	1	[3]
bloody-monday-season-2-zetsubou-no-hako	Bloody Monday season 2 絶望ノ匣	通常版	1	[8]
blush-dc	/Blush-DC	愛蔵版	1	[10]
bocchi-jieikee-wa-obentou-o-tsukuru-koto-ni-shita	ぼっちJKはお弁当を作ることにした。	デラックス版	1	[2]
bolts-and-nuts-prologue	BOLTS AND NUTS!Prologue	通常版	1	[20]
bon-kudo	ボン	通常版	1	[2]
byakuyou-no-musume	白妖の娘	愛蔵版	1	[3]
card-game-usagi	カードゲームうさぎ	通常版	1	[2]
chi-chotto-dake-kaettekita-kita-dokutaa-slump	ちちょっとだけかえってきたDr.SLUMP	通常版	1	[2]
chotto-matou-yo-harutora-kun	ちょっと待とうよ、春虎くん	通常版	1	[2]
cielo	Cielo	通常版	1	[3]
comic-hero	Comic HERO	通常版	1	[6]
comic-indeep	COMIC INDEEP	通常版	1	[3]
contradict	コントラディクト	通常版	1	[2]
cool	COOL	文庫版	1	[4]
craibu	C-live	通常版	1	[4]
dai-chouhen-doraemon	大長編ドラエもん	通常版	1	[2]
daikazoku-gohan-monogatari	大家族ごはん物語	通常版	1	[2]
dainiji-chousen-sensou-yugio	第二次朝鮮戦争ユギオ	通常版	1	[2]
dakara-katte-ni-yuusha-toka-haou-ni-nintei-sunno-yameroyo	だから勝手に勇者とか覇王に認定すんのやめろよ!	通常版	1	[2]
dakarete-tamaruka	抱かれてたまるか!	通常版	1	[2]
dakedo-kurasedo-suki-ga-ienai	抱けど暮らせど「好き」が言えない	通常版	1	[2]
danna-sama-no-shitsukekata-next	だんな様のしつけ方 next	通常版	1	[2]
danshaku-kouchou-hai	男爵校長high!	通常版	1	[2]
daphne	ダフネー	通常版	1	[29]
daruma-tanaka-2004	達摩	通常版	1	[3]
david	David	通常版	1	[2]
deki-no-ii-kiss-warui-kiss	できのいいキス悪いキス	通常版	1	[2]
dfk	DFK	通常版	1	[2]
dokkiri-doctor	どっきりドクター	ワイド版	1	[2]
doridorikyasusan	ドリドリキャス子さん	通常版	1	[2]
dr-typhoon-1996	Dr.Typhoon	ワイド版	1	[2]
dragon-efekuto-sakamoto-ryouma-ibun	ドラゴンエフェクト 坂本龍馬異聞	通常版	1	[3]
eien-o-miru-musume	永遠を見る娘	通常版	1	[5]
elysion	エリュシオン	通常版	1	[5]
emerald-ha-kidoriya	エメラルドは気取り屋	通常版	1	[10]
f1-sokuhou-guranpuri-tengoku	F1速報グランプリ天国	通常版	1	[7]
feauei-no-samurai	フェアウェイの侍	通常版	1	[2]
feroumerou	フェロウメロウ	通常版	1	[2]
fight-2006	ファイト!	通常版	1	[3]
flcl	フリクリ	文庫版	1	[3]
fudanshi-no-ore-ga-youkya-osananajimi-ni-semarareteru-ken	腐男子の俺が陽キャ幼馴染に迫られてる件	通常版	1	[2]
fujiko-efu-fujio-ishoku-tanpenshuu	藤子・F・不二雄 異色短編集	文庫版	1	[2]
fushigi-no-mori-no-monogatari	不思議の森の物語	文庫版	1	[3]
fusoku-no-renjou	不測ノ恋情	通常版	1	[3]
futago-saien	双子菜園	デラックス版	1	[5]
futarijime-under-dog	ふたりじめアンダードッグ	デラックス版	1	[2]
gakuran-hachinengumi	ガクラン八年組	ワイド版	1	[3]
game-comic-collection	ゲームコミックコレクション	通常版	1	[2]
garou-densetsu-kumocho-1996	餓狼伝説	通常版	1	[3]
garu	天馬の空	通常版	1	[4]
ginga-tetsudou-no-yoru	銀河鉄道の夜	通常版	1	[2]
girl	ガール	通常版	1	[2]
gokudou-domu-sabu	極道dom/sub	通常版	1	[2]
gokujou-rakuen-otoko	極上楽園男子	通常版	1	[2]
gokuraku-houshinden	極楽封神伝	通常版	1	[3]
goudan-araki-mataemon	豪談荒木又右衛門	通常版	1	[6]
goudan-gotou-matabee	豪談後藤又兵衛	通常版	1	[4]
goudan-hidari-jingorou	豪談左甚五郎	通常版	1	[9]
goudan-iwami-juutarou	豪談岩見重太郎	通常版	1	[7]
goudan-kirigakure-saizou	豪談霧隠才蔵	通常版	1	[2]
goudan-musashibou-benkei	豪談武蔵坊弁慶	通常版	1	[10]
goudan-raiden-tameemon	豪談雷電為右衛門	通常版	1	[8]
goudan-sanada-gunki	豪談真田軍記	通常版	1	[5]
goudan-sarutobi-sasuke	豪談猿飛佐助	通常版	1	[3]
gouman-sheikh-no-propose	傲慢シークのプロポーズ	通常版	1	[2]
gozen-0-ji-no-amai-wana	午前0時の甘い罠	通常版	1	[2]
grand-vacances	グラン・バカン	通常版	1	[2]
grayscale-children	グレースケールチルドレン	通常版	1	[2]
greed-packet-unlimited	グリードパケット∞	通常版	1	[4]
guy-saito-1990	ガイ	通常版	1	[2]
haguhagu	はぐはぐ	通常版	1	[3]
hakujou-ga-hakuhyou-o-fumu	薄情が薄氷を踏む	通常版	1	[12]
hal-ayase-2017	ハル	通常版	1	[2]
hametsu-machi-akuyaku-reijou-wa-zetsurin-kikoushi-ni-dakitsubusareru	破滅待ち悪役令嬢は絶倫貴公子に抱きつぶされる	通常版	1	[2]
hamster-no-kyuukyuubako	ハムスターの救急箱	通常版	1	[3]
hana-arashi	華あらし	通常版	1	[5]
hana-ichimonme	花いちもんめ	通常版	1	[2]
hana-ikusa	華いくさ	通常版	1	[6]
hana-kariudo	花狩人	通常版	1	[13]
hana-omoi	華想ひ	通常版	1	[8]
hanabi-ga-agattara	花火が上がったら	通常版	1	[2]
hanna-of-the-z	はんなof the Z	通常版	1	[2]
happy-birthday-komikku	ハッピーバースデー	通常版	1	[3]
heisei-kochikame-13-nen	平成こち亀13年	通常版	1	[7]
heiwa-no-kane-series	平和の鐘シリーズ	通常版	1	[20]
hero-special	ヒーロースペシャル	通常版	1	[2]
hi-hi-hi	Hi Hi Hi!	通常版	1	[2]
hi-no-ataru-sakamichi	陽のあたる坂道	通常版	1	[3]
hidoku-shinaide-plus	酷くしないでplus +	デラックス版	1	[2]
hiiragi-buchou-no-panst-line	柊部長のパンストライン	通常版	1	[2]
himawari-ga-koi-o-shita-noha-dare	向日葵が恋をしたのは誰?	通常版	1	[4]
himegimi-no-tou-kizukurugan	姫君の塔-キズクルガン-	通常版	1	[3]
himitsu-ha-barashitemo-ii	秘密はバラしてもいい	通常版	1	[9]
hinako	HINAKO !!!	通常版	1	[2]
hisauchi-michio-kenkyuu-2-ai-no-tabou-ni-tsuite-sukebe-wa-tsurai-yotsu	ひさうちみちお研究2 愛の多忙について スケベはつらいよっ!	通常版	1	[2]
hito-wa-sore-o-furin-to-yobu	人はそれを不倫と呼ぶ	文庫版	1	[2]
hitomi-ni-utsuru-kimi-wa-zenbu-ore-no-mono	瞳に映るキミは、全部オレのもの	通常版	1	[2]
hitsukurikaetsuta-omochiyabako	ひっくりかえったおもちゃ箱	愛蔵版	1	[2]
hohoemi-o-kaeshitara	微笑みを返したら	通常版	1	[3]
holy-maruo-1996	Holy	通常版	1	[2]
honba-joshikou-manual	本場ぢょしこうマニュアル	通常版	1	[2]
honkon-tokusou-lady	香港特捜Lady	通常版	1	[2]
honomi-bureikutsu	ほのみぶれいくっ!	通常版	1	[2]
hontou-ni-atta-nama-maji-giretsu-byouin-esupii	本当にあった〔○生〕マジギレッ病院SP	通常版	1	[2]
hoozuki-yo	鬼灯夜	通常版	1	[7]
hot-komyunikeeshiyon	あったかファミリー ホット・コミュニケーション	通常版	1	[2]
i-san-kareshi	遺産彼氏。	通常版	1	[2]
igaguri-kun	イガグリくん	文庫版	1	[9]
ijippari-na-senpai-no-shitsukekata	意地っ張りな先輩のしつけ方	通常版	1	[2]
ijiwaru-na-tsugai	いじわるな番	通常版	1	[2]
iki-doll	生き人形	文庫版	1	[2]
ikinari-shinrensai	いきなり新連載	通常版	1	[2]
imagine-2020	とよ田みのる短編集	通常版	1	[2]
inu-go	いぬ五	通常版	1	[5]
invincible-iron-man-ironheart	インビンシブル・アイアンマン:アイアンハート	通常版	1	[2]
isekai-kara-elf-san-ga-ochitekita-nodesuga	異世界からエルフさんが落ちてきたのですが!?	通常版	1	[2]
itokoi-chidori	愛恋千鳥	通常版	1	[2]
itoshi-no-shippo-chan	愛しのしっぽちゃん	通常版	1	[2]
joker-2000-2	ジョーカー	通常版	1	[3]
julia-ga-kubittake	ジュリアが首ったけ	デラックス版	1	[7]
jun-1997	純	通常版	1	[2]
junai-rakuen-otoko	潤愛楽園男子	通常版	1	[3]
junai-yakuza-to-dousei-seikatsu	純愛ヤクザと同棲生活	通常版	1	[2]
junai	純愛	通常版	1	[3]
jungle	ジャングル	通常版	1	[3]
juukyouden	柔侠伝	デラックス版	1	[8]
juuou-mujin-no-kaze	縦横無尽の風	通常版	1	[11]
k-shitsuki-1988	K	文庫版	1	[2]
kaerenai-futari	帰れないふたり	通常版	1	[4]
kago-no-naka-no-ohime-sama	籠の中のお姫様	通常版	1	[8]
kaii-san-to-ore	怪異さんと俺	通常版	1	[2]
kaika-ansatsuchou-tenpousen	開化暗殺帳天保銭	通常版	1	[2]
kaiki-shinsatsushitsu	怪奇診察室	文庫版	1	[2]
kairanban-no-etchi-na-rule-wa-zettai-desu	回覧板のエッチなルールは絶対です。	通常版	1	[2]
kaishain-no-merodii	かいしゃいんのメロディー	通常版	1	[2]
kaku-san	拡散	デラックス版	1	[2]
karabuki-shitene	からぶき♥してね	通常版	1	[2]
karutetto	かるってと	通常版	1	[2]
kasei-no-hatsu-chan	火星の八ちゃん	文庫版	1	[3]
kasumigaseki-furiimeeson	霞ヶ関フリーメーソン	通常版	1	[2]
katei-kyoushi-hitman-reborn-chaos-destiny	家庭教師ヒットマンreborn!カオスデスティニー	通常版	1	[2]
kawaisou-na-kimi-wa-boku-dake-no-amayaka-na-kizu	可哀想な君は僕だけの甘やかな傷	通常版	1	[2]
kayou-manga-daizenshuu	歌謡マンガ大全集	通常版	1	[2]
kaze-no-tenpei	風の天兵	通常版	1	[2]
keishichou-0-ka-no-onna	警視庁0課の女	通常版	1	[6]
keroyoi-niigataben-sakaba	けろよい!新潟弁酒場	通常版	1	[2]
kifujin-ha-unazukanai	貴婦人は頷かない	通常版	1	[3]
kimi-no-shita-wa-dolce	君の舌はドルチェ	通常版	1	[2]
kimi-o-mae-ni-shitara-ore-wa-moutsu-nikushokuha-otoko-no-junjouna-yokujou	君を前にしたら俺はもうっ…肉食派男子の純情な欲情	通常版	1	[2]
king-of-pop	KING OF POP	通常版	1	[2]
kirishima-kun-wa-ijimetai	桐島くんはいじめたい	通常版	1	[3]
kisaki-to-kawa	后と河	通常版	1	[2]
kitchen-ni-sumitai	キッチンに住みたい	通常版	1	[2]
kochira-tsubaki-sanfujinka	こちら椿産婦人科	文庫版	1	[13]
koi-kara-wa-nigerarenai	恋からは逃げられない	通常版	1	[3]
koi-to-junrei	恋と巡礼	通常版	1	[8]
koisuru-milk-crown	恋するミルククラウン	通常版	1	[2]
kokou-no-ou-to-yotogi-no-jouai	孤高の王と夜伽の情愛	通常版	1	[2]
kono-kanojo	この彼女	通常版	1	[2]
kono-koi-wa-kitto-amasugiru	この恋はきっと、甘すぎる	通常版	1	[2]
kono-te-o-hanasanaide	この手を離さないで	通常版	1	[2]
konoshitayami	木下闇	通常版	1	[14]
kore-wa-kitto-unmei-no-koi	これはきっと、運命の恋	通常版	1	[2]
kotoza-no-regashii	こと座のレガシー	通常版	1	[2]
koukidou-gensou-ganpareedo-march-4-koma-manga-gekijou	高機動幻想ガンパレード・マーチ 4コママンガ劇場	通常版	1	[2]
koukoukyoushimonogatari	高校教師物語	通常版	1	[2]
kuchibeta-wa-koi-ni-jikoru	口下手は恋に事故る	デラックス版	1	[2]
kunpuuki	薫風記	通常版	1	[10]
kuro-no-koutaishi	黒の皇太子	通常版	1	[5]
kuzu-no-ha	葛の葉	通常版	1	[9]
kyoto-kagai-ha-konoyo-no-jigoku	京都花街はこの世の地獄	通常版	1	[2]
kyou-mo-neko-sama-no-atsu-ga-tsuyoi	今日もネコ様の圧が強い	通常版	1	[2]
kyoufu-kaiki	恐怖怪奇	通常版	1	[2]
kyoufu-shinbun	恐怖新聞	文庫版	1	[4]
kyuubanmenootoko	九番目の男	デラックス版	1	[5]
l-gion	LÉGION	通常版	1	[3]
la-vie-en-rose-1998	LA VIE EN ROSE	デラックス版	1	[2]
like-the-beast	Like the beast	通常版	1	[14]
love-neko	ラブ・ネコ	通常版	1	[4]
lovers	Lovers	通常版	1	[2]
machi	街	文庫版	1	[62]
madame-to-risou-no-android	マダムと理想のアンドロイド	通常版	1	[2]
magatsuhi-boshi	禍津日星	通常版	1	[15]
magatte-soorou	曲がってそーろう	通常版	1	[3]
magic-knight-rayearth	魔法騎士レイアース	なかよしメディアブックス（1997）	1	[2]
magic-naito-rayearth-2	魔法騎士レイアース2	KCDX（1996）	1	[3]
magical-girl-lyrical-nanoha-movie-1st-the-comics	Magical Girl Lyrical Nanoha mo	通常版	1	[2]
mahiru-no-tsuki	真昼の月	通常版	1	[2]
maifurendo-doubutsubyouin-nisshi	MF動物病院日誌	通常版	1	[18]
makai-densetsu	魔界伝説	通常版	1	[2]
makinonansensu	佐々木マキのナンセンサス世界	通常版	1	[6]
mama-ha-tenparist	ママはテンパリスト	通常版	1	[4]
mamakatsu-hajimemashita	ママ活はじめました	通常版	1	[2]
manga-de-shitashimu-izumo-shinwa	マンガで親しむ出雲神話	通常版	1	[4]
manga-heiki-saibaa-comics	漫画兵器サイバーコミックス	通常版	1	[4]
manga-zankoku-nippon-banashi-inagaki	まんが残酷日本むかしばなし	通常版	1	[3]
mangaban-nobushi-no-gourmet	漫画版野武士のグルメ	通常版	1	[3]
mangataimumini	まんがタイムmini	通常版	1	[5]
manhattan-op	マンハッタン・オプ	文庫版	1	[3]
manka	漫歌	通常版	1	[2]
manmaru-highschool	まんまるハイスクール	ワイド版	1	[5]
mansion-neko-no-kyoumi-shinshin	マンションネコの興味シンシン	通常版	1	[2]
matador	マタドール	通常版	1	[2]
matsuoka-the-incredible	Matsuoka the incredible	通常版	1	[2]
matte-suki	まって、好き。	通常版	1	[2]
mayonaka-no-raburetaa	真夜中のラブレター	通常版	1	[2]
megurikuruharu	めぐりくるはる	通常版	1	[2]
meiji-no-ibuki	明治の息吹	通常版	1	[2]
meme	メメ	通常版	1	[2]
meshi-baka	めしバカ	通常版	1	[5]
miaki-hitamuki	みあき♥ひたむき	通常版	1	[4]
mii-chan-to-yamada-san	みいちゃんと山田さん	通常版	1	[6]
milky-way	ミルキーウェイ	通常版	1	[3]
mitsuki-kun-chotto-matte	ミツキくんちょっと待って!	通常版	1	[2]
miuman	みうまん	通常版	1	[2]
miyama-to-nanase-wa-mada-tomodachi	深山と七瀬はまだ友達?	通常版	1	[2]
mizuki-kun-no-ai-ga-omosugiru	瑞樹くんの愛が重すぎる	通常版	1	[2]
mizuno-shinobu-no-risou-no-love	水野忍の理想の恋愛	通常版	1	[2]
momopan-clover-2012	MOMOPAN	通常版	1	[25]
motto-otona-no-asobi	もっとオトナのアソビ	文庫版	1	[2]
muchashi	無茶四	文庫版	1	[4]
nanda-kanda-de-onna-no-hashori-michi	なんだかんだで!女のはしょり道	通常版	1	[6]
nandemo-tsurukame	なんでもツルカメ	文庫版	1	[3]
nefirimu-kusakabe-2008	ネフィリム	通常版	1	[3]
neko-banashi	ねこばなし	通常版	1	[3]
neongai-comics	ネオン街コミックス	通常版	1	[2]
nigennayo-oku-san	逃げんなよ、奥さん。	通常版	1	[2]
nihonnorekishi	日本の歴史	文庫版	1	[7]
nikushimi-ni-hohoende	憎しみに微笑んで	通常版	1	[3]
ninja-ninbetsuchou	忍者人別帖	通常版	1	[3]
ninkuu-2nd-stage	忍空2nd stage	通常版	1	[2]
ninpou-juuban-shoubu-shirato	忍法十番勝負	通常版	1	[2]
ninpou-juuban-shoubu	忍法十番勝負	文庫版	1	[3]
nippon-jinbutsushi	日本人物史	通常版	1	[4]
nouzui-jungle	脳髄ジャングル	通常版	1	[2]
nurse-station-kozan-1990	ナースステーション	通常版	1	[5]
oishii-otoko-no-tsukurikata	おいしい男の作り方	通常版	1	[2]
oki-ni-mesu-mama-1994	お気に召すまま。	デラックス版	1	[2]
oku-sama-hi-no-youjin	奥様火の用心!	通常版	1	[2]
omega-senyou-kareshi	Ω専用カレシ	通常版	1	[2]
onii-chan-kara-nigerarenai	お兄ちゃんから逃げられない!	通常版	1	[2]
onna-no-ko-monogatari	おんなのこ物語	愛蔵版	1	[2]
ookami-sama-no-ichizu-na-bouai	オオカミ様の一途な暴愛	通常版	1	[2]
ore-no-mae-de-nuretero	俺の前で濡れてろ	通常版	1	[2]
osaka-geijutsu-daigaku-kanan-bungei-manga-hen	大阪芸術大学河南文藝 漫画篇	通常版	1	[5]
osananajimi-ga-suki-kamo-shirenai	幼馴染が好きかもしれない	通常版	1	[2]
oshi-kimono	推し着物	通常版	1	[2]
oshie-danna-sama	教え❤旦那サマ	通常版	1	[6]
oyakodeka	おやこ刑事	ワイド版	1	[2]
panchirasshu-jieikee-tara-chan	パンチラッシュJKタラちゃん	デラックス版	1	[3]
papa-kari-wa-komando-nante-hoshikunai	パパ (仮) はコマンドなんて欲しくない	通常版	1	[2]
papa-no-kokoro	パパのココロ	通常版	1	[2]
pet-boy-s	Pet-boy's	通常版	1	[2]
pit-bull	PIT BULL	通常版	1	[3]
platinum-boys	PLATINUM BOYS	通常版	1	[3]
r-3611193	蒼の男	通常版	1	[3]
r-3966128	Mindy land	通常版	1	[2]
r-4443774	前線と銃後	通常版	1	[2]
raigeki-shindo-juukutengo	雷撃深度一九・五	通常版	1	[5]
rasubosu-tachi-no-kakushi-go	ラスボスたちの隠し仔	通常版	1	[3]
repeat-after-me-fuwa-2010	リピート・アフター・ミー?	通常版	1	[2]
reppuu-juukitai-nimaru-san	烈風!!獣機隊二○三	通常版	1	[3]
risou-no-kekkon	理想の結婚	通常版	1	[2]
risoukyou-joshi-zukan	理想郷女子図鑑	通常版	1	[2]
route-double	ルートダブル	通常版	1	[2]
ryuu-to-tora	龍と虎	通常版	1	[2]
ryuukishi-senmon-gakkou	竜騎士専門学校	通常版	1	[2]
sadistic-na-shachou-to-elevator-ni-tojikomeraretara-naze-goseikon-ni-itatta-ken	サディスティックな社長とエレベーターに閉じ込められたら、なぜ	通常版	1	[2]
sadistic-sayaka-chan	サディスティックさやかちゃん!	通常版	1	[2]
saibara-rieko-no-jinsei-ichinensei	西原理恵子の人生一年生	通常版	1	[2]
saitsuyo-akuyaku-reijou-nikki	さいつよ☆悪役令嬢日記	通常版	1	[2]
sakigake-otokojuku	魁!!男塾	愛蔵版	1	[15]
sandoman	サンドマン	通常版	1	[3]
sange	散華	通常版	1	[18]
sarasa	Sarasa	通常版	1	[2]
satonaka-machiko-sakuhinshuu	里中満智子作品集	通常版	1	[2]
saurus-no-mini-yonku-super-tekunikku	ザウルスのミニ四駆スーパーテクニック	通常版	1	[2]
sayonara	さよなら!!岸壁先生	通常版	1	[5]
seifuku-shinya-2-ji	制服、深夜2時。	通常版	1	[2]
seishun-kijinden-240-o-gakuen	青春奇人伝!240学園	通常版	1	[2]
seishun-no-nukarumi	青春のぬかるみ	通常版	1	[2]
sekai-no-meisaku-opera	世界の名作オペラ	通常版	1	[10]
senkou-shoujo	閃光少女	通常版	1	[3]
sensei-daisuki	先生大好き!	デラックス版	1	[2]
setsuenshou	雪焔抄	通常版	1	[4]
setsugekka	雪月華	通常版	1	[2]
sexy-moto-gokudou	セクシー〈元〉極道	通常版	1	[2]
shachiku-joushi-no-koi-to-kairaku	社畜上司の恋と快楽	通常版	1	[2]
shiba-inu-pon-chan-kyou-mo-wagamichi-o-yuku	柴犬ぽんちゃん、今日もわが道を行く	通常版	1	[2]
shibanban	しばんばん	通常版	1	[2]
shigatsu-ni-nareba-kanojo-wa	四月になれば彼女は	通常版	1	[6]
shii-chan-to-mitsu-chan	しーちゃんとみっちゃん	通常版	1	[2]
shima-chan-chi-no-tsugai-jijou	しまちゃん家の番事情	通常版	1	[2]
shima-kun-ni-zenbu-ageru	紫真くんにぜんぶあげる	通常版	1	[2]
shimaji	嶋二	通常版	1	[2]
shin-manga-bungaku-zenshuu	新漫画文学全集	通常版	1	[2]
shina-dark	シャイナ・ダルク	通常版	1	[3]
shinigami-alice-izumiya-2011	死神アリス	通常版	1	[2]
shinno-kun-wa-suki-darake-na-kanojo-ga-sukisugiru	神野くんはスキだらけな彼女が好きすぎる	通常版	1	[2]
shinshi-na-kare-wa-tondemonai-mashou-no-kyo-pii-deshita	紳士な彼はとんでもない魔性の巨●(ピー)でした	通常版	1	[2]
shinshin-agatte-nanbo-taichi-yo-nakuna-2006	新々上がってなンボ!!太一よ泣くな	通常版	1	[4]
shinuhodo-kisu-shite	死ぬほどKISSして	通常版	1	[2]
shitagokoro-ga-yomeru-app	下心が読めるアプリ	通常版	1	[2]
shoki-sakuhin-shuu	レフトアンドライト	通常版	1	[28]
shokugeki-no-sooma-retowaaru-2019	食戟のソーマL'étoile	通常版	1	[8]
shounan-bousouzoku	湘南暴走族	通常版	1	[5]
shounangurafutei	湘南グラフティ	通常版	1	[2]
shounen-ha-hiiki-dekiaisareru	少年は贔屓される	通常版	1	[6]
shousetsu-ace-o-nerae	小説エースをねらえ!	文庫版	1	[3]
skip-kiss	SKIP-KISS	通常版	1	[2]
sora-ga-haretara	空が晴れたら	通常版	1	[4]
soshite-kozure-ookami-shikaku-no-ko	そして-子連れ狼刺客の子	通常版	1	[5]
sourenki	双恋記	通常版	1	[17]
souteigai-no-sweet-marriage	想定外のスウィートマリッジ	通常版	1	[2]
sugar	シュガー	通常版	1	[7]
suikyouka	水響花	通常版	1	[11]
suki-nara-nugasete	好きなら脱がせて。	デラックス版	1	[2]
supi-sanpo	スピ☆散歩	通常版	1	[6]
supooshon-kid	スポーションKID	通常版	1	[2]
sushi-damashii-shouwa-44-nen-special	寿司魂昭和44年スペシャル	通常版	1	[11]
susumu-x-minoru	ススム×ミノル	通常版	1	[2]
suteki-na-shufutachi	すてきな主婦たち	文庫版	1	[2]
takahashi-meijin-monogatari	高橋名人物語	通常版	1	[6]
takamari-shisuu-esukareeshon	たかまり指数エスカレーション	通常版	1	[2]
tama-sensei-ni-kike	たま先生に訊け!	文庫版	1	[2]
tamasanchi-no-hogoinu	たまさんちのホゴイヌ	通常版	1	[2]
tamasanchi-no-hogoneko	たまさんちのホゴネコ	通常版	1	[2]
tange-sazen	丹下左膳	通常版	1	[4]
tanimura-hitoshi-no-bakuretsu-tabiuchi-special	谷村ひとしの爆裂旅打ちスペシャル	通常版	1	[2]
tanpopo-chan-wa-sub-kamo-shirenai	たんぽぽちゃんはsubかもしれない	デラックス版	1	[2]
tecchannotsubasa	てっちゃんのつばさ	通常版	1	[2]
teida-neenee	太陽娘	通常版	1	[2]
tempest-1993	テンペスト	文庫版	1	[3]
tenka-musou	天下無双	通常版	1	[6]
tenshi-no-omou-tsubo	天使の思う壺	通常版	1	[3]
tenshitachi-no-machi	天使たちの街	デラックス版	1	[4]
tim-tim-circus	ティム・ティム・サーカス	通常版	1	[2]
toaru-mei-tantei-to-joshu-no-rabukome-teki-nichijou-tantei-wa-mou-shinde-iru	とある名探偵と助手のラブコメ的日常@探偵はもう、死んでいる。	通常版	1	[2]
tokyo-debut	東京デビュー	通常版	1	[3]
tomodachi-nannin-nakusukana	ともだちなんにんなくすかな	通常版	1	[2]
tomodachi-wa-kiss-shinai	友達はキスしない!	通常版	1	[2]
tonotatakai	豊臣秀吉と天下統一のたたかい	通常版	1	[3]
tooboe-ni-koi	遠吠えに恋	通常版	1	[2]
tora-ni-yotsumeya	虎に四目屋	通常版	1	[2]
torawarekon	囚ワレ婚	通常版	1	[2]
toritsu-mahou-gakuen	都立魔法学園	通常版	1	[2]
toshishita-no-rinjin-ni-sewa-dekiaisaretemasu	年下の隣人に世話されてます	通常版	1	[2]
toshizou	歳三	通常版	1	[3]
toujuushi	闘獣士	通常版	1	[7]
toukaidou-onna-sugoroku	東海道おんな双六	通常版	1	[6]
touya	凍夜	通常版	1	[16]
transistor-teaset-denki-gairozu	トランジスタティーセット	通常版	1	[5]
tsuburaya-age	円谷英二	通常版	1	[2]
tsuihousareta-saikyou-kuzu-kenja-no-henkyou-kosodate-surooraifu	追放最凶クズ〈?〉賢者の辺境子育てスローライフ	通常版	1	[2]
uchuusen-red-shark	宇宙船レッドシャーク	通常版	1	[3]
uiguru-no-suna	ウイグルの砂	通常版	1	[4]
ultra-q-2011	ウルトラQ	通常版	1	[3]
unchiku-manga	蘊蓄漫画	文庫版	1	[2]
unmei-no-karada-to-wakaretai	運命のカラダと別れたい。	通常版	1	[2]
ura-aka-otoko-wa-dakaretai-seme-sama-no-1-ni-xx-saretai	裏アカ男子は抱かれたい攻め様No.1にXXされたい	通常版	1	[3]
uramishuran	それでも行きたい恨ミシュラン	通常版	1	[2]
valkyrie-profile-2000	VALKYRIE PROFILE	通常版	1	[2]
valkyrie-profile-2001-2	VALKYRIE PROFILE	通常版	1	[6]
valkyrie-profile-2001	VALKYRIE PROFILE	通常版	1	[5]
valkyrie	ワルキューレ	通常版	1	[2]
w3	W3	手塚治虫漫画全集	1	[3]
watanabe-masako-kyoufu-gekijou-yashagaike	わたなべまさこ恐怖劇場 夜叉ヶ池	通常版	1	[2]
watashi-no-kyoufutaiken	宜保愛子の私の恐怖体験	通常版	1	[3]
watashi-o-tsuki-made-tsuretette	私を月まで連れてって!	愛蔵版	1	[2]
wei	Weiβ	通常版	1	[2]
with-2000	ウィズ	通常版	1	[2]
wonder-three	WONDER THREE	通常版	1	[2]
x	X	通常版（1959）	1	[5]
yakouhai	夜光杯	通常版	1	[12]
yamamoto-fuutarou-kun	山本風太郎くん	通常版	1	[2]
yappari-kotowaza-gundam-san	やっぱり・ことわざガンダムさん	通常版	1	[2]
yasha-no-hitomi	夜叉の瞳	通常版	1	[3]
yukai-na-shintouki	ゆかいな神統記	通常版	1	[2]
yukkuri-dabo-san	ゆっくりダボさん	デラックス版	1	[3]
yume-no-sousou	夢の葬送	通常版	1	[6]
yuri-shoujo	百合少女	通常版	1	[3]
yuureidensha	ゆうれい電車	文庫版	1	[2]
yuutousei-no-seifuku-no-naka	優等生の制服のなか	通常版	1	[2]
zannenna-ouji-kun-to-fujoshi-no-noda-san	残念な皇子くんと腐女子の野田さん	通常版	1	[2]
zebra	ゼブラ	通常版	1	[7]
zettai-shitai-eichi-na-koi	絶対したいHな恋!	通常版	1	[2]
zoku-kanaike-no-hitobito	続 金井家の人々	通常版	1	[2]
zoku-kindan-no-koi-o-shiyou	続・禁断の恋をしよう	通常版	1	[2]
