tier	slug	title	publishers	year	cover_missing
T1	abemorioka-no-kari-iiekkusu	あべもりおかの… (仮) Ex	ヒット出版社	2017	3/4
T1	ahosuta-san-no-futsuu-janai-nichijou	あほすたさんのふつうじゃない日常	三和出版	2023	0/1
T1	akatsuka-fujio-no-hata-no-moto-ni	赤塚不二夫の旗の下に	ジーオーティー	2016	1/1
T1	akireusu	アキレウス	キルタイムコミュニケーション	2015	0/2
T1	aku-yome	あく×ヨメ	キルタイムコミュニケーション	2018	0/4
T1	akuyaku-reijou-ni-tensei-shita-no-de-kakure-haisupe-ouji-to-hametsu-no-unmei-o-kaihi-shimasu	悪役令嬢に転生したので、隠れハイスペ王子と破滅の運命を回避します!	キルタイムコミュニケーション	2023	0/4
T1	all-leaf-daishingeki	オールリーフ大進撃	文苑堂	2010	0/1
T1	amentia	AMENTIA	キルタイムコミュニケーション	2016	2/2
T1	anata-no-oku-san-moraimasu	あなたの奥さんもらいます	エンジェル出版	2013	1/1
T1	ano-hito-wa-chi-o-motomete-shimau	あの人は血を求めてしまう	ジーオーティー	2020	0/2
T1	astro-king	アストロキング	キルタイムコミュニケーション	2022	0/3
T1	atara-yo-no-hoshi	あたらよのほし	ジーオーティー	2026	0/1
T1	bakemono-to-shoujo	化物と少女	キルタイムコミュニケーション	2020	0/2
T1	bakudanma-na-youhei-douji-shoukan-sareta-saikyou-cheat-domo-o-katappashi-kara-keshitobasu	爆弾魔な傭兵、同時召喚された最強チート共を片っ端から消し飛ばす	キルタイムコミュニケーション	2025	0/3
T1	bakumatsu-kareshi	幕末カレシ!	キルタイムコミュニケーション	2013	0/3
T1	bakunetsu-sentouki	爆熱戦湯姫	キルタイムコミュニケーション	2010	0/2
T1	bijo-to-kenja-to-mazin-no-ken	美女と賢者と魔人の剣	キルタイムコミュニケーション	2019	0/7
T1	blangel	BLANGEL	キルタイムコミュニケーション	2007	0/2
T1	boku-dake-ni-yasashii-kimi-ni	僕だけに優しい君に	ジーオーティー	2019	0/1
T1	boku-ga-kimi-ni-aitai-wake	僕がきみに会いたい理由	一水社	2017	0/1
T1	boku-no-egaku-biieru-comic-wa-homobitchi-na-tantou-henshuusha-ga-model-desu	ボクの描くBLコミックはホモビッチな担当編集者がモデルです	キルタイムコミュニケーション	2023	1/1
T1	boku-wa-nisemono-no-kimi-ni-koi-o-suru	ボクはニセモノノキミに恋をする	ジーオーティー	2025	0/1
T1	bokutachi-ga-kazoku-ni-naru-made	僕たちが家族になるまで	ジーオーティー	2021	0/2
T1	buiaaru-erogee-yattetara-isekai-ni-tensei-shita-node-bishoujo-maou-o-doreika-suru	VRエロゲーやってたら異世界に転生したので、美少女魔王を奴隷化する	キルタイムコミュニケーション	2020	0/2
T1	bukyou-souha	武狂争覇	ジーオーティー	2020	0/4
T1	bullet-fang	バレット×ファング	ジーオーティー	2021	0/3
T1	change-up-2022	CHANGE UP!!	キルタイムコミュニケーション	2022	0/3
T1	cherish-bokkusu	ちぇりっしゅBOX	文苑堂	2009	0/2
T1	class-zenin-de-maou-tensei	クラス全員で魔王転生!	キルタイムコミュニケーション	2025	0/2
T1	colorful-gray	カラフルグレー	ジーオーティー	2022	0/5
T1	corpo-a-corpo	コーポ・ア・コーポ	ジーオーティー	2020	0/6
T1	cut-back-end-roll	カットバック:エンドロール	ジーオーティー	2025	0/2
T1	danjongurashi-no-motoyuusha	ダンジョン暮らしの元勇者	キルタイムコミュニケーション	2019	0/8
T1	degarashi-tv	でがらしTV	ヒット出版社	1997	0/1
T1	doukei-no-atelier	憧憬のアトリエ	ジーオーティー	2022	0/2
T1	drawing	ドローイング	キルタイムコミュニケーション	2022	0/18
T1	dream-hunter-rem-alternative	ドリームハンター麗夢alternative	キルタイムコミュニケーション	2012	0/2
T1	dual-soul-one-body	Dual Soul One Body	キルタイムコミュニケーション	2007	0/2
T1	edenzu-girl	エデンズガール	キルタイムコミュニケーション	2022	0/3
T1	eeaaru-maruchipuru-savaivu	AR/MS(マルチプル・サヴァイヴ)!!	ジーオーティー	2019	0/6
T1	eki-kara-hajimaru-koi-no-monogatari	駅から始まる恋の物語	エンジェル出版	2013	1/1
T1	emirii-to-akuma	エミリーと悪魔	文苑堂	2013	0/1
T1	erenoa-joou-wa-jiyuu-na-seishun-o-okuritai	エレノア王女は自由な青春を送りたい	キルタイムコミュニケーション	2021	0/2
T1	eriito-shain-wa-tanuki-kei-douki-o-kyou-mo-amaku-ijimetai	エリート社員はタヌキ系同期を今日も甘くいじめたい	ジーオーティー	2026	0/1
T1	eromanga-saga	えろまんがさ～が	ジーオーティー	2018	0/2
T1	freezing	フリージング	キルタイムコミュニケーション	2007	0/33
T1	freezing-pair-love-stories	フリージングペアラブストーリーズ	キルタイムコミュニケーション	2013	0/3
T1	freezing-zero	フリージングZERO	キルタイムコミュニケーション	2012	0/9
T1	fukakai-na-boku-no-subete-o	不可解なぼくのすべてを	ジーオーティー	2019	0/5
T1	fuku-yomo	ふくよも	文苑堂	2008	0/8
T1	gaia-ki-tan	鎧亜騎譚	キルタイムコミュニケーション	2010	0/3
T1	gal-ni-natsukareta-hanashi	ギャルになつかれた話	ジーオーティー	2022	1/1
T1	game-over-2003	Game over	三和出版	2003	1/1
T1	gamer-ga-isekai-konten-shite-harem-jinsei-e-konteinyuu-suru-soudesu	ゲーマーが異世界魂転してハーレム人生へコンティニューするそうです	キルタイムコミュニケーション	2023	0/4
T1	ganbare-douki-chan	がんばれ同期ちゃん	ジーオーティー	2022	0/4
T1	garland-hashiba-2002	Garland	ヒット出版社	2002	1/1
T1	girls-at-the-edge	ガールズ・アット・ジ・エッジ	ジーオーティー	2024	0/4
T1	girls-dawn	ガールズドーン!	ジーオーティー	2021	0/3
T1	gokudou-faust	極道ファウスト	ジーオーティー	2022	0/3
T1	gomanetsu	ごまんえつ	文苑堂	2024	1/1
T1	gorgeous-heart	ゴージャス❤ハート	三和出版	2002	1/1
T1	gunner-queen	Gunner queen	キルタイムコミュニケーション	2007	0/3
T1	h-searcher	H-searcher	三和出版	2004	2/2
T1	h1	H1	ジーオーティー	2016	1/1
T1	haikei-tengoku-no-nee-san-yuusha-ni-natta-mei-ga-erosugite-oji-san-hogosha-toka-sorosoro-muri-desu	拝啓、天国の姉さん、勇者になった姪がエロすぎて-叔父さん、保護者とかそろそろ無理です+	ジーオーティー	2025	0/2
T1	hajimari-no-ki	はじまりの樹	ヒット出版社	1998	1/1
T1	hatsukoi-eros-wa-arudente	初恋エロスはアルデンテ	キルタイムコミュニケーション	2020	0/2
T1	hikaeme-reijou-ga-konyaku-hakushi-o-uketa-tsugi-no-hi-ni-arata-na-konyaku-o-musunda-hanashi	控えめ令嬢が婚約白紙を受けた次の日に新たな婚約を結んだ話	キルタイムコミュニケーション	2025	0/2
T1	hikage-no-oni-san-hi-no-aru-hou-e	日陰の鬼さん陽のある方へ	ジーオーティー	2024	0/2
T1	hime-kishi-ga-classmate	姫騎士がクラスメート!	キルタイムコミュニケーション	2016	0/9
T1	himeka-sensei-no-iutoori	ひめか先生の言う通り!	エンジェル出版	2012	2/2
T1	himekishi-san-to-orc	姫騎士さんとオーク	キルタイムコミュニケーション	2016	0/3
T1	himeno-no-jierashii	姫乃のジェラシー	エンジェル出版	2013	1/1
T1	himitsu-na-body-21	秘蜜なbody 21	三和出版	2001	2/2
T1	hirugao	ひるがお	エンジェル出版	2012	1/5
T1	hitodenashi-ni-furimawasareru-doutei-totemo-tsurai	ヒトでなしに振り回される童貞。とてもつらい	キルタイムコミュニケーション	2018	0/2
T1	hitozuma-to-jk	人妻とJK	キルタイムコミュニケーション	2021	0/5
T1	hiyaku-monogatari-bai-yooko	百物語 BY. Y・O・K・O	文苑堂	1986	2/2
T1	honeymoon-in-hellland	ハネムーンインヘルランド	ジーオーティー	2022	0/2
T1	honomi-bureikutsu	ほのみぶれいくっ!	文苑堂	2022	1/1
T1	honoo-no-inferno	炎のインフェルノ	キルタイムコミュニケーション	2008	0/6
T1	horeshou-no-half-elf-san	惚れ症のハーフエルフさん	キルタイムコミュニケーション	2021	0/4
T1	hoshi-no-seijin	星の聖人	ジーオーティー	2025	0/2
T1	ijuudou-ki-tan	異獣堂奇譚	ジーオーティー	2024	0/2
T1	ikizurai-mama-waraeta-nara	生きづらいまま笑えたなら	ジーオーティー	2025	0/1
T1	ikkakujuu-wa-tsuranukanai	一角獣は貫かない!	ジーオーティー	2019	0/2
T1	infinite-blade	インフィニティブレード	キルタイムコミュニケーション	2007	1/3
T1	isekai-eebii-satsueitai	異世界AV撮影隊	キルタイムコミュニケーション	2023	0/3
T1	isekai-kuimetsu-no-same	異世界喰滅のサメ	キルタイムコミュニケーション	2021	0/12
T1	isekai-majutsushi-wa-mahou-o-tonaenai	異世界魔術師は魔法を唱えない	キルタイムコミュニケーション	2021	0/6
T1	isekai-no-meitantei	異世界の名探偵	キルタイムコミュニケーション	2021	0/2
T1	isha-to-hikentai-san	医者と被験体さん。	キルタイムコミュニケーション	2020	0/2
T1	itsuwari-no-ai	いつわりの愛	ジーオーティー	2023	0/4
T1	jikken-chiku-13	実験地区13	ジーオーティー	2021	0/4
T1	jk-kara-yarinaosu-silver-plan	JKからやり直すシルバープラン	キルタイムコミュニケーション	2020	0/13
T1	joshi-ana-demo-iidesuka	女子アナでもいーですか?	エンジェル出版	2012	3/3
T1	josou-pandemic	女装パンデミック	キルタイムコミュニケーション	2020	0/2
T1	kada-giden	華陀偽伝	キルタイムコミュニケーション	2010	0/3
T1	kagaminomachi-no-kaguya-yakusoku-no-matsurihime	鏡野町のカグヤ 約束の祭姫	キルタイムコミュニケーション	2014	0/1
T1	kaiso-ichigenchou-hanafuda	怪鼠一見帳・花札	ジーオーティー	2021	0/4
T1	kamamoto-kenichi-juugosai	鎌本健一、十五歳	ヒット出版社	1998	2/2
T1	kanata-ni-amane	彼方にあまね	エンジェル出版	2013	2/2
T1	kanojo-no-omocha	カノジョのオモチャ	エンジェル出版	2013	1/1
T1	kansaijin-to-fukumen-satsujinki	関西人と覆面殺人鬼	キルタイムコミュニケーション	2019	2/3
T1	karamitsuku-ai-de-tojikomete	絡みつく愛でとじこめて。	ジーオーティー	2026	0/1
T1	kashikoi-kodomo	かしこい子ども	ジーオーティー	2022	0/2
T1	kawaii-hou-de-doudesuka	可愛い方でどうですか?	エンジェル出版	2013	2/2
T1	keeken-takanashi-ruri-no-ero-mangamichi	ケーケン! 小鳥遊ルリのエロまんが道	エンジェル出版	2013	1/1
T1	kikangentei-kazoku	期間限定家族	文苑堂	2026	0/1
T1	kimi-ga-nozomeba	猫(きみ)が望めば	キルタイムコミュニケーション	2021	0/2
T1	kimi-no-risou-no-maid-ni-naru	キミの理想のメイドになる!	キルタイムコミュニケーション	2024	0/3
T1	kin-su-gihotarude-mi-o-kogasu	近すぎほたるで身を焦がす	ジーオーティー	2026	0/1
T1	kinoko-no-akeko	キノコのアケコ	ジーオーティー	2021	0/2
T1	kinto-reijou-kuura-sama	筋ト令嬢クーラ様	ジーオーティー	2023	0/1
T1	kirai-na-douryou-no-dakimakura-ni-narimashite	嫌いな同僚の抱き枕になりまして	ジーオーティー	2025	0/2
T1	koimoku	こいもく	キルタイムコミュニケーション	2011	0/5
T1	kojin-jugyou-rumoijun	個人授業	三和出版	2000	1/1
T1	komi-kobanashi	こみ小話	文苑堂	2008	0/1
T1	konyaku-haki-no-jippunmae-ni-zense-o-omoidashimashita	婚約破棄の十分前に、前世を思い出しました	キルタイムコミュニケーション	2022	0/3
T1	konyaku-haki-shite-sashiagemasu-wa	婚約破棄してさしあげますわ	キルタイムコミュニケーション	2023	0/3
T1	kosumesu	コス娘s	エンジェル出版	2012	1/1
T1	kuchidome-no-gohoubi-wa-dansou-otome-to-icha-ero-desu	口止めのご褒美は男装乙女とイチャエロです!	キルタイムコミュニケーション	2022	0/3
T1	kura-kuri	リラ + クリ	エンジェル出版	2012	1/1
T1	kuroneko-ochibi-no-isshou	黒猫おちびの一生	ジーオーティー	2022	0/3
T1	kuzesanchi-no-oyome-san	久世さんちのお嫁さん.	ジーオーティー	2023	0/3
T1	kuzu-otoko-no-poemu-ue	クズ男のポエム 上	ジーオーティー	2026	0/1
T1	kyuuai-pheromone	嗅愛フェロモン	ジーオーティー	2023	0/2
T1	lady-lynx	Ladyリンクス	ヒット出版社	1996	2/2
T1	lingerie-plump	ランジェリープランプ	キルタイムコミュニケーション	2024	0/2
T1	lost-cats	ロスト・キャッツ	ジーオーティー	2021	0/2
T1	love-cross	ラブクロス	エンジェル出版	2013	1/1
T1	love-sureivu	ラブスレイヴ	ジーオーティー	2021	0/5
T1	lullaby-bye-lily	ララバイバイリリー	ジーオーティー	2025	0/2
T1	mahou-shoujo-haiboku-saiban	魔法少女×敗北裁判	キルタイムコミュニケーション	2025	0/3
T1	mahou-shoujo-wa-koishinai	魔法少女は恋しない!	キルタイムコミュニケーション	2016	2/2
T1	maid-hirotta	メイド拾った	ジーオーティー	2022	0/3
T1	majime-ni-ikitai-onagawa-san	マジめにイキたい小名川さん	ジーオーティー	2025	0/1
T1	maooeru	まおーえる!	キルタイムコミュニケーション	2022	0/4
T1	maou-no-hajimekata	魔王の始め方	キルタイムコミュニケーション	2015	0/11
T1	maoujou-date-daisakusen	魔王城デート大作戦!	キルタイムコミュニケーション	2023	0/2
T1	mashou-no-ahosuta-san	マショウのあほすたさん	三和出版	2018	1/2
T1	miaki-hitamuki	みあき♥ひたむき	エンジェル出版	2013	1/1
T1	mietemasu-yo-aizawa-san	見えてますよ!愛沢さん	キルタイムコミュニケーション	2023	0/5
T1	migawari-nante-okotowari	身代わりなんてお断り!	一水社	2024	1/1
T1	mikotama	みこたま	キルタイムコミュニケーション	2007	0/1
T1	misokagokoro	密心	ジーオーティー	2025	0/2
T1	mitsurugi-haruka-kiki-ippatsu	御剣ハルカ危機一髪!	キルタイムコミュニケーション	2007	0/2
T1	miyori-no-nai-onnanoko	身寄りのない女の子	ジーオーティー	2024	0/2
T1	mm-2-go	MM 2号	エンジェル出版	2014	0/1
T1	mobugao-reijou	モブ顔令嬢	キルタイムコミュニケーション	2021	0/6
T1	momyunikeishon	もみゅにけいしょん♥	エンジェル出版	2013	1/1
T1	moriage-7	もりあげ7	エンジェル出版	2013	2/2
T1	mou-inai-kimi-to-wangan-o-aruite	もういない君と湾岸を歩いて	ジーオーティー	2021	0/2
T1	naburi-zuma	嬲り妻	エンジェル出版	2001	1/1
T1	naishobanashi	ナイショバナシ。	エンジェル出版	2013	1/1
T1	nezu-san-no-ongaeshi	根津さんの恩返し	キルタイムコミュニケーション	2021	0/2
T1	nichijou-bitch-seitai-kansatsu	日常ビッチ性体観察	ジーオーティー	2018	1/1
T1	niito-dakedo-harowa-ni-ittara-isekai-ni-tsuretekareta	ニートだけどハロワにいったら異世界につれてかれた	キルタイムコミュニケーション	2018	0/15
T1	ningyo-o-kurau-shima	人魚を喰らう島	エンジェル出版	2012	1/1
T1	ochikobore-taimashi-wa-isekai-kaeri-de-saikyou-to-naru	落ちこぼれ退魔師は異世界帰りで最強となる	キルタイムコミュニケーション	2023	0/3
T1	oiroke-hitozuma-yariyari-nikki	お色気人妻ヤリヤリ日記	一水社	2015	1/1
T1	okiraku-reijou-wa-konyaku-haki-ni-hokusoemu	お気楽令嬢は、婚約破棄にほくそ笑む	キルタイムコミュニケーション	2024	0/3
T1	one-form	One form	キルタイムコミュニケーション	2008	0/1
T1	onihime-vs	鬼姫vs	キルタイムコミュニケーション	2008	0/4
T1	onmyouji-to-tengugan	陰陽師と天狗眼	キルタイムコミュニケーション	2023	0/2
T1	onzoushi-wakeari-no-shomin-o-oki-ni-mesu	御曹司、ワケありの庶民をお気に召す。	ジーオーティー	2024	0/2
T1	ookii-ganbare-douki-chan	おおきい!がんばれ同期ちゃん	ジーオーティー	2022	0/4
T1	oppai-festival	おっぱい♥フェスティバル	エンジェル出版	2013	1/1
T1	oppai-no-onee-san	おっぱいのお姉さん	エンジェル出版	2012	1/1
T1	oretachi-no-paizuriina	俺たちのパイズリーナ	エンジェル出版	2013	1/1
T1	oshi-ni-ninchi-shite-morau-tame-ni-idol-hajimemashita	推しに認知してもらうためにアイドル始めました。	キルタイムコミュニケーション	2021	0/5
T1	oshigoto-heaven	おしごと天国	エンジェル出版	2013	1/1
T1	otohime-diver	乙姫ダイバー	ジーオーティー	2018	0/2
T1	otome-game-no-akuyaku-reijou-ni-tensei-shitakedo-follower-ga-fukyou-shiteta-chishiki-shika-nai	乙女ゲームの悪役令嬢に転生したけどフォロワーが布教してた知識しかない	キルタイムコミュニケーション	2023	0/2
T1	otsureai	おつれあい	ジーオーティー	2022	0/3
T1	ou-sama-no-kaikata	王様の飼い方	三和出版	2003	1/1
T1	ouji-sama-nante-kocchi-kara-negaisage-desuwa	王子様なんて、こっちから願い下げですわ!	キルタイムコミュニケーション	2021	0/5
T1	outreach	アウトリーチ	キルタイムコミュニケーション	2021	0/3
T1	papakon	ぱぱこん	文苑堂	2009	0/4
T1	pasotora	パソトラ	キルタイムコミュニケーション	2001	0/1
T1	pasotora-sp	パソトラSP	キルタイムコミュニケーション	2003	0/1
T1	pink-adams	ピンクアダムス	三和出版	2000	2/2
T1	pink-depend	ピンク・ディペンド	ジーオーティー	2026	0/2
T1	pink-royal	ピンクロイヤル	ジーオーティー	2019	0/2
T1	pittosporum	ピットスポルム	ジーオーティー	2024	0/2
T1	plus-alpha	ぷらすアルファ	ジーオーティー	2021	0/4
T1	pochamusume-wa-koakuma-muubu-ga-yamerarenai	ぽちゃ娘は小悪魔ムーブがやめられない	キルタイムコミュニケーション	2021	0/3
T1	ponkotsu-akuyaku-reijou-wa-haraguro-doesu-ouji-ni-aisareru	ポンコツ悪役令嬢は腹黒ドS王子に愛される	キルタイムコミュニケーション	2023	0/1
T1	ponkotsu-megami-no-isekai-souseiroku	ポンコツ女神の異世界創世録	キルタイムコミュニケーション	2019	0/6
T1	ponkotsu-reijou-ni-tensei-shitara-mofumofu-kara-ouji-no-meshiuma-yome-ni-ninmei-saremashita	ポンコツ令嬢に転生したら、もふもふから王子のメシウマ嫁に任命されました	キルタイムコミュニケーション	2023	0/3
T1	pure-pure-2006	PURE-PURE!	一水社	2006	1/1
T1	pure-rabu-rabo	純愛ラボ	エンジェル出版	2012	1/1
T1	rabupuni-joshikai	らぶぷに女子会	エンジェル出版	2014	1/1
T1	raki-kuri	ラキ + クリ	エンジェル出版	2013	1/1
T1	red-dragon	Red dragon	ヒット出版社	1997	5/5
T1	reijou-kishi-wa-tenseisha	令嬢騎士は転生者	キルタイムコミュニケーション	2023	0/3
T1	remodeling	りもで・りんぐ	ジーオーティー	2020	0/2
T1	rengokujima	恋獄島	キルタイムコミュニケーション	2021	0/7
T1	ressuru-ji-andaaguraundo	レッする!ジ・アンダーグラウンド	キルタイムコミュニケーション	2010	0/4
T1	road-of-the-wedding	ロード・オブ・ザ・ウェディング	ジーオーティー	2022	0/5
T1	rokujou-hitoma	六畳一魔	キルタイムコミュニケーション	2020	0/3
T1	rose-x-marie	ローズ×マリー	キルタイムコミュニケーション	2008	1/3
T1	saachi-toripuru	さーちとりぷる	エンジェル出版	2012	1/1
T1	saikyou-majutsushi-no-ijou-naru-toubou-seikatsu	最凶魔術師の異常なる逃亡生活	キルタイムコミュニケーション	2022	0/4
T1	saikyou-no-youhei-shoujo-no-gakuen-seikatsu	最強の傭兵少女の学園生活	キルタイムコミュニケーション	2022	0/3
T1	sakura-2020	さくら	ティーアイネット	2004	0/1
T1	sakura-no-hanamichi	さくらのはなみち	ジーオーティー	2018	0/4
T1	seidon-no-ryuu	世呑の竜	キルタイムコミュニケーション	2021	0/3
T1	seiyoku	性欲。	エンジェル出版	2012	1/1
T1	sex-chan	セックスちゃん	ジーオーティー	2023	0/3
T1	shiboridashi	しぼりだし	文苑堂	2022	1/1
T1	shiitagerare-seijo-to-itto-koushaku-kari-hajime-kon-nohazu-ga-dekiai-s	虐げられ聖女と一途公爵 仮初め婚のはずが、溺愛されています	ジーオーティー	2026	0/1
T1	shima-no-oto	しまのおと	ジーオーティー	2021	0/2
T1	shinmai-renkinjutsushi-no-tenpo-keiei	新米錬金術師の店舗経営	キルタイムコミュニケーション	2021	0/9
T1	shishunki-na-adam	思春期なアダム	キルタイムコミュニケーション	2013	0/4
T1	shisubare	しすばれ	キルタイムコミュニケーション	2011	0/3
T1	shokushuhime	触手姫	キルタイムコミュニケーション	2007	0/3
T1	shoujo-gensou-necrophilia	少女幻葬ネクロフィリア	キルタイムコミュニケーション	2011	0/3
T1	shouwa-maboroshi-wasuregataki-yatsutachi	昭和まぼろし忘れがたきヤツたち	ジーオーティー	2020	0/1
T1	shugaapotto-e-youkoso	シュガーポットへようこそ	エンジェル出版	2013	1/1
T1	shugaapotto-no-koibito	シュガーポットの恋人	エンジェル出版	2013	1/1
T1	shuki-shuki-daishuki-san	しゅきしゅき大手記さん	ジーオーティー	2019	0/2
T1	sometimes-blue	サムタイムズ・ブルー	ジーオーティー	2022	0/2
T1	sono-koe-niwa-aragaenai	その声には抗えない	ジーオーティー	2023	0/2
T1	sore-wa-owaranai-koi-ni-naru	それは終わらない恋になる	一水社	2021	1/1
T1	soukan-no-akai-kashi	相姦の赤い河岸	エンジェル出版	2013	1/1
T1	suki-dakara-uso-o-tsukimashita	好きだから嘘をつきました	一水社	2020	0/1
T1	suki-dakedo-suki-dakara	好きだけど好きだから	ティーアイネット	2000	1/1
T1	sukimono-kyonyuu-oku-sama-tengoku	スキモノ!巨乳奥様天国	一水社	2015	1/1
T1	susume-kaijin-club	進め!怪人くらぶ	キルタイムコミュニケーション	2007	0/2
T1	susumu-x-minoru	ススム×ミノル	ジーオーティー	2024	0/2
T1	suteishi-yuusha-maou-no-moto-de-restart	捨て石勇者、魔王の下でリスタート	キルタイムコミュニケーション	2022	0/3
T1	suzume-kun-no-koe	すずめくんの声	ジーオーティー	2023	0/2
T1	tadokoro-san	田所さん	キルタイムコミュニケーション	2020	0/4
T1	tarot-maiden-kisara	タロットメイデンきさら	キルタイムコミュニケーション	2007	0/3
T1	teisou-gyakuten-sekai	貞操逆転世界	キルタイムコミュニケーション	2017	0/5
T1	tenbaiyaa-kaneki-kun	テンバイヤー金木くん	ジーオーティー	2021	0/5
T1	the-drugs-dont-work	ザ・ドラッグス・ドント・ワーク	ジーオーティー	2022	0/1
T1	tokyo-nyuusei-kanrikyoku	東京入星管理局	ジーオーティー	2019	0/5
T1	tokyo-tenshi	東京天使	三和出版	2003	0/1
T1	tonari-no-hitozuma-ooya-san	隣の人妻大家さん	エンジェル出版	2013	2/2
T1	toppatsuteki-kurieito-family	突発的クリエイトファミリー	ジーオーティー	2023	0/2
T1	toutto-de-apero	トゥットでアペロ	キルタイムコミュニケーション	2022	0/2
T1	tsubaki-kun-no-netsu-ni-oboretai	椿くんの熱におぼれたい	ジーオーティー	2023	0/2
T1	tsuki-ni-koishite	月に恋して	エンジェル出版	2013	1/1
T1	tsuki-o-aishite	月を愛して	エンジェル出版	2013	1/1
T1	tsuyameku-yami-to-oboreru-hikari	艶めく闇と溺れる光	キルタイムコミュニケーション	2019	0/2
T1	twins-sing	ツインズシング	ジーオーティー	2020	0/2
T1	umibe-no-byouin-de-kanojo-to-hanashita-ikutsuka-no-koto	海辺の病院で彼女と話した幾つかのこと	キルタイムコミュニケーション	2023	0/4
T1	unbalance-2	アンバランス×2	キルタイムコミュニケーション	2008	0/10
T1	unbalance-kakeru-3	アンバランス×3	キルタイムコミュニケーション	2016	2/3
T1	under-point	UNDER POINT	ヒット出版社	1994	1/1
T1	uranaishi-niwa-hana-kishi-no-koigokoro-ga-miete-imasu	占い師には花騎士の恋心が見えています	キルタイムコミュニケーション	2021	0/6
T1	utopolis	ユトポリス	ジーオーティー	2022	0/2
T1	uwaki-acme	浮気アクメ	ジーオーティー	2018	1/1
T1	valkyrie-romantsue	ワルキューレロマンツェ	キルタイムコミュニケーション	2013	0/2
T1	wanwan-otou-san-kiwami	わんわんお義父さん極	キルタイムコミュニケーション	2023	2/2
T1	watashi-o-sukisugiru-yuusha-sama-o-riyou-shite-konsei-koso-nagaiki-suru-tsumori-datta-noni	私を好きすぎる勇者様を利用して、今世こそ長生きするつもりだったのに〈多分、また失敗した〉	キルタイムコミュニケーション	2022	0/4
T1	watashitachi-wa-moto-joshi-desu	私たちは元女子です	ジーオーティー	2023	0/2
T1	witch-hunter	ウィッチハンター	キルタイムコミュニケーション	2011	4/4
T1	wrestle-idol	レッする!アイドル	キルタイムコミュニケーション	2007	0/4
T1	yakuza-ga-tensei-shitara-mori-ranmaru-datta-ken	ヤクザが転生したら森蘭丸だった件	キルタイムコミュニケーション	2021	0/5
T1	yankee-akuyaku-reijou	ヤンキー悪役令嬢	キルタイムコミュニケーション	2022	0/3
T1	yareru-app	ヤレるアプリ	エンジェル出版	2013	1/1
T1	yokubou-pandora	欲望パンドラ	ジーオーティー	2019	0/5
T1	yomigaeru-konekotachi	よみがえる子猫たち	ジーオーティー	2022	0/5
T1	youka-san-ga-nameru	八日さんが舐める	ジーオーティー	2022	0/2
T1	yumemiru-haken-ichigo-chan	夢見る派遣苺ちゃん	エンジェル出版	2012	1/1
T1	yuri-fetish-life	百合フェチLIFE	ジーオーティー	2025	0/2
T1	yuri-rabu-slave	百合ラブスレイブ	キルタイムコミュニケーション	2021	0/3
T1	yuucha-to-maou	ゆーちゃと魔王	ジーオーティー	2021	0/5
T1	yuureiou	幽霊王	キルタイムコミュニケーション	2010	0/7
T1	yuusha-sama-no-oshishou-sama	勇者様のお師匠様	キルタイムコミュニケーション	2020	0/3
T1	yuusha-sama-wa-houshuu-ni-hitozuma-o-go-kibou-desu	勇者さまは報酬に人妻をご希望です	ジーオーティー	2024	0/9
T1	zero-2009	ZERO-始まりの章ー	キルタイムコミュニケーション	2009	0/7
T1	zettai-fuhatsu-atomikku-girl	絶対不発アトミックガール	キルタイムコミュニケーション	2010	0/1
T1	ziggurat	Ziggurat	キルタイムコミュニケーション	2010	0/10
T2	14sai-ootomateikku	14さいオートマティック	オークラ出版	2002	1/1
T2	adlib-offside	アドリブオフサイド	白夜書房	2002	2/2
T2	afternoon-potaufen	Afternoon potaufen	コアマガジン	2001	1/1
T2	ai-aru-juuyonya	愛ある十四夜	ワニマガジン社	2003	1/1
T2	ai-to-yokubou-no-1-6	愛と欲望の1/6	ワニマガジン社	2002	1/1
T2	aishiteru-tte-iwanakya-korosu	愛してるって言わなきゃ殺す	茜新社	2013	1/1
T2	alice-club-mihappyou-selection	アリスくらぶ未発表セレクション	コアマガジン	2000	2/2
T2	anata-no-to-nari-no-yami-sekai	あなたのとなりの闇世界	コアマガジン	2013	1/1
T2	arijigoku-vs-barabara-shoujo	アリ地獄vsバラバラ少女	久保書店	2009	1/1
T2	asagaya-kusarezu-gakuen	阿佐谷腐れ酢学園	ワニマガジン社	2003	1/1
T2	ayame-to-amane	あやめとあまね	コアマガジン	2018	1/1
T2	bakada-bakasuke-no-chousen	バカ田バカ助の挑戦	白夜書房	2002	1/1
T2	cherry-2004-2	Cherry	ワニマガジン社	2004	2/2
T2	chichi-bakka	乳ばっか!!	ワニマガジン社	2003	1/1
T2	chuuken-didii	忠犬ディディー	コアマガジン	2002	1/1
T2	climber	Climber	フランス書院	2003	1/1
T2	dark-moon	Dark Moon	白夜書房	2000	1/1
T2	doesn-t	Doesn't	ワニマガジン社	2003	1/1
T2	flower-bath-garden	フラワー・バス・ガーデン	久保書店	2004	1/1
T2	good-luck-charm	good luck charm	コアマガジン	2005	1/1
T2	hanafuda	華札	ワニマガジン社	2002	1/1
T2	hanakui-gentouki	花喰幻燈機	ワニマガジン社	2005	1/1
T2	harem-assort	ハーレムアソート	コアマガジン	2019	1/1
T2	harem-heaven	ハーレムヘブン	コアマガジン	2019	1/1
T2	hatsu-echi	はつ☆えち	コアマガジン	2017	1/1
T2	hentai-shounen	変態少年	久保書店	2005	1/1
T2	hitozuma-no-tameshikata	人妻の試し方	コアマガジン	2020	1/1
T2	hitozuma-no-yuuwaku	人妻の誘惑	コアマガジン	2018	1/1
T2	honkon-tokusou-lady	香港特捜Lady	ワニマガジン社	2000	1/1
T2	hotaru-2000	ほたる	ワニマガジン社	2000	1/1
T2	ice-lolly	Ice lolly	茜新社	2003	1/1
T2	ichigo-milk	いちご・みるく	コアマガジン	2002	1/1
T2	ijirarekei-kanojo-no-sugao-o-mitai-to-omoimasenka	いじられ系カノジョの素顔をみたいと思いませんか?	コアマガジン	2017	1/1
T2	incest-heaven	インセストヘブン	フランス書院	2003	1/1
T2	jigoku-niito	地獄ニート	コアマガジン	2012	1/1
T2	jitsuroku-yanagawagumi	実録柳川組	コアマガジン	2006	1/1
T2	jouen-no-tenteki	情炎の点滴	久保書店	2004	1/1
T2	kagami-no-shoujo	鏡の少女	久保書店	2002	1/1
T2	kaijuu-joou-chronicle	怪獣王女chronicle	コアマガジン	2002	1/1
T2	kantorii-diary	カントリー・ダイアリー	茜新社	2018	1/1
T2	kawaii-kemono	かわいいケモノ	フランス書院	2002	1/1
T2	kenshou-ookami	懸賞狼	久保書店	2007	2/2
T2	kikou-jinruiden-body	機甲人類伝BODY	ワニマガジン社	2000	2/2
T2	kimi-mo-jinsei-bou-ni-futte-minai-ka	君も人生棒に振ってみないか?	茜新社	2013	1/1
T2	koi-kara-hajimaru	恋からはじまる	ワニマガジン社	2004	1/1
T2	koi-no-choujikuuhou	恋の超時空砲	久保書店	2015	1/1
T2	kotobuki	寿	茜新社	2021	1/1
T2	magatte-soorou	曲がってそーろう	ワニマガジン社	2000	1/1
T2	manga-abunai-geinoukai-dx	まんが危ない芸能界DX	コアマガジン	2014	1/1
T2	manga-kokuhatsuhidoi-oshigoto	まんが告発!非道いお仕事	コアマガジン	2013	1/1
T2	maria-chan-no-tsubomi	まりあちゃんのつぼみ	コアマガジン	2015	1/1
T2	miseijuku-2024	未成熟	久保書店	2024	1/1
T2	miwaku-no-kanojo-to-xxx	魅惑のカノジョと×××!	コアマガジン	2018	1/1
T2	moon-love	Moon love	コアマガジン	2005	1/1
T2	mukidou-meruhen	無軌道メルヘン	コアマガジン	2001	1/1
T2	mushroom-yamamoto-2003	MUSHROOM	フランス書院	2003	1/1
T2	naikouerosu	内向エロス	ワニマガジン社	2001	1/1
T2	namaiki-kanojo-no-shitsukekata	生意気カノジョのしつけ方	コアマガジン	2017	1/1
T2	nanakosantekina-nichijou	菜々子さん的な日常	コアマガジン	2000	2/2
T2	natural-high	ナチュラル・ハイ	コアマガジン	2004	1/1
T2	neko-banashi	ねこばなし	司書房	2007	1/1
T2	neko-no-yurikago	猫のゆりかご	フランス書院	2003	1/1
T2	nietagiru-mitsu	にえたぎる蜜	久保書店	2004	1/1
T2	ningen-ijou	人間以上	久保書店	2002	1/1
T2	ninpou-midare-karakuri	忍法乱れからくり!	フランス書院	2002	1/1
T2	not-love	Not/love	オークラ出版	2003	1/1
T2	ohirune	おひるね	ワニマガジン社	2002	1/1
T2	ojou-sama-mo-majo	お嬢さまも魔女	ワニマガジン社	2000	1/1
T2	okamax	Okamax	ワニマガジン社	2002	1/1
T2	onna-kyoushi-saiko-2002	女教師綾子2002	フランス書院	2002	1/1
T2	onnanoko-de-etosetora	女の子deエトセトラ	コアマガジン	2000	1/1
T2	onnanoko-wa-tokubetsukyou	女の子は特別教	コアマガジン	2002	1/1
T2	orange-2002	Orange	フランス書院	2002	1/1
T2	otsuki-sama-no-kaerimichi	おつきさまのかえりみち	ワニマガジン社	2002	1/1
T2	pachislo-diohead	パチスロダイオヘッド	白夜書房	2001	2/2
T2	para-izo	ぱら★いぞ	ワニマガジン社	2011	2/2
T2	paradise-in-harem	パラダイスインハーレム	コアマガジン	2018	1/1
T2	pathos	PATHOS	オークラ出版	2004	2/2
T2	pegimin-h	Pegimin H	フランス書院	2003	1/1
T2	raburetaa-from-jigoku	ラブレターフロム地獄	久保書店	2008	1/1
T2	rakuda-ga-warau	ラクダが笑う	ワニマガジン社	2003	1/1
T2	ryouki-deka-marusai	猟奇刑事マルサイ	コアマガジン	2007	1/1
T2	sakura-hanayashiki	桜・ハナヤシキ	ワニマガジン社	2000	1/1
T2	sasotte-hoshiiyon	誘ってほしいよん	ワニマガジン社	2000	1/1
T2	school-girl	スクールガール	コアマガジン	2019	1/1
T2	secret-school	シークレットスクール	コアマガジン	2020	1/1
T2	seinaru-shisou	性なる死想	久保書店	2015	1/1
T2	seiso-na-kanojo-ga-nikushoku-joshi-tte-hontoudesuka	清楚な彼女が肉食女子って本当ですか?	コアマガジン	2017	1/1
T2	seiso-na-kurokami-bishoujo-to-asa-kara-ban-made-etchi-na-date	清楚な黒髪美少女と朝から晩までエッチなデート♥	コアマガジン	2018	1/1
T2	sekuhara-gakuen	セクハラ学園	コアマガジン	2019	1/1
T2	servant	SERVANT	フランス書院	2002	1/1
T2	shisukore	しすこれ	コアマガジン	2002	2/2
T2	shoujo-guitar-o-hiku	少女、ギターを弾く	ワニマガジン社	2002	2/2
T2	shoujo-mandala	少女曼陀羅	久保書店	2015	1/1
T2	shounen-heroine	少年ヒロイン	オークラ出版	2003	1/1
T2	sora-kakeru-junjou	宇宙かける純情	久保書店	2015	1/1
T2	speed-yamamoto	SPEED	ワニマガジン社	2000	1/1
T2	sweetest-tripper	SWEETEST-TRIPPER	オークラ出版	2004	1/1
T2	the-mad-pachi-slot-brother-s	THE MAD PACHI-SLOT BROTHER'S	白夜書房	2001	3/3
T2	tokyo-dungeon-shimai	東京ダンジョン姉妹	ワニマガジン社	2002	1/1
T2	tokyo-kazoku-2019	東京家族	茜新社	2019	1/1
T2	towa-ni-miru-yume	とわにみるゆめ。	ワニマガジン社	2004	1/1
T2	tsugomori-no-toorimichi	つごもりの通り道	茜新社	2018	2/2
T2	tsuzuraori	九十九織	コアマガジン	2003	1/1
T2	uchuu-no-housoku-sekai-no-kihon	宇宙の法則世界の基本	コアマガジン	2001	2/2
T2	ultra-sword	Ultra sword	コアマガジン	2004	1/1
T2	virgin-pachisuro	ゔぁーじんパチスロ	白夜書房	2002	1/1
T2	yaeba-no-maria-chan	八重歯のまりあちゃん	コアマガジン	2016	1/1
T2	yaritaikei-gal-to-tenage-etchi	ヤりたい系ギャルとテンアゲえっち	コアマガジン	2018	1/1
T2	yogore-hime	汚レ姫	久保書店	2003	1/1
T2	yoiko-no-uta	よいこの唄	コアマガジン	2002	1/1
T2	yomoyama-byouin-he-doozo	よもやま病院へどーぞ!	ワニマガジン社	2001	1/1
T2	yoshitsune-kagemaru	義経	ワニマガジン社	2000	1/1
T2	your-eyes-only	Your eyes only	ワニマガジン社	2002	1/1
T2	zodiac-lovers	Zodiac lovers	ワニマガジン社	2004	1/1
T3	0-saiji-start-dash-monogatari	0歳児スタートダッシュ物語	秋水社	2021	0/9
T3	138-e	138°E	ワニマガジン社	2012	0/2
T3	14sai-manual	14さいマニュアル	オークラ出版	1998	1/1
T3	2-dome-no-jinsei-wa-oshi-no-shokuryou-desu	2度目の人生は推しの食糧です!?	秋水社	2024	0/5
T3	3manen-no-kareshi	3万円の彼氏	オークラ出版	2013	0/1
T3	5-byou-de-omae-o-ikasete-yaruyo	5秒でお前をイかせてやるよ	オークラ出版	2022	0/3
T3	abners	アブナーズ	白夜書房	1984	2/2
T3	abnormal-switch	アブノーマル・スイッチ	オークラ出版	2018	0/2
T3	acid-flower	アシッド・フラワー	コアマガジン	2004	2/3
T3	adoribu-ouji	アドリブ王子	白夜書房	2001	2/4
T3	adoribu-tenchou	アドリブ店長	白夜書房	2002	1/5
T3	adventure-kid	アドベンチャーkid	ワニマガジン社	1988	4/4
T3	ai-o-yumemite	愛を夢みて…	久保書店	1985	1/1
T3	ai-to-yokubou-wa-abunoomaru-de	愛と欲望はアブノーマルで	コアマガジン	2015	0/1
T3	ai-to-yokubou-wa-gakuen-de	愛と欲望は学園で	コアマガジン	2005	1/12
T3	aiba-kun-wa-ano-mitsu-ga-sukisugiru	相葉くんは〈あの蜜〉が好きすぎる!	フランス書院	2023	0/2
T3	aishiteru-fujitani-2008	愛してる	コアマガジン	2008	0/1
T3	akari-senpai-to-hyouga-no-taihenna-seikatsu	灯先輩と氷河の大変な生活	オークラ出版	2012	0/2
T3	akazukin-kagekidan	赤ずきん過激団	オークラ出版	1995	1/1
T3	akuyaku-reijou-no-torimaki-ee-desu-outaishi-denka-ni-semararete-imasu	悪役令嬢の取り巻きAですが、王太子殿下に迫られています。	フランス書院	2024	0/3
T3	alicia-y	アリシア・Y	茜新社	1994	0/1
T3	anamorphosis-no-meijuu	アナモルフォシスの冥獣	コアマガジン	2010	0/1
T3	anata-wa-otto-ni-damasareteiru	あなたは夫に騙されている	秋水社	2021	0/2
T3	ane-no-reotaado	姉のレオタード	フランス書院	1987	1/2
T3	anta-no-dorei-no-mama-de-ii	アンタのドレイのママでイイ	茜新社	2014	0/1
T3	arabian-naito	アラビアン・騎士	コアマガジン	2009	0/1
T3	artificial-memory	アータフィシャル・メモリィ	白夜書房	1991	1/1
T3	ashita-tenki-ni-naare-1979	あした天気になァれ	久保書店	1979	1/1
T3	ayakashi-no-yometori	あやかしの嫁取り	コアマガジン	2021	0/1
T3	baka-to-hasami	馬鹿とハサミ	コアマガジン	2020	0/4
T3	bakedanuki-soudou-kidan	化狸騒動奇譚	コアマガジン	1995	2/2
T3	banana-kids	バナナキッズ	白夜書房	1988	5/5
T3	banana-sisters	バナナ❤シスターズ!!	白夜書房	1985	1/1
T3	banchou-kami-eshi-koitsu-desu	番長!神絵師コイツです!	フランス書院	2025	0/1
T3	bara-no-kobeya-ni-yurino-shindai	薔薇の小部屋に百合の寝台	久保書店	1981	1/1
T3	berry-very-sutoroberii	Berry Very すとろべりぃ	コアマガジン	1998	1/1
T3	best-ending	ベストエンディング?	コアマガジン	2011	0/1
T3	bible	BIBLE	白夜書房	1990	0/1
T3	big-game	BIG GAME	茜新社	1995	2/2
T3	bike-land	バイクランド	白夜書房	1991	1/1
T3	binetsu-shoujo-1991	美熱少女	白夜書房	1991	1/1
T3	binwan-joushi-to-oboreru-koi-pafuyuumu	敏腕上司と溺れる恋～Perfume～	フランス書院	2024	0/2
T3	bishoujo-genmukan	美少女幻夢館	久保書店	1982	1/1
T3	black-dog-no-biscuits	ブラックドッグノービスケッツ	茜新社	2017	0/1
T3	black-monta-no-waru-zubatsu	ブラックモンタの悪ズバッ!	コアマガジン	2009	0/1
T3	blanc	blanc	茜新社	2020	1/2
T3	bleu-de-roi	ブルー・ド・ロワ	コアマガジン	2019	0/5
T3	blue-drawing	Blue Drawing	ワニマガジン社	2019	0/1
T3	bokura-wa-setsunaku-koi-o-suru	僕らは切なく恋をする	オークラ出版	2004	0/1
T3	borderline	ボーダーライン	コアマガジン	2009	0/1
T3	boys-of-the-dead	BOYS OF THE DEAD	フランス書院	2021	0/1
T3	buraiden	BURAIDEN	白夜書房	1990	1/1
T3	buyo-buyo	BUYO BUYO	白夜書房	1984	1/1
T3	case-b	Case B	久保書店	1987	1/1
T3	cendrillon	サンドリヨン	オークラ出版	2010	0/1
T3	charm-the-cat	Charm the cat	茜新社	1997	2/2
T3	chi-no-wana	血の罠	白夜書房	1987	6/6
T3	chiisana-koi-no-melody	小さな恋のメロディ	コアマガジン	2011	0/3
T3	chikatetsu-no-inu	地下鉄の犬	コアマガジン	2010	0/1
T3	chotto-umai-hanashi	ちょっとウマい話	ワニマガジン社	1991	1/1
T3	choukyoukei-otoko	調教系男子	フランス書院	2019	0/3
T3	chuniku-chunika	チュニクチュニカ	司書房	2007	0/1
T3	cinderella-credit-service	シンデレラクレジットサービス	オークラ出版	1999	0/1
T3	cinderella-plot	シンデレラプロット	オークラ出版	2015	0/3
T3	circle-game-1998-2	サークルゲーム	オークラ出版	1998	2/2
T3	co-lemon	Co❤LEMON	白夜書房	1986	1/1
T3	come-on-lets-go	カモンレツゴー	白夜書房	1992	0/2
T3	comic-bii-tarou	コミックビー太郎	茜新社	1994	4/4
T3	comic-image-special	コミックイマージュ・スペシャル	白夜書房	1994	2/2
T3	cr	CR	白夜書房	1998	1/1
T3	cristo-magaki-kemono-to-seija-no-kai	Christ禍き獣と聖者の戒	オークラ出版	2014	0/2
T3	critical-lovers	CRITICAL LOVERS	コアマガジン	2008	0/2
T3	croquis	Croquis	ワニマガジン社	1991	2/2
T3	daikirai	大キライ!	オークラ出版	1999	0/1
T3	damasaretemo-sukina-hito	だまされても好きなひと	コアマガジン	2005	0/1
T3	damatte-ore-ni-aisaretokeba	黙って俺に愛されとけば?	オークラ出版	2023	0/2
T3	daniel	ダニエル	白夜書房	1993	2/2
T3	dark-ethos	ダークエートス	茜新社	1998	0/2
T3	datte-maou-sama-wa-kare-ga-kirai	だってまおうさまは彼が嫌い	コアマガジン	2013	0/3
T3	dekapin-de-pon	デカピンでポン!!	白夜書房	1995	1/1
T3	dekiai-shiiku	溺愛飼育	オークラ出版	2004	0/1
T3	desert-moon	デザート・ムーン	コアマガジン	2003	0/2
T3	dobakuchi-saiyuuki	どばくちさいゆうき	白夜書房	1997	1/1
T3	dokidoki-kinoko-party	Doki dokiきのこパーティ	フランス書院	1992	1/1
T3	dokkin-minako-sensei	ドッキン❤美奈子先生!	白夜書房	1987	4/4
T3	doku-ni-kuchizuke	毒にくちづけ	コアマガジン	2025	0/2
T3	dokuzukai-ranko	毒使い蘭子	久保書店	2025	0/2
T3	dos-keiyaku-room-share	ドS契約ルームシェア	オークラ出版	2017	0/1
T3	double-mints	ダブルミンツ	茜新社	2009	0/1
T3	doujinshi-doujin-sofuto-nyuushu-manual	同人誌同人ソフト入手マニュアル	久保書店	1995	4/4
T3	doukyuusei-2008	同級生	茜新社	2008	0/1
T3	doura	童羅	ワニマガジン社	1993	1/1
T3	doushitara-oshi-to-kekkon-dekimasuka	どうしたら推しと結婚できますか!?	フランス書院	2023	0/2
T3	dragon-eraser	DRAGON ERASER	ワニマガジン社	1993	3/3
T3	dragon-fly	DRAGON FLY	ワニマガジン社	2008	0/2
T3	dramatic-ni-rakurai	ドラマチックに落雷	コアマガジン	2017	0/2
T3	drug-store	Drug store	茜新社	1996	1/1
T3	echiechi-gakuensai	えちえち学園祭	久保書店	2022	0/6
T3	eigyou-nikatsu	営業二課っ!	コアマガジン	2015	0/2
T3	eikoku-hakushaku-to-geshukunin-no-mitsugoto	英国伯爵と下宿人の密事	オークラ出版	2023	0/2
T3	empty-hear	empty hear	オークラ出版	2003	0/1
T3	emu-no-rakuen	Mの楽園	茜新社	2024	0/1
T3	engine-room	エンジンルーム	コアマガジン	1996	1/1
T3	etches	えっちーず	ワニマガジン社	1995	4/4
T3	etchina-kanojo-no-okiniiri	エッチな彼女のお気に入り	コアマガジン	2017	0/1
T3	exhiibition	EXHIIBITION	白夜書房	1994	1/1
T3	feroumerou	フェロウメロウ	コアマガジン	2023	0/1
T3	flag-no-joe	フラグのジョー	白夜書房	1999	1/1
T3	flounders	flounders	コアマガジン	2024	0/1
T3	fraction	フラクション	コアマガジン	2009	0/1
T3	furue-tsumore-shiawase-no-hana	ふるえつもれ幸せの花	コアマガジン	2010	0/1
T3	fushou-no-bokura	不肖の僕ら	オークラ出版	2002	0/2
T3	gakkou-e-ikou	学校へ行こう!	白夜書房	1994	2/2
T3	gakuen-shoujo-sao	学園少女/砂緒	白夜書房	1985	1/1
T3	gallop	ギャロップ	司書房	1989	1/1
T3	ganjisugawa-de-hiraoyogi	ガンジス河で平泳ぎ	オークラ出版	2009	0/1
T3	gedou-gakuen	外道学園	司書房	1988	1/1
T3	genocyber	GENOCYBER	白夜書房	1993	1/1
T3	gin-no-jeek	銀のジーク	白夜書房	1993	0/8
T3	gindama-inochi-ginjirou	銀玉命!銀次郎	白夜書房	1992	3/3
T3	going-to-hell	Going to hell	オークラ出版	1995	5/5
T3	gokudou-caf	極道Cafe	オークラ出版	2010	0/3
T3	gokujou-no-koibito	極上の恋人	オークラ出版	2007	0/4
T3	golden-gals	ゴールデン・ギャルズ	白夜書房	1989	1/1
T3	gotoshi-kabushiki-kaisha	ゴト師株式会社	白夜書房	1991	10/10
T3	gurasanshishou-no-hyakumankai-kaiten	グラサン師匠の百万回転日記	白夜書房	2004	1/2
T3	hakkai-no-daibouken	八戒の大冒険	白夜書房	1991	1/1
T3	hanayome-wa-juunanasai	花嫁は十七歳	オークラ出版	2014	0/2
T3	hanayome-wa-namida-ni-nureru	花嫁は涙に濡れる	オークラ出版	2011	0/2
T3	hanazono-no-senya-ichiya	花園の千夜一夜	茜新社	1996	1/1
T3	harem-end	ハーレムエンド	コアマガジン	2012	0/1
T3	harem-resort	ハーレムリゾート?	コアマガジン	2019	0/1
T3	haru-no-shinzou	はるのしんぞう	茜新社	2016	0/1
T3	heartfull-pink	Heartfull pink	コアマガジン	1999	1/1
T3	heika-kokoro-no-koe-ga-urusasugimasu	陛下、心の声がうるさすぎます。	フランス書院	2025	0/3
T3	henkyou-jikeitai	辺境自警隊	フランス書院	1993	1/1
T3	hidamari-ga-kikoeru	ひだまりが聴こえる	フランス書院	2014	0/3
T3	hidamari-ga-kikoeru-koufukuron	ひだまりが聴こえる-幸福論-	フランス書院	2016	0/1
T3	hidamari-ga-kikoeru-limit	ひだまりが聴こえる リミット	フランス書院	2017	0/1
T3	hidamari-ga-kikoeru-shunka-shuutou	ひだまりが聴こえる-春夏秋冬-	フランス書院	2022	0/4
T3	hikoi	秘恋	コアマガジン	2018	0/1
T3	himei-wa-oshizukani	悲鳴はお静かに	ワニマガジン社	1989	1/1
T3	himitsu-no-shanai-love-ga-haran-nandesu-kedo	ヒミツの社内恋愛が波乱なんですけど?	コアマガジン	2024	0/2
T3	hinagiku	ひな菊	オークラ出版	1999	0/1
T3	hitozuma-no-shitsuke-ka-ta	人妻のしつけかた	コアマガジン	2019	0/1
T3	hokenshitsu-no-nemurihime	保健室の眠り姫	フランス書院	2021	0/2
T3	honjitsu-yori-kitsunegami-sama-no-nie-ni-narimashita	本日より狐神様の贄になりました	秋水社	2022	0/1
T3	hooked-on-quasar	フックトオンクエーサー	フランス書院	2025	0/2
T3	houkago-wa-itsumo-futari	放課後はいつもふたり	茜新社	2016	0/1
T3	ichigo-dorobou	いちご泥棒	久保書店	1984	1/1
T3	ichinose-kun-wa-itsumo-iinari	一ノ瀬くんはいつも言いなり。	コアマガジン	2018	0/2
T3	iiko-desune-meirei-shitemo	いい子ですね、命令しても?	コアマガジン	2022	0/1
T3	ikoku-irokoi-roman-tan	異国色恋浪漫譚	コアマガジン	2019	0/1
T3	image	イマージュ	白夜書房	1991	14/14
T3	injuu-ai	淫獣愛	フランス書院	2021	0/2
T3	inma-na-shachou-ni-yabai-cry-shuuchaku-sarete-imasu	淫魔な社長にヤバいくらい執着されています!?	フランス書院	2025	0/2
T3	is-collection	IS collection	白夜書房	1984	1/1
T3	itchomae-angel	いっちょまえangel	ワニマガジン社	1996	2/2
T3	itsu-datte-souda-shouki-de-irarenai	いつだってそうだ正気でいられない	茜新社	2018	0/1
T3	itsumademo-dokomademo	いつまでもどこまでも	久保書店	1983	1/1
T3	jfkennedy	JFKennedy	久保書店	1992	2/2
T3	jiken-bunkasai	事件・文化祭	久保書店	1982	1/1
T3	jitsuroku-warui-hito-dx	実録悪い人DX	コアマガジン	2017	0/1
T3	jounetsu-no-ingurisshu-rose	情熱のイングリッシュローズ	コアマガジン	2011	0/1
T3	joushi-ga-gomu-o-kuwaetara	上司がゴムを咥えたら	オークラ出版	2017	0/3
T3	joushi-ga-mukoiri	上司がムコ入り!?	フランス書院	2020	0/4
T3	junai-damontsu	純愛だもんッ!	ワニマガジン社	1995	1/1
T3	junjou-heart-kaihouku	純情はぁと解放区	コアマガジン	2003	0/2
T3	juu-no-rettou	獣の列島	ワニマガジン社	1991	4/4
T3	kagami-no-kuni-no-bishoujo	鏡の国の美少女	久保書店	1982	1/1
T3	kago-no-tsubomi	籠の莟	オークラ出版	2016	0/2
T3	kago-shintarou-no-sukatorojii-taizen	駕籠真太郎のスカトロジー大全	久保書店	2023	0/1
T3	kaihatsu-no-ojikan-desu	開発のお時間です	コアマガジン	2021	0/1
T3	kaira	回螺	ワニマガジン社	2008	0/1
T3	kairaku-hakurankai	快楽博覧会	オークラ出版	2010	0/1
T3	kairakubyoutou	快楽病棟	久保書店	1988	1/1
T3	kakukaku	赫赫	茜新社	2023	1/2
T3	kamishiro-buchou-wa-ueteiru	神代部長は飢えている。	オークラ出版	2020	0/2
T3	kannosenritsu	姦の旋律	久保書店	1982	1/1
T3	karada-goto-taberarechau	カラダごと食べられちゃう!?	オークラ出版	2018	0/2
T3	karamete-de-kudoite	からめ手で口説いて	コアマガジン	2007	1/6
T3	karasu-wa-hibari-ni-amakute-amai	鴉は雲雀に甘くてあまい	コアマガジン	2024	0/1
T3	kare-no-shousou-to-koi-ni-tsuite	彼の焦燥と恋について	コアマガジン	2014	0/3
T3	karikare	仮カレ!!	コアマガジン	2014	0/2
T3	katekyo	カテキョ!	コアマガジン	2009	0/4
T3	kenban-no-ue-no-caress	鍵盤の上のカレス	コアマガジン	2011	0/3
T3	ki-ni-naru-otonari-san	気になるお隣りさん	ワニマガジン社	1991	1/1
T3	kids-torein	きっず・とれいん	フランス書院	1991	1/1
T3	kiku-no-yume	菊の夢	久保書店	1991	0/1
T3	king-sitter	King sitter	コアマガジン	2016	0/1
T3	kinniku-banchou	筋肉番長	白夜書房	1991	1/1
T3	kinyoubi-no-shinshitsu	金曜日の寝室	フランス書院	1981	10/10
T3	kioku-o-idaite-nemure	記憶を抱いて眠れ	茜新社	1996	0/2
T3	kioku-oobaarappu	記憶オーバーラップ	白夜書房	1991	1/1
T3	kirepapa	キレパパ。	コアマガジン	2003	0/4
T3	kishidou-club	騎士堂倶楽部	コアマガジン	2005	0/2
T3	kiss-of-life	Kiss of life	コアマガジン	1999	1/1
T3	kisu-no-akusento	Kissのアクセント	コアマガジン	2001	0/2
T3	kita-no-kuni-kara-konnichiwa	北の国からこんにちわ	ワニマガジン社	1992	2/2
T3	kodoku-no-gunshuu	孤独の群衆	茜新社	1995	0/2
T3	kodomo-endorooru	こどもエンドロール	コアマガジン	2017	0/1
T3	kodomo-no-mori-kanketsuhen	子供の森	オークラ出版	1998	0/1
T3	kodomo-no-mori-kanketsuhen-1999	子供の森・完結編	オークラ出版	1999	0/1
T3	kohitsuji-project	子羊プロジェクト	オークラ出版	2012	0/2
T3	koi-ga-michitara	恋が満ちたら	コアマガジン	2021	0/2
T3	koibito-keiyaku-wa-beddo-no-naka-de	恋人契約はベッドの中で	オークラ出版	2022	0/2
T3	koijuu	恋獣	コアマガジン	2012	0/1
T3	koisuru-sanobabitchi	恋するサノバビッチ	フランス書院	2018	0/1
T3	kojirabu	こじラブ。	コアマガジン	2017	0/2
T3	koketsu-dining	虎穴ダイニング	フランス書院	2012	0/4
T3	koko-kara-saki-wa-yuuryou-desu-majime-otto-ni-etchi-na-service	※ここから先は有料です!マジメ夫にえっちなサービス!?	フランス書院	2024	0/2
T3	kokoro-mo-karada-mo-torawarete	ココロもカラダも囚われて	オークラ出版	2019	0/2
T3	kokuu-karano-chousen	虚空からの挑戦	白夜書房	1984	1/1
T3	komochi-yakuza-to-doukyo-hajimemashita	子持ちヤクザと同居はじめました。	オークラ出版	2017	0/2
T3	konbini	コンビニ	オークラ出版	2000	0/1
T3	konna-ni-etchi-de-gomennasai	こんなにえっちでごめんなさい。	コアマガジン	2025	0/1
T3	kono-koi-wa-hardboiled	この恋はハードボイルド	茜新社	1997	1/1
T3	konohanasakuya	コノハナサクヤ	コアマガジン	2012	0/1
T3	kore-ijou-wa-ikenaino	これ以上はイケないの!!	オークラ出版	2017	0/2
T3	korogari-teiji	ころがり釘次	コアマガジン	1995	3/3
T3	kotetsu-no-daibouken	小鉄の大冒険	ワニマガジン社	1992	9/9
T3	kotoza-no-regashii	こと座のレガシー	ワニマガジン社	1992	1/1
T3	koushoku-shounen	好色少年	司書房	1995	1/1
T3	kuchibiru-wa-egoisuteikku	唇はエゴイスティック	オークラ出版	2021	0/2
T3	kusarizoroi-no-doukyuusei	腐揃いの同級生	コアマガジン	2025	0/1
T3	kusarizoroi-no-kyoushitsu	腐揃いの教室	コアマガジン	2022	0/1
T3	kuwareru-hodo-ni-abakarete	喰われるほどに暴かれて	コアマガジン	2023	0/1
T3	kyou-de-anata-o-wasuremasu-dakara-douzo-oshiawase-ni	今日で貴方を忘れます。だからどうぞお幸せに。	フランス書院	2025	0/2
T3	kyou-kara-wa-binetsujin	今日からは微熱人	ワニマガジン社	1988	5/5
T3	kyoufu-buta-no-machi-hino-hideshi-animal-works	恐怖!!ブタの町+日野日出志アニマルワークス	久保書店	2025	0/1
T3	kyouju-to-shitsuji-no-shizuka-na-seikatsu	教授と執事の静かな生活	コアマガジン	2013	0/2
T3	kyoumei-glamorous-voice	共鳴-グラマラス・ヴォイス-	オークラ出版	2015	0/2
T3	kyrie-kuraka-2018	Kyrie	茜新社	2018	1/2
T3	kyuugorou-rekkyuuden	球五郎列球伝	白夜書房	1994	1/1
T3	last-resort	Last resort	コアマガジン	2009	0/1
T3	level-1-no-dakarekata	レベル1の抱かれ方	コアマガジン	2024	0/1
T3	lip-suteikku	りっぷすてぃっく	白夜書房	1985	1/1
T3	little-sister	LITTLE SISTER	ワニマガジン社	1996	2/2
T3	long-period	ロングピリオド	フランス書院	2023	0/2
T3	love-blossom	ラブロッサム	オークラ出版	2018	0/2
T3	love-hate-takagi-2020	LOVE & HATE	コアマガジン	2020	0/1
T3	love-miracle	ラヴミラクル	オークラ出版	2000	0/1
T3	love-nenrei	恋愛年齢	コアマガジン	2010	0/2
T3	love-paradox	恋愛Paradox	コアマガジン	2012	0/3
T3	love-plus-alpha	恋愛プラスα	コアマガジン	2000	0/2
T3	love-seeker	LOVE SEEKER	コアマガジン	2004	0/2
T3	lovely-sick-ohmine-2004	ラブリーシック	オークラ出版	2004	0/3
T3	luck-master	ラックマスター	白夜書房	1989	1/1
T3	machine-head	マシンヘッド	白夜書房	1989	7/7
T3	madk	MADK	フランス書院	2018	0/3
T3	maid-angel	メイドエンジェル	オークラ出版	2001	0/1
T3	mainichi	マイニチ	久保書店	1994	1/2
T3	mako-chan-enikki	マコちゃん絵日記	茜新社	2009	0/13
T3	manga-anata-no-shiranai-zetsubou-shakai	まんがあなたの知らない絶望社会	コアマガジン	2019	0/1
T3	manga-ayashii-ura-shigoto	まんが怪しい裏仕事	コアマガジン	2019	0/1
T3	manga-fukouna-hito	まんが不幸な人	コアマガジン	2017	0/1
T3	manga-gokuakunin-ni-tsugu	まんが極悪人に告ぐ!!	コアマガジン	2018	0/1
T3	manga-gouyoku-mamire-no-ningen-file	まんが強欲まみれの人間file	コアマガジン	2019	0/1
T3	manga-jitsuroku-kowai-hito	まんが実録怖い人	コアマガジン	2016	0/1
T3	manga-jitsuwa-maddoakkusu-z	まんが実話マッドアックスZ	コアマガジン	2017	0/1
T3	manga-kowai-nippon	まんが怖い日本	コアマガジン	2018	0/1
T3	manga-ningenbanare-shita-kyoujintachi	まんが人間離れした狂人たち	コアマガジン	2018	0/1
T3	manga-ogurikyappu-monogatari	まんがオグリキャップ物語	ワニマガジン社	1990	1/1
T3	manner-koushi-kurosaki	マナー講師黒咲	コアマガジン	2016	0/1
T3	maou-no-kodomotachi-konpuriito	魔王の子供達コンプリート	白夜書房	1998	1/1
T3	maou-no-kodomotachi-za-next-mireniamu	魔王の子供達the next millennium	コアマガジン	1999	1/1
T3	marriage-game	マリッジ・ゲーム.	茜新社	2023	0/2
T3	masukomi-guerrilla	マスコミゲリラ	白夜書房	1982	2/2
T3	mesu-no-honnou	牝の本能	コアマガジン	2018	0/1
T3	metameta-gakuen-akademinyan	超々学園アカデミニャン	白夜書房	1997	1/1
T3	midareru-megane	乱れるメガネ	オークラ出版	2009	0/1
T3	migawari-honeymoon	身代わりハネムーン	フランス書院	2024	0/2
T3	miku-to-neo	ミクとネオ	茜新社	2013	0/2
T3	milky-box	ミルキィ★ボックス	白夜書房	1984	1/1
T3	milky-way-1983	ミルキー・ウェイ	久保書店	1983	1/1
T3	mitsumeru-manazashi	みつめるまなざし	オークラ出版	2005	0/1
T3	mobu-kara-mita-biieru	モブから見たBL	フランス書院	2025	0/2
T3	moeyo-tetsujin	燃えよ鉄人	ワニマガジン社	1989	4/4
T3	mokkai-honki-de-daite-ii	もっかい本気で抱いていい?	オークラ出版	2023	0/2
T3	momodatchi	ももだっち	司書房	1989	1/2
T3	momoiro-sankaku	桃色三角	白夜書房	1984	1/1
T3	monmon	モンモン	白夜書房	1997	1/1
T3	monohon-honmonology	Monoほんモノロジィ	茜新社	1998	0/3
T3	monster-master	モンスターマスター	コアマガジン	2010	0/1
T3	motherfuckers	マザーファッカーズ	コアマガジン	2007	0/3
T3	motsu-chan	モッちゃん	白夜書房	2005	0/1
T3	mousou-elektel	妄想エレキテル	コアマガジン	2009	0/4
T3	musunda-koi-no-tsutaekata	結んだ恋の伝え方	コアマガジン	2021	0/2
T3	myuutanto-gakuen	みゅうたんと学園	ワニマガジン社	1994	1/1
T3	nakasetakute-doushiyou	泣かせたくてどうしよう	コアマガジン	2023	0/2
T3	name-of-love	ネーム・オブ・ラブ	コアマガジン	2008	0/1
T3	natsuhada-no-taion	夏肌の体温	オークラ出版	2015	0/1
T3	nayameru-giin-no-love-kiyaku	悩める議員の恋愛規約	オークラ出版	2011	0/1
T3	near-death	ニア・デス	白夜書房	1990	1/1
T3	neko-to-spica	猫とスピカ	コアマガジン	2017	0/7
T3	neo-magician-road	ネオ・マジシャンロード	白夜書房	1991	1/1
T3	nichiyoubi-ni-kanojo-wa	日曜日に彼女は	ワニマガジン社	1996	1/1
T3	nikuirozukan	肉色図鑑	久保書店	1989	1/1
T3	nikushokujuu-no-table-manner	肉食獣のテーブルマナー	コアマガジン	2007	0/1
T3	ninja-ga-nanja	忍者がなんじゃ!!	白夜書房	1986	2/2
T3	no-step	NO STEP	久保書店	1989	1/1
T3	nonscale	nonscale	ワニマガジン社	2012	0/1
T3	norowareta-akujo-wa-shishi-no-to-ai-ni-torawareru	呪われた悪女は獣の執愛に囚われる	秋水社	2026	0/3
T3	notice	Notice	久保書店	1988	1/1
T3	nousatsu-daddy	悩殺ダディ	コアマガジン	2014	0/1
T3	o-b	O.B	茜新社	2014	0/2
T3	ochame-danetsu	おちゃめだねっ	司書房	1989	1/1
T3	ochita-taiyou	堕ちた太陽	オークラ出版	2011	0/1
T3	odoru-omaera-to-daimeiwaku	踊るお前らと大迷惑	茜新社	2017	0/1
T3	off-stage-love-side	オフステージラブサイド	コアマガジン	2023	0/2
T3	oh-potato-boy	OH!ポテトBOY	白夜書房	1987	1/1
T3	ohirune-chutsu	おひるねちゅっ!	ワニマガジン社	2005	0/1
T3	ojamashimasu	おじゃまします	ワニマガジン社	1992	1/1
T3	okubyou-hime-to-dekiai-naito	臆病ヒメと溺愛ナイト	フランス書院	2022	0/2
T3	okyan-pin	おきゃん・ピン	白夜書房	1990	0/1
T3	one-night-lesson	One night lesson	コアマガジン	2002	0/1
T3	oneekei-yakuza-ni-maiban-dekiai-dekiaisaretemasu	オネエ系ヤクザに毎晩溺愛されてます	フランス書院	2020	0/8
T3	onnanoko-haru-natsu-aki-fuyu	おんなのこはるなつあきふゆ	オークラ出版	2002	0/1
T3	ore-no-tame-dake-ni-naite	俺のためだけに鳴いて?	フランス書院	2021	0/3
T3	ore-to-atashi-to-shinsekai	オレとあたしと新世界	オークラ出版	2017	0/6
T3	osaka-itemae-surottaa-manmai-kun	大阪いてまえスロッター万枚くん	白夜書房	2003	0/3
T3	osananajimi-no-yabasugiru-aishikata	幼なじみのヤバ過ぎる愛し方	オークラ出版	2017	0/2
T3	osewa-yakimasu	オセワヤキマス	コアマガジン	2005	0/1
T3	otona-keikenchi	オトナ経験値	コアマガジン	2008	0/1
T3	otona-nanka-daikkirai	オトナなんかだいっきらい!!	白夜書房	1983	1/1
T3	otona-ni-nattemo-2008	大人になっても	コアマガジン	2008	0/1
T3	ou-sama-no-koiasobi	王様の恋あそび	コアマガジン	2014	0/2
T3	owaru-sekai-no-sora-no-shita	終わる世界の空の下	オークラ出版	1999	0/1
T3	oyaji-no-wakusei	おやじの惑星	白夜書房	1991	1/1
T3	oyajiman	おやじマン	ワニマガジン社	1996	1/1
T3	oyome-ni-oideyo	お嫁においでよ!	オークラ出版	2002	0/1
T3	pachinko-niwa-chotto-hitokoto-iwasete-moraitai	パチンコにはちょっとひとこといわせてもらいたい	白夜書房	1994	1/2
T3	pachiratchi	パチラッチ	白夜書房	1999	2/2
T3	pachislo-bakappuru	パチスロバカップル	白夜書房	2003	0/4
T3	pachisuro-115-bangai	パチスロ115番街	白夜書房	2001	0/4
T3	pachisuro-de-atta-zenbu-umai-hanashi	パチスロであった全部旨い話	白夜書房	2004	1/10
T3	pachisuro-hitoritabi	パチスロひとり旅	白夜書房	2001	4/15
T3	pachisuro-hitoritabi-gold	パチスロひとり旅GOLD	白夜書房	2003	0/1
T3	page-1	Page 1	白夜書房	1986	9/9
T3	pan-parade	パンパレード	コアマガジン	1999	2/2
T3	pet-boy-s	Pet-boy's	司書房	1997	1/1
T3	pez	PEZ	ワニマガジン社	2014	0/1
T3	phantom-shooter-io	ファントムシューター・イオ	白夜書房	1991	1/1
T3	platonic-animal	プラトニックアニマル	オークラ出版	1998	0/1
T3	powered-miyuchan	POWERED MIYUCHAN	久保書店	1987	2/2
T3	powerful-mazegohan	パワフル☆まぜごはん	白夜書房	1986	2/2
T3	present-1983	プレゼント	久保書店	1983	1/1
T3	pretty-cat-s-show-time	PRETTY CAT'S SHoW TIME	コアマガジン	1999	0/1
T3	pumpkin	パンプキン	白夜書房	1986	21/21
T3	putchin-fruits	ぷっちんフルーツ	オークラ出版	1996	1/1
T3	q-no-majo-den	Qの魔女伝	ワニマガジン社	1992	2/2
T3	ranpo-amuneshia-nijuuichi-banme-no-jinkaku	乱歩アムネシア二十一番目の人格	コアマガジン	2023	0/3
T3	reflex-1987	Reflex	白夜書房	1986	6/6
T3	refrain-1992	リフレイン	白夜書房	1992	0/1
T3	rein	Rein	コアマガジン	1998	1/1
T3	reinou-tantei-miko	霊能探偵ミコ	ワニマガジン社	1994	7/7
T3	renkashou	恋華抄	コアマガジン	2023	1/3
T3	reppuutai-soudouki	烈風隊騒動記	白夜書房	1991	1/1
T3	ritou-no-umi	りとうのうみ	ワニマガジン社	2011	0/1
T3	rokugatsu-no-oka-no-hinageshi	六月の丘のひなげし	コアマガジン	2013	0/1
T3	romantic-nishida-2020	ロマンティック	茜新社	2020	0/1
T3	romantic-porno	ロマンチックポルノ	コアマガジン	2018	0/1
T3	sabi-no-yume	錆のゆめ	フランス書院	2016	0/2
T3	sajou-rihito-no-chichi-to-sono-buka	佐条利人の父とその部下	茜新社	2025	0/2
T3	sakura-no-kuchibiru	さくらのくちびる	オークラ出版	1997	0/1
T3	sangokushi-f	三国志F	コアマガジン	2009	0/2
T3	sarasouju	沙羅双樹	白夜書房	1993	0/1
T3	secret-lady	シークレットレディ	久保書店	1990	1/1
T3	sedouka	SEDOUKA	ワニマガジン社	2008	0/1
T3	seifuku-otoko	征服男子。	オークラ出版	2021	0/2
T3	seikatsu-shidou-ai-no-namaiki-lesson	性活指導・愛の生イキレッスン	コアマガジン	2016	0/1
T3	seishoujo	聖少女	久保書店	1983	3/3
T3	seitansai	聖誕祭	茜新社	2015	0/1
T3	seitarounokoi	青太郎の恋	司書房	1989	1/1
T3	sekai-no-hate-no-juunanasai	世界の果ての十七歳	コアマガジン	2008	0/1
T3	sekkachi-pin-chan	せっかちピンちゃん	白夜書房	1997	0/1
T3	senpuu-no-iriya	旋風のイリヤ	フランス書院	1993	2/2
T3	sexy-danyuu-no-tachibana-san-ni-aisaresugite-komattemasu	セクシー男優の橘さんに、愛されすぎて困ってます!	オークラ出版	2019	0/5
T3	shangurira-no-tori	シャングリラの鳥	フランス書院	2019	0/3
T3	shin-hanayome-wa-juunanasai	新・花嫁は十七歳	オークラ出版	2019	0/2
T3	shinde-mo-omae-o-hanasanai	死んでもお前を離さない	オークラ出版	2014	0/2
T3	shinogi	シノギ	白夜書房	2002	1/2
T3	shinonome-tantei-ibunroku	東雲探偵異聞録	茜新社	2019	0/1
T3	shinpen-o-kiyometekara-denaoshitekudasaimase	身辺を清めてから出直してくださいませ	秋水社	2026	0/1
T3	shinsekai-blood-street	新世界ブラッドストリート	白夜書房	1996	1/1
T3	shippo-no-ki-mochi	しっぽのきもち	オークラ出版	2010	0/1
T3	shizuku-no-en	雫の艶	オークラ出版	2004	0/1
T3	shojohime	処女姫	コアマガジン	2023	0/1
T3	shoujo-no-enikki	少女の絵日記	久保書店	1983	1/1
T3	shoujonoshinwa	少女の神話	久保書店	1978	1/1
T3	skip-a-sweet-baby	Skip,a sweet baby	コアマガジン	2001	0/1
T3	sleeping-beauty-clinic	Sleeping beauty clinic	白夜書房	1993	2/2
T3	sleeping-dead	スリーピングデッド	フランス書院	2021	0/2
T3	sono-egao-ni-boku-no-yokkyuu-ha-genkai-toppa-shisou-desu	その笑顔に僕の欲求は限界突破しそうです?	コアマガジン	2018	0/1
T3	sora-to-hara	空と原	茜新社	2012	0/1
T3	sore-o-ai-dato-omounayo	それを愛だと思うなよ	オークラ出版	2009	0/1
T3	soreike-chanpon	それいけ!!ちゃんぽん	ワニマガジン社	1993	2/2
T3	sotsugyousei	卒業生	茜新社	2010	0/2
T3	spiral-over	スパイラル・オーヴァ	コアマガジン	1999	2/2
T3	stag-party	スタッグ・パーティー	白夜書房	1990	1/1
T3	study-after-school	STUDY AFTER SCHOOL	コアマガジン	1997	1/1
T3	suchuwaadesu-kanako-no-himitsu	スチュワーデス・加奈子のひみつ	フランス書院	1990	1/2
T3	suede-kirsch	スゥエード・キルシュ	白夜書房	1984	1/1
T3	suguru-kun-fight	スグルくんファイト!	コアマガジン	2021	0/2
T3	suiheisen-wa-yagate-matataku	水平線はやがて瞬く	フランス書院	2025	0/1
T3	sukidesu-to-surechigai	すきですとすれちがい	久保書店	1980	1/1
T3	surf-trip-boys	Surf trip boys?	オークラ出版	2009	0/1
T3	sweet-body-o-meshiagare	スイートボディを召しあがれ	オークラ出版	2012	0/1
T3	sweet-darling	すうぃーとダーリン	オークラ出版	2019	0/2
T3	sweet-sailor	Sweet・sailor	コアマガジン	2002	0/1
T3	tadaima-heart-konsen-chuu	ただいまハート❤混線中	白夜書房	1988	1/1
T3	taekwondoer-park	テコンダー朴	コアマガジン	2021	0/9
T3	taishou-karisomekon	大正仮初婚	秋水社	2022	0/2
T3	takanashi-kun-no-hanbun-wa-sado-de-dekiteimasu	高梨くんの半分はサドでできています	オークラ出版	2019	0/2
T3	takatora-kun-to-omegatachi	鷹虎くんとオメガたち	フランス書院	2024	0/2
T3	take-the-a-train	TAKE THE “A”TRAIN	ワニマガジン社	1997	1/1
T3	teens-paradise	ていーんず・パラダイス	司書房	1989	2/2
T3	teiitaimu	ティータイム	白夜書房	1986	7/7
T3	tennen-na-koroshiya-san-to-fuun-na-oyome-san	天然な殺し屋さんと不運なお嫁さん〈仮〉	フランス書院	2023	0/2
T3	tenzen-momoko-sakuhinshuu	天禅桃子作品集	コアマガジン	2017	0/4
T3	tobidasu-mousou	飛び出す妄想	久保書店	2005	0/1
T3	tokyo-shinjuu-2013	東京心中	茜新社	2013	0/2
T3	toriotoko-vs-sukuuruzamurai	鳥男vsスクール侍	コアマガジン	2007	0/1
T3	toshishita-joushi-to-torotoro-onsen	年下上司とトロトロ温泉	フランス書院	2019	0/2
T3	toshishita-kun-ga-asa-made-hanashite-kuremasentsu	年下くんが朝まで離してくれませんっ!	フランス書院	2020	0/3
T3	toshokan-no-yousei	図書館の妖精	司書房	1995	1/1
T3	totsugeki-kuratama-24-ji	突撃くらたま24時	白夜書房	2001	0/2
T3	trance	Trance	ワニマガジン社	1995	0/1
T3	triangle-mysterian	トライアングルミステリアン	白夜書房	1984	1/1
T3	trouble-evocation	Trouble evocation	茜新社	1999	3/3
T3	trouble-maker-2002	トラブルメイカー	コアマガジン	2002	1/3
T3	tsukikoi	月恋	コアマガジン	2013	0/1
T3	tsumugi-to-himitsu-no-amai-mission	つむぎと秘蜜の甘いミッション	フランス書院	2019	0/2
T3	turbo-lover	TURBO LOVER	ワニマガジン社	1993	2/2
T3	twins	TWINS	茜新社	1999	0/1
T3	two-sides-of-the-same-coin	Two sides of the same coin	フランス書院	2020	0/2
T3	ultra-m	ウルトラ-M	白夜書房	1990	1/1
T3	uma-uma	UMA・UMA	白夜書房	1990	1/1
T3	unmei-wa-boku-no-tonari	運命は僕の隣	コアマガジン	2009	0/1
T3	unmei-wa-maigo	運命は迷子	コアマガジン	2019	0/1
T3	unperfect-teacher	アンパーフェクト・ティーチャー	コアマガジン	2019	0/2
T3	ushinawareta-toki-o-motomete	失われた時を求めて	白夜書房	2007	0/2
T3	usotsukina-kimi-no-toriko	嘘つきなキミの虜	オークラ出版	2012	0/2
T3	utsunara-kataneba	打つなら勝たねば	白夜書房	2005	0/1
T3	uwasa-no-ouji-sama	うわさの王子様	オークラ出版	2009	0/1
T3	valkyrie	ワルキューレ	久保書店	1989	1/1
T3	vanilla-resort	バニラリゾート	コアマガジン	2012	0/2
T3	versus-earth-alternative	バーサスアース・オルタナティブ	久保書店	2023	0/5
T3	wagamamana-otoko	わがままな男	オークラ出版	2012	0/1
T3	waka	若!!	コアマガジン	2002	3/5
T3	wanko-to-nyanko	わんことにゃんこ	コアマガジン	2007	0/7
T3	warukute-hna-oji-sama-wa-are-mo-yappari-sugoindesu	ワルくてHなオジサマは、アレもやっぱり凄いんです!	オークラ出版	2019	0/4
T3	wasureru-otoko	忘れる男	フランス書院	2017	0/1
T3	watashi-o-kanrishitanowa-dosna-aitsu	私を管理したのは…ドSなアイツ	オークラ出版	2018	0/2
T3	watashi-to-neta-hito-dare-desu-ka	私と寝た人、誰ですか!?	フランス書院	2025	0/2
T3	wine-color-monogatari	ワインカラー物語	白夜書房	1984	1/1
T3	yajuu-shitsuji-no-ikenai-shitsuke	野獣執事のイケナイ躾け	オークラ出版	2017	0/1
T3	yakara-to-donkan	輩と鈍感	フランス書院	2020	0/2
T3	yami-ni-naku-hikari	闇に哭く光	オークラ出版	2019	0/2
T3	yannoka-koratsu	やんのかコラッ	白夜書房	1983	1/1
T3	yatouki	夜盗姫	司書房	2006	0/1
T3	yoi-nori	ヨイ×ノリ	コアマガジン	2021	0/2
T3	yoichi-to-tsugumo	与一とツグモ	フランス書院	2018	0/2
T3	yokan	予感	オークラ出版	2003	0/1
T3	yome-nusubito	ヨメヌスビト	オークラ出版	2018	0/1
T3	yoru-no-kyoushitsu	よるの教室	コアマガジン	2015	0/1
T3	yoru-o-hashirinukeru	夜を走り抜ける	オークラ出版	2018	0/2
T3	yotsumoji	よつもじ。	コアマガジン	2020	0/3
T3	yotsuya-koidan	四ツ谷恋談。	コアマガジン	2019	0/2
T3	you-are-my-religion	You are my religion	オークラ出版	2019	0/1
T3	yukemuri-journey	湯けむりジャーニー	オークラ出版	2012	0/2
T3	yuuwaku-recipe	誘惑レシピ	コアマガジン	2007	0/5
