slug	title	vol	isbn	other_cluster
kariage-kun	かりあげクン	51	9784575943429	ほんにゃらごっこ かりあげクン
kariage-kun	かりあげクン	52	9784575943696	ほんにゃらごっこ かりあげクン
kariage-kun	かりあげクン	53	9784575943887	ほんにゃらごっこ かりあげクン
kariage-kun	かりあげクン	54	9784575944013	ほんにゃらごっこ かりあげクン
kariage-kun	かりあげクン	55	9784575944259	ほんにゃらごっこ かりあげクン
kariage-kun	かりあげクン	56	9784575944525	ほんにゃらごっこ かりあげクン
kariage-kun	かりあげクン	57	9784575944648	ほんにゃらごっこ かりあげクン
kariage-kun	かりあげクン	58	9784575944747	ほんにゃらごっこ かりあげクン
kariage-kun	かりあげクン	59	9784575944907	ほんにゃらごっこ かりあげクン
kariage-kun	かりあげクン	60	9784575945027	ほんにゃらごっこ かりあげクン
honnyaragokko-kariage-kun	ほんにゃらゴッコ かりあげクン	29	9784575935714	かりあげクン
honnyaragokko-kariage-kun	ほんにゃらゴッコ かりあげクン	31	9784575936209	かりあげクン
bar-lemon-heart-2014	BARレモン・ハート	2	9784575812541	BARレモン・ハート
bar-lemon-heart-2014	BARレモン・ハート	3	9784575813906	BARレモン・ハート
bar-lemon-heart-2014	BARレモン・ハート	4	9784575814347	BARレモン・ハート
bar-lemon-heart-2014	BARレモン・ハート	6	9784575815153	BARレモン・ハート
bar-lemon-heart-2014	BARレモン・ハート	7	9784575815597	BARレモン・ハート
bar-lemon-heart-2014	BARレモン・ハート	8	9784575816419	BARレモン・ハート
bar-lemon-heart-2014	BARレモン・ハート	17	9784575825848	BARレモン・ハート
bar-lemon-heart-2014	BARレモン・ハート	19	9784575828948	BARレモン・ハート
bar-lemon-heart-2014	BARレモン・ハート	20	9784575829709	BARレモン・ハート
bar-lemon-heart-2014	BARレモン・ハート	21	9784575831030	BARレモン・ハート
bar-lemon-heart-2014	BARレモン・ハート	22	9784575832365	BARレモン・ハート
bar-lemon-heart-2014	BARレモン・ハート	26	9784575838275	BARレモン・ハート
bikkuriman-omoshirorando	ビックリマン おもしろランド	4	9784253099325	ビックリマンおもしろランド
basutaado	バスタード	14	9784088718361	BASTARD!!
1-yamamoto-1993	1	2	9784091937322	殺し屋1
1-yamamoto-1993	1	3	9784091937339	殺し屋1
joker	JOKER	2	9784403622427	JOKER REBOOT
x-men-1994-4	エックスメン	3	9784884757304	X-MEN
x-men-1994-4	エックスメン	4	9784884757311	X-MEN
x-men-1994-4	エックスメン	5	9784884757328	X-MEN
x-men-1994-4	エックスメン	6	9784884757380	X-MEN
x-men-1994-4	エックスメン	7	9784884757397	X-MEN
x-men-1994-4	エックスメン	8	9784884757403	X-MEN
x-men-1994-4	エックスメン	9	9784884757410	X-MEN
x-men-1994-4	エックスメン	10	9784884757427	X-MEN
x-men-1994-4	エックスメン	11	9784884757434	X-MEN
b-t-x	ビート・エックス	13	9784047132696	B'T X-ビート・エックス-
b-t-x	ビート・エックス	14	9784047132849	B'T X-ビート・エックス-
b-t-x	ビート・エックス	15	9784047133020	B'T X-ビート・エックス-
meitantei-conan-tokubetsuhen-2016	名探偵コナン 特別編	5	9784091425355	名探偵コナン特別編
meitantei-conan-tokubetsuhen-2016	名探偵コナン 特別編	7	9784091425379	名探偵コナン特別編
meitantei-conan-tokubetsuhen-2016	名探偵コナン 特別編	10	9784091425409	名探偵コナン特別編
meitantei-conan-tokubetsuhen-2016	名探偵コナン 特別編	11	9784091427816	名探偵コナン特別編
meitantei-conan-tokubetsuhen-2016	名探偵コナン 特別編	13	9784091427830	名探偵コナン特別編
meitantei-conan-tokubetsuhen-2016	名探偵コナン 特別編	14	9784091427847	名探偵コナン特別編
rave	Rave	9	9784063129502	超感電少女モナ
star-ocean-second-story	スターオーシャン セカンドストーリー	5	9784757500556	スターオーシャン セカンドストーリー 4コママンガ劇場
harukanaru-toki-no-naka-de	遙かなる時空の中で	9	9784592174622	遥かなる時空の中で
sky-high	スカイハイ	3	9784088766591	スカイハイ・新章
nhk-sono-toki-rekishi-ga-ugoita	NHKその時歴史が動いた	2	9784834250633	NHKその時歴史が動いた
manga-grimm-douwa	まんがグリム童話	6	9784821184514	金瓶梅
manga-grimm-douwa	まんがグリム童話	7	9784821185504	金瓶梅
manga-grimm-douwa	まんがグリム童話	8	9784821185948	金瓶梅
manga-grimm-douwa	まんがグリム童話	9	9784821186341	金瓶梅
manga-grimm-douwa	まんがグリム童話	19	9784821173013	金瓶梅
manga-grimm-douwa	まんがグリム童話	20	9784821173549	金瓶梅
manga-grimm-douwa	まんがグリム童話	21	9784821174058	金瓶梅
manga-grimm-douwa	まんがグリム童話	22	9784821174522	金瓶梅
manga-grimm-douwa	まんがグリム童話	23	9784821174836	金瓶梅
manga-grimm-douwa	まんがグリム童話	24	9784821175246	金瓶梅
manga-grimm-douwa	まんがグリム童話	25	9784821175659	金瓶梅
manga-grimm-douwa	まんがグリム童話	26	9784821176052	金瓶梅
manga-grimm-douwa	まんがグリム童話	27	9784821176557	金瓶梅
manga-grimm-douwa	まんがグリム童話	28	9784821177004	金瓶梅
manga-grimm-douwa	まんがグリム童話	29	9784821177455	金瓶梅
manga-grimm-douwa	まんがグリム童話	30	9784821177462	金瓶梅
manga-grimm-douwa	まんがグリム童話	31	9784821178223	金瓶梅
manga-grimm-douwa	まんがグリム童話	32	9784821178582	金瓶梅
manga-grimm-douwa	まんがグリム童話	33	9784821178995	金瓶梅
manga-grimm-douwa	まんがグリム童話	34	9784821179442	金瓶梅
manga-grimm-douwa	まんがグリム童話	35	9784821179893	金瓶梅
manga-grimm-douwa	まんがグリム童話	36	9784821134373	金瓶梅
manga-grimm-douwa	まんがグリム童話	37	9784821135479	金瓶梅
manga-grimm-douwa	まんがグリム童話	38	9784821136063	金瓶梅
toaru-kagaku-no-railgun	とある科学の超電磁砲	13	9784048934251	とある科学の超電磁
toaru-kagaku-no-railgun	とある科学の超電磁砲	14	9784049121469	とある科学の超電磁砲(レールガン)
toaru-kagaku-no-railgun	とある科学の超電磁砲	15	9784049128383	とある科学の超電磁砲(レールガン)
toaru-kagaku-no-railgun	とある科学の超電磁砲	16	9784049134810	とある科学の超電磁砲(レールガン)
toaru-kagaku-no-railgun	とある科学の超電磁砲	17	9784049142556	とある科学の超電磁砲(レールガン)
toaru-kagaku-no-railgun	とある科学の超電磁砲	18	9784049149593	とある科学の超電磁砲(レールガン)
uta-no-purinsusamatsu	うたの☆プリンスさまっ♪	2	9784048665858	うたの☆プリンスさまっ♪ マジLOVE2000％
yuu-gi-ou-5ds	遊・戯・王5D's	3	9784088703237	遊・戯・王ファイブディーズ
yuu-gi-ou-5ds	遊・戯・王5D's	5	9784088705644	遊☆戯☆王ファイブディーズ
yuu-gi-ou-5ds	遊・戯・王5D's	6	9784088707938	遊☆戯☆王ファイブディーズ
yuu-gi-ou-5ds	遊・戯・王5D's	7	9784088800394	遊☆戯☆王ファイブディーズ
yuu-gi-ou-5ds	遊・戯・王5D's	8	9784088802053	遊☆戯☆王ファイブディーズ
robotics-notes-2012	Robotics;Notes	4	9784800002051	Robotics ; notes
robotics-notes-2012	Robotics;Notes	5	9784800002976	Robotics ; Notes
bou-kun-vaaderu-no-hanayome	暴君ヴァーデルの花嫁	4	9784776740407	暴君ヴァーデルの花嫁 初夜編
bou-kun-vaaderu-no-hanayome	暴君ヴァーデルの花嫁	5	9784776741473	暴君ヴァーデルの花嫁 初夜編
bou-kun-vaaderu-no-hanayome	暴君ヴァーデルの花嫁	6	9784776742234	暴君ヴァーデルの花嫁 初夜編
bou-kun-vaaderu-no-hanayome	暴君ヴァーデルの花嫁	7	9784776742739	暴君ヴァーデルの花嫁 初夜編
bou-kun-vaaderu-no-hanayome	暴君ヴァーデルの花嫁	8	9784776743590	暴君ヴァーデルの花嫁 初夜編
bou-kun-vaaderu-no-hanayome	暴君ヴァーデルの花嫁	9	9784776744276	暴君ヴァーデルの花嫁 初夜編
bou-kun-vaaderu-no-hanayome	暴君ヴァーデルの花嫁	10	9784776745037	暴君ヴァーデルの花嫁 初夜編
bou-kun-vaaderu-no-hanayome	暴君ヴァーデルの花嫁	11	9784776745952	暴君ヴァーデルの花嫁 初夜編
bou-kun-vaaderu-no-hanayome	暴君ヴァーデルの花嫁	12	9784776746539	暴君ヴァーデルの花嫁 初夜編
shin-mimibukuro	新耳袋	2	9784834231960	新耳袋 怪談百物語
shin-mimibukuro	新耳袋	3	9784834232110	新耳袋 怪談百物語
shin-mimibukuro	新耳袋	4	9784834232158	新耳袋 怪談百物語
gurazeni-2014	Gurazeni	5	9784063885491	グラゼニ～東京ドーム編～
gurazeni-2014	Gurazeni	6	9784063885842	グラゼニ～東京ドーム編～
gurazeni-2014	Gurazeni	14	9784063883275	グラゼニ
gurazeni-2014	Gurazeni	15	9784063883527	グラゼニ
chibi-hontou-ni-atta-waraeru-hanashi	ちび本当にあった笑える話	204	9784821129782	本当にあったちび笑える話
chibi-hontou-ni-atta-waraeru-hanashi	ちび本当にあった笑える話	207	9784821154562	本当にあったちび笑える話
chibi-hontou-ni-atta-waraeru-hanashi	ちび本当にあった笑える話	208	9784821154890	本当にあったちび笑える話
fate-strange-fake-2019	フェイト/ストレンジフェイク	2	9784047309890	Fate strange Fake
mobile-suit-gundam-emuesuvui-aaru	機動戦士ガンダムMSV-R	8	9784041051115	機動戦士ガンダムMSV-R 宇宙世紀英雄伝説
mobile-suit-gundam-emuesuvui-aaru	機動戦士ガンダムMSV-R	9	9784041054659	機動戦士ガンダムMSV-R 宇宙世紀英雄伝説
douyara-watashi-no-karada-wa-kanzen-muteki-no-youdesune	どうやら私の身体は完全無敵のようですね	2	9784040730387	どうやら私の身体(からだ)は完全無敵のようですね
douyara-watashi-no-karada-wa-kanzen-muteki-no-youdesune	どうやら私の身体は完全無敵のようですね	3	9784040733579	どうやら私の身体(からだ)は完全無敵のようですね
isekai-ni-kita-mitai-dakedo-dousureba-yoinodarou	異世界に来たみたいだけど如何すれば良いのだろう	2	9784344852723	異世界に来たみたいだけど如何すれば良いのだろう
isekai-ni-kita-mitai-dakedo-dousureba-yoinodarou	異世界に来たみたいだけど如何すれば良いのだろう	3	9784344854154	異世界に来たみたいだけど如何すれば良いのだろう
