slug	title	authors	year	publisher	total_volumes
1000nichi-no-diana	1000日のディアナ	島津郷子	2000	shueisha	1
13-gatsu-no-hanataba	13月の花束	本田恵子	2000	futabasha	1
5-nenme-no-u-turn	5年めのUターン	のがみけい	2000	shueisha	1
80-bunch-no-inu	80番地の犬	西田陽子	2000	scola	6
81-bunch-no-inu	81番地の犬	西田陽子	2000	scola	6
82-bunch-no-inu	82番地の犬	西田陽子	2000	aoba-shuppan	5
asumi-miura	ASUMI	三浦みつる	2000	kodansha	1
aitsu-2	A・I・TSU	沖野ヨーコ	2000	kodansha	1
bc-adam	B.C.アダム	赤塚不二夫	2000	shogakukan	1
big	BIG	むつ利之	2000	kodansha	1
body-shooting	BODY Shooting	森園みるく	2000	scola	2
body-talk	BODY TALK	原のり子	2000	futabasha	1
city-masquerade	CITYマスカレード	深見じゅん	2000	kodansha	1
dc-chinpira	DCちんぴら	長浜幸子	2000	shueisha	1
doraemon-2009	DORAEMON	海野一雄	2000	(unknown)	1
dark-moon	Dark Moon	矢萩貴子	2000	byakuya-shobo	1
dokutaa-aiko-no-shinsatsushitsu	Dr.亜衣子の診察室	大島岳詩	2000	mediax	1
fate-stay-night-2	Fate/stay night	カタセミナミ・しゃあ・むねきち・桐原小鳥・胡原おみ・城爪草・田中松太郎・Profおおつき@酔月・さかつき@めにまね・高井夜音・杉沢沙祟・たぽ・凪妖女・GUNP・しなのゆら	2000	ozora-shuppan	1
game-over-inoe	Game Over	尾崎未来	2000	shueisha	1
gen-si-kaki-ayam-hadashi-no-gen	Gen si kaki ayam （Hadashi no Gen）	中沢啓治・K	2000	(unknown)	1
eichiesupii-no-arukikata	HSPの歩き方	おがたちえ	2000	akita	1
japan-moto	JAPAN	須本壮一	2000	futabasha	1
jour-de-neige	JOUR DE NEIGE	竹坂かほり	2000	kodansha	1
kee-shi-no-yuigon	K氏の遺言	三山節子	2000	futabasha	1
maico-2010	MAICO 2010	清水としみつ	2000	shonen-gahosha	2
mr-dozaemon	MR.DOZAEMON	三浦みつる	2000	kodansha	1
my-little-lover	MY LITTLE LOVER	氷栗優	2000	aoba-shuppan	1
madammei	Madamメイ	武田京子	2000	kodansha	2
mai-mai-darling	My舞ダーリン	星野めみ	2000	scola	1
noah-s-ark	NOAH'S ARK	本庄敬	2000	ozora-shuppan	3
power-fool	POWER FOOL	守村大・狩撫麻礼	2000	kodansha	1
q-hayase	Q	はやせ淳	2000	futabasha	1
rude39	RUDE39	福本伸行	2000	takeshobo	1
shop-riido-koutarou	SHOPLEAD航太郎	人見惠史	2000	futabasha	8
soap	SOAP	飛龍乱	2000	(unknown)	1
speed-yamamoto	SPEED	山本賢治	2000	wani-magazine	1
super-baseball-club	SUPER BASEBALL CLUB	野中英次	2000	kodansha	1
tamiko-san-no-koibito	TAMIKOさんの恋人	もんでんあきこ	2000	futabasha	1
taxi-driver	TAXIドライバー	遊人	2000	kodansha	1
tokio-to-kakeru	TOKIOとカケル	赤塚不二夫	2000	shogakukan	1
tom	TOM	長浜幸子	2000	futabasha	1
turugi-hirano	TURUGI	平野仁	2000	leed	1
za-bakumatsu-kessaku	The 幕末	かわぐちかいじ	2000	gakken	1
za-ninja	The忍者	さいとう・たかを	2000	gakken-2	1
xy	XY	東城麻美	2000	takeshobo	1
zero-hour	ZERO HOUR	武本サブロー	2000	mediafactory	1
hihou-surooraifu-o-okuritai-ore-hyakumagan-ryuuou-datta	〈悲報〉スローライフをおくりたいオレ、百魔眼竜王だった	吐露ころと	2000	hifumi-shobo	2
ashita-no-synopsis	あしたのシノプシス	河あきら	2000	kodansha	1
ashita-haru-kara	あした春から!	永松潔	2000	takeshobo	1
anata-dake-kyou-wa	あなただけ今日は	永松潔	2000	wani-books	1
anata-ni-wa-kiken-na-kaori	あなたには危険な香り	岡田純子	2000	shufu-to-seikatsu	1
ano-akujo-niwa-bou-kun-ga-hitsuyou-da	あの悪女には暴君が必要だ	8garak	2000	hifumi-shobo	3
abunai-deka	あぶない刑事	日高七緒	2000	shonen-gahosha	2
ikenai-day-dream	いけないDAY DREAM	中西やすひろ	2000	kodansha	3
ijiwaru-na-jokyouju-wa-asebamu-karada-ni-go-shuushin	いじわるな助教授は汗ばむカラダにご執心	ミコトアヤ	2000	g-walk	2
ijiwaru-jii-san	いじわる爺さん	赤塚不二夫	2000	shogakukan	1
itsuka-bobii-no-you-ni	いつかボビーのように	政岡としや	2000	futabasha	1
itsuka-yasashii-ame-ni-naru	いつか優しい雨になる	ポリー	2000	hifumi-shobo	2
itemae-keibu	いてまえ警部	どおくまん	2000	tokuma	2
usaginokomugi-chan	うさぎの小麦ちゃん	小橋もと子	2000	kodansha	1
okiraku-mama	おきらくママ	新田朋子	2000	kobunsha	1
oji-san-ha-paasuu-man	おじさんはパースーマン	赤塚不二夫	2000	shogakukan	2
ore-wa-gebatetsu	おれはゲバ鉄!	赤塚不二夫	2000	shogakukan	2
onna-no-sai	おんなの彩	深見じゅん	2000	shueisha	1
obaka-san-girl	おバカさんGirl	深谷かほる	2000	shufu-to-seikatsu	1
oaji-wa-ikaga	お味はいかが?	三山節子	2000	shueisha	1
omiyage-wa-naani	お土産はなあに?	八潮路つとむ	2000	shueisha	1
omuko-ga-hoshii	お婿が欲しい!!	のがみけい	2000	shueisha	1
ojousama-gojoudan-o	お嬢様、ご冗談を!	内村月子	2000	kodansha	1
otakara-kei	お宝系	赤塚不二夫	2000	shogakukan	1
owarai-ha-korekara-da	お笑いはこれからだ	赤塚不二夫	2000	shogakukan	1
kawaii-hito-yamakami	かわいいひと	やまかみ梨由	2000	tokuma	1
kantoku	かんとく	ぼっしぃ	2000	kodansha	1
kyou-no-koronpeku	きょうのコロンペク	クリハラタカシ	2000	fukuinkan-shoten	1
kokodake-no-hanashi	ここだけの話	尾崎未来	2000	shueisha	1
kochira-lady-mama	こちらレディー・ママ	森本梢子	2000	shueisha	1
saishin-tensai-bakabon	さいしん天才バカボン	赤塚不二夫	2000	shogakukan	1
sayonara-no-mori	さよならの森	しらいしあい	2000	shufu-to-seikatsu	1
shiawase-midnight	しあわせミッドナイト	神崎春子	2000	shonen-gahosha	1
soshite-boku-wa-kekkon-ni-hashitta	そして僕は結婚にはしった	菊川近子	2000	kodansha	1
sono-akujo-ni-ki-o-tsukete-kudasai	その悪女に気をつけてください	Blue Canna	2000	hifumi-shobo	3
soredemo-koi-wa-koi	それでも恋は恋	西尚美	2000	kodansha	2
sore-wa-chotto-oishii-kusuri	それはちょっとおいしい薬	小沢真理	2000	kodansha	1
tama-chan	たまちゃん	小道迷子	2000	futabasha	1
dakishimete	だきしめて	夢野一子	2000	kodansha	1
tsuge-yoshiharu-shiryou-shuusei	つげ義春資料集成	つげ義春	2000	(unknown)	1
tsumannai-ko-chan	つまんない子ちゃん	赤塚不二夫	2000	shogakukan	1
tsunkoro-tasuke	つんころ太介	山崎匡佑	2000	futabasha	1
tomaranai-nemurenai	とまらない眠れない	永田トマト	2000	nihon-shuppansha	1
tondemo-kirara-story	とんでも・きらら・物語	村田順子	2000	kadokawa	1
nanjara-mama	なんじゃらママ	赤塚不二夫	2000	shogakukan	1
hai-cheese	はい、チーズ!!!	ごとう和	2000	kodansha	1
harukanaru-chiheisen-yori	はるかなる地平線より	まさき輝	2000	kodansha	1
barairo-no-jinsei	ばら色の人生	高野宮子	2000	gentosha	2
hisauchi-michio-kenkyuu-2-ai-no-tabou-ni-tsuite-sukebe-wa-tsurai-yotsu	ひさうちみちお研究2 愛の多忙について スケベはつらいよっ!	ひさうちみちお	2000	daiwa-shobo	1
binbin-eyes	びんびんeyes	清水としみつ	2000	shonen-gahosha	4
piichiku-paachiku	ぴーちくぱーちく	滝沢ひろゆき	2000	shonen-gahosha	1
fumantare-buu	ふまんたれブー	ぬまじりよしみ	2000	futabasha	1
hon-no-joke-de	ほんのジョークで・・・	西尚美	2000	kodansha	1
bokutachi-no-mure	ぼくたちの群れ	立原あゆみ	2000	kodansha	1
boku-ha-kemugoro	ぼくはケムゴロ	赤塚不二夫	2000	shogakukan	1
maajan-yoiko	まあじゃんよゐこ	浜口乃理子	2000	takeshobo	1
manga-zankoku-nippon-banashi-inagaki	まんが残酷日本むかしばなし	稲垣みさお	2000	bunkasha	1
manga-zankoku-nippon-banashi	まんが残酷日本むかしばなし	まつざきあけみ	2000	bunkasha	1
mikan-honkan-natsumikan	みかんホンカン夏蜜柑	ぬまじりよしみ	2000	futabasha	1
mimi-koko-momo	みみここもも	美川べるの	2000	gentosha	2
mou-hitotsu-no-ashita	もうひとつの朝	おおにし真	2000	kodansha	2
moshikashite-cinderella	もしかしてシンデレラ	たらさわみち	2000	kodansha	1
moshi-koukou-yakyuu-no-joshi-manager-ga-drucker-no-management-o-yondara	もし高校野球の女子マネージャーがドラッカーの『マネジメント』を読んだら	椿あす	2000	shueisha	3
motto-ganbare-kieruna-shikiso-usuko-san	もっと!がんばれ!消えるな!!色素薄子さん	水月とーこ	2000	ichijinsha	1
motto-hanashi-o-shitainodakedo	もっと話をしたいのだけど。	七瀬はし	2000	libre	2
monoshiri-mama-no-chieko-san	ものしりママのチエ子さん	永田竹丸	2000	houbunsha	1
yarinaoshi-tensei-reijou-wa-zamaa-shitai-noni-dekiai-dekiaisareru	やり直し転生令嬢はざまぁしたいのに溺愛される	ララ	2000	hifumi-shobo	3
yonaki-udon	よなきうどん	坂田靖子	2000	magazine-magazine	1
wagamama-na-tenshi	わがままな天使	浜田翔子	2000	hakusensha	1
watanabe-masako-kyoufu-gekijou-yashagaike	わたなべまさこ恐怖劇場 夜叉ヶ池	わたなべまさこ	2000	futabasha	1
aiko-sajiyuurokusai	アイコ36歳	本間千恵子	2000	kodansha	1
asobi-shimashou	アソビ、しましょう	長浜幸子	2000	futabasha	1
adam-no-happa	アダムの葉っぱ	深見じゅん	2000	kodansha	1
animal-sakusen	アニマル作戦	赤塚不二夫	2000	shogakukan	2
arbeiter-shinko	アルバイター新子	楠木あると	2000	kodansha	1
anpan-no	アンパンの。	小橋もと子	2000	kodansha	2
umbrella-monogatari	アンブレラ物語	沖野ヨーコ	2000	kodansha	1
wannabes	ウァナビーズ	須本壮一	2000	takeshobo	1
ema-no-omokage	エマの面影	わたなべまさこ	2000	ozora-shuppan	1
eva-lady-miyonescy	エヴァ・レディ	御米椎	2000	takeshobo	1
oak-hill-house-no-sanshimai	オークヒルハウスの三姉妹	神奈幸子	2000	kodansha	1
audition	オーディション	たらさわみち	2000	shonen-gahosha	1
kauchi-tomato-zoku	カウチトマト族	永田トマト	2000	leed	1
charisma-2	カリスマ	花小路ゆみ	2000	houbunsha	4
kampfgruppe-zbv	カンプグルッペZbv	小林源文	2000	gakken	1
gakuran-jingi	ガクラン仁義	本宮ひろ志	2000	kodansha	1
glass-no-jidai	ガラスの時代	たらさわみち	2000	shonen-gahosha	1
glass-no-kutsu-wa-niawanai	ガラスの靴は似合わない	中村真理子	2000	kodansha	1
giganteisu-no-yaiba	ギガンティスの刃	破李拳竜	2000	tokyo-sanseisha	1
gyagu-no-ou-sama	ギャグの王様	赤塚不二夫	2000	shogakukan	2
gag-land	ギャグランド	赤塚不二夫	2000	shogakukan	1
gyaguya	ギャグ屋	赤塚不二夫	2000	shogakukan	1
crystal-doll	クリスタル・ドール	おおにし真	2000	kodansha	1
cross-love-kizokukan	クロスラブ・貴族館	内村月子	2000	kodansha	1
kurokke-kun	クロッケくん	赤塚不二夫	2000	shogakukan	1
gurenderu-seiza	グレンデル星座	筒井百々子	2000	(unknown)	1
kongu-oyaji	コングおやじ	赤塚不二夫	2000	shogakukan	1
god-bonbon	ゴッドボンボン	吉田戦車	2000	ascii-media-works	1
godo	ゴドー	三山のぼる	2000	kodansha	2
ghost-aya-2	ゴースト	内山まもる	2000	futabasha	2
gold-2	ゴールド	山本隆一郎	2000	shonen-gahosha	2
sunny-side-up	サニー・サイド・アップ	本田恵子	2000	futabasha	1
surprise-hotel	サプライズホテル	魔夜峰央	2000	takeshobo	1
salaryman-shokei-ni-sasagu	サラリーマン諸兄に捧ぐ?	つのだじろう	2000	kodansha	2
za-suidou-man	ザ・水道マン	若林健次	2000	futabasha	1
shakishaki-cafe	シャキシャキ・カフェ	片山まさゆき	2000	kodansha	1
cinderella-husband	シンデレラ・ハズバンド	里中満智子	2000	kodansha	1
japanese-inn	ジャパニーズイン	村田順子	2000	ozora-shuppan	1
scandal-hunter	スキャンダル・ハンター	みね武	2000	studio-ship	1
scandal-club	スキャンダル倶楽部	いしかわじゅん	2000	kodansha	1
star-lord	スターロード	まつい智	2000	kodansha	2
sukkiri-shitene	スッキリしてね!	松山三津夫	2000	futabasha	2
supooshon-kid	スポーションKID	高田裕三	2000	kodansha	1
supooshon-kids	スポーションKIDS	高田裕三	2000	kodansha	1
suu-sento-marii-no-koi	スー・セント・マリーの恋	文月今日子	2000	ozora-shuppan	1
titanic-mama	タイタニックママ	寺島令子	2000	studio-ship	1
tatoru-kun	タトル君	赤塚不二夫	2000	shogakukan	1
taratta-pon	タラッタ★ポン	赤星たみこ	2000	kodansha	1
tanpopobashi-watare	タンポポ橋わたれ!	古谷三敏	2000	mediafactory	1
chibidon	チビドン	赤塚不二夫	2000	shogakukan	1
chin-shitene	チンしてね!	ぬまじりよしみ	2000	futabasha	2
cheek-time	チークタイム	朔本敬子	2000	kodansha	1
cheeklet-love	チークレット・らぶ	小橋もと子	2000	kodansha	2
tiffany-de-yakusoku-o	ティファニーで約束を	神奈幸子	2000	kodansha	1
debut	デビュー	長浜幸子	2000	hakusensha	1
toerutoeruto	トエルトエルト	千年銀	2000	hifumi-shobo	2
trouble-cherry	トラブル☆チェリー	佐野タカシ	2000	shonen-gahosha	1
triple-r	トリプルR	ほんまりう	2000	mediafactory	1
tokyo-game	トーキョーゲーム	青山広美	2000	takeshobo	2
domestic	ドメスティック	坂辺周一	2000	houbunsha	2
nana-to-lili	ナナとリリ	里中満智子	2000	(unknown)	2
napoleon	ナポレオン	井上恵美子	2000	kodansha	1
nurse-no-oshigoto	ナースのお仕事	岸香里・美羽さゆら・香椎オルカ・水原冬樹	2000	scola	1
nyarome-no-omoshiro-shogi-nyuumon	ニャロメのおもしろ将棋入門	赤塚不二夫	2000	(unknown)	1
neonbana	ネオン華	東克美	2000	houbunsha	2
neko-no-me-news	ネコの目ニュース	赤塚不二夫	2000	shogakukan	1
non-virgin-ga-suteki	ノン・バージンが素敵	大島岳詩	2000	schubert-shuppan	1
nooi	ノーイ	深谷かほる	2000	kodansha	1
happy-end-kamoshirenai	ハッピーエンドかもしれない	目白花子	2000	shueisha	1
basuruumu-no-ihoujin	バスルームの異邦人	長浜幸子	2000	shueisha	1
babatchisensei	ババッチ先生	赤塚不二夫	2000	shogakukan	1
bank-after5	バンクafter5	成毛厚子	2000	kodansha	1
virgin-jinsei-dokuhon	バージン人生読本	現代洋子	2000	kodansha	1
powder-snow-no-ie	パウダー・スノーの家	もんでんあきこ	2000	futabasha	1
papa-wa-okama-san	パパはオカマさん	いがらしゆみこ	2000	kodansha	1
paapeki-otoko-zoku	パーペキオトコ族	亜月裕	2000	kodansha	1
hitaano-no-musume	ヒターノの娘	原のり子	2000	futabasha	1
vibraphone	ビブラフォン	篠有紀子	2000	shufu-to-seikatsu	1
piasunomadoi	ピアスの惑い	菊川近子	2000	kodansha	1
piyo-13-sei	ピヨ13世	赤塚不二夫	2000	shogakukan	1
pink-spot	ピンクスパット	三浦みつる	2000	kodansha	2
fire-dog	ファイアードッグ	田森庸介	2000	tokyo-sanseisha	1
famiriinoshiki	ファミリーの四季	波間信子	2000	kodansha	1
buya-jitsuroku-andou-gumi	ブヤ 実録・安藤組	神田たけ志	2000	futabasha	6
blood-snow	ブラッド・スノー	長田ノオト	2000	bunkasha	1
blue-moon-makiko	ブルームーン	魔木子	2000	takeshobo	1
princess-to-nijiiro-no-yubiwa	プリンセスと虹色の指輪	英洋子	2000	ozora-shuppan	1
pressure-game	プレッシャー・ゲーム	森園みるく	2000	scola	1
baby-action	ベイビィ・アクション!	坂本ミキ	2000	shobunkan	1
hot-communication	ホット・コミュニケーション	波間信子	2000	kodansha	1
bocky-horror-show	ボッキーホラーSHOW	田島みるく	2000	shueisha	1
bon-kudo	ボン	工藤かずや	2000	leed	1
boy-yanagisawa	ボーイ	柳沢きみお	2000	kodansha	1
pocket-park-2	ポケット・パーク	沖野ヨーコ	2000	kodansha	1
poseidon-story	ポセイドン・ストーリー	まさき輝	2000	aoba-shuppan	1
popaitachi-no-i-san	ポパイたちの遺産	吉原昌宏	2000	kodansha	1
poritan	ポリタン	とり・みき	2000	hakusensha	1
portside-story	ポートサイド・ストーリー	深見じゅん	2000	kodansha	1
marionette-game	マリオネット・ゲーム	福原ヒロ子	2000	shueisha	1
mystery-selection	ミステリーセレクション	花村えい子	2000	kobunsha	1
misu-junjou-make	ミス・純情メイク	長浜幸子	2000	futabasha	1
mint-blue-paradise	ミントブルー・パラダイス	鈴木岳生	2000	futabasha	1
metal-mama	メタル・ママ	大島岳詩	2000	kodansha	2
merry-san-no-christmas	メリーさんちのXmas	星野めみ	2000	kodansha	1
monster-13-bunch	モンスター13番地	赤塚不二夫	2000	shogakukan	1
yarasete-oji-san	ヤラセテおじさん	赤塚不二夫	2000	shogakukan	1
utopia-yugureuchusen-nagahama	ユートピア	長浜幸子	2000	aoba-shuppan	1
rakugaki-2	ラクガキ	赤塚不二夫	2000	shogakukan	1
raburetaa-hanakojiko	ラブレター	花小路ゆみ	2000	scola	1
love-focus	ラブ・フォーカス	万里村奈加	2000	kodansha	1
la-campanella	ラ・カンパネラ	渡千枝	2000	bunkasha	1
la-blue-girl	ラ・ブルー・ガール	前田俊夫	2000	schubert-shuppan	3
risutora-man-tarou	リストラマン太郎	たかもちげん	2000	futabasha	4
ribenjaa	リベンジャー	下條よしあき	2000	futabasha	1
ringo-takamochi	リンゴ	たかもちげん	2000	kodansha	1
rinden-green-no-kotoritachi	リンデングリーンの小鳥たち	水上澄子	2000	kodansha	1
ruuruu-wa-chiisana-tomodachi	ルウルウはちいさなともだち	小沢真理	2000	kodansha	1
lunatic-knight	ルナティックナイト	小沢真理	2000	kodansha	1
lady-mes	レディ・メス	川崎三枝子	2000	futabasha	2
lady-dragon	レディードラゴン	はざまもり	2000	kodansha	1
rental-boy	レンタルboy	法田恵	2000	shonen-gahosha	2
rokkunrooru-igai-wa-zenbu-uso	ロックンロール以外は全部嘘。	カネコアツシ	2000	wani-books	1
romancing-girl	ロマンシング・ガール	湯田伸子	2000	shonen-gahosha	1
romance-ozawa	ロマンス	小沢真理	2000	kodansha	1
romeo-to-jurii	ロメオとジュリー	赤塚不二夫	2000	shogakukan	1
rose-garden-hayami	ローズガーデン	速水翼	2000	shufu-to-seikatsu	1
wairudodeikou	ワイルドでいこう!	渡辺直美	2000	kodansha	1
waru-chan	ワルちゃん	赤塚不二夫	2000	shogakukan	1
wanpei-mou-chan	ワンペイモウちゃん	赤塚不二夫	2000	shogakukan	1
issho-ni-kurashitai	一緒に暮らしたい!	菊川近子	2000	kodansha	1
nanatsumekozou	七つ目小僧	石ノ森章太郎	2000	futabasha	1
misoji	三十路	柳沢きみお	2000	asuka-shinsha	2
shanghai-rhapsody	上海ラプソディー	渡辺敏	2000	futabasha	2
fujio-no-gyagu-ariki	不二夫のギャグありき	赤塚不二夫	2000	shogakukan	1
fujio-no-waruwaru-world	不二夫のワルワルワールド	赤塚不二夫	2000	shogakukan	1
goninbayashi	五人囃子	広岡球志	2000	tokyo-sanseisha	1
hitokiri-izou-hiwa	人斬り以蔵秘話	伊藤結花理	2000	aoba-shuppan	1
konshuu-no-adam-to-ifu	今週のアダムとイフ	赤塚不二夫	2000	shogakukan	1
konshuu-no-dame-na-hito	今週のダメな人	赤塚不二夫	2000	shogakukan	1
tanin-doushi	他人同士	尾崎未来	2000	shueisha	1
izou	以蔵	岡崎つぐお	2000	nihon-bungeisha	1
nani-ni-mo-shiranai	何にも知らない	かわもりみさき	2000	futabasha	1
kojin-jugyou-rumoijun	個人授業	留萌純	2000	(unknown)	1
kenkou-no-sekkei	健康の設計	駕籠真太郎	2000	tokyo-sanseisha	1
youhei-joi-kuroki-erika	傭兵女医黒樹エリカ	那須輝一郎	2000	houbunsha	2
yuushunki	優駿記	やまさき拓味	2000	asuka-shinsha	1
hikarinokairou	光の回廊	めるへんめーかー	2000	kadokawa	1
fuyu-no-orgel	冬のオルゴール	深沢かすみ	2000	shueisha	1
touketsu-shita-pureiyaa-no-kikan	凍結したプレイヤーの帰還	SilSil・STUDIO INUS	2000	hifumi-shobo	2
shokei-sareta-seijo-wa-shiryou-to-natte-maimodoru	処刑された聖女は死霊となって舞い戻る	蚊	2000	hifumi-shobo	2
kayokosangaiku	加代子さんが行く!!	軽部潤子	2000	kodansha	1
kita-no-fuuin	北の封印	成毛厚子	2000	scola	1
harajuku-monogatari	原宿物語	柳沢きみお	2000	kodansha	1
futagoza-symmetry	双子座シンメトリー	おおにし真	2000	kodansha	1
yoshida-heihachi-jinchuuki-retto-itto-bii	吉田平八人中記 Let it be!	たかもちげん	2000	kodansha	2
kimi-to-shita-ai	君とした愛	雅亜公	2000	schubert-shuppan	1
kimi-ni-aete-yokatta	君に会えてよかった	刀根夕子	2000	kodansha	1
kimi-ni-saku-hana	君に咲く花	麻生歩	2000	ozora-shuppan	1
kimi-ni-kisetai-wedding-dress	君に着せたいウエディングドレス	星野めみ	2000	kodansha	1
juteimu	呪啼夢	あすなひろし	2000	chikumashuuhansha	1
inochi-kakeru-kaa	命かけるかー?!	東本昌平	2000	kodansha	1
kanashimi-hitotsu-doushimasu	哀しみひとつどうします?	深見じゅん	2000	shueisha	1
aikoku-sensou	哀国戦争	伊賀和洋	2000	shueisha	6
jigoku-fuuga	地獄フーガ	のがみけい	2000	scola	1
kabe-ni-mimi-ari-toire-ni-me-ari	壁に耳ありトイレに目あり	原のり子	2000	shonen-gahosha	3
natsu-ni-dakarete	夏に抱かれて	福原ヒロ子	2000	shueisha	1
natsuki-shizuko-sasupensu	夏樹静子サスペンス	寺口えみ	2000	ozora-shuppan	2
yoru-no-shinshi	夜の紳士	柳沢きみお	2000	futabasha	1
yasha-no-niwa	夜叉の庭	のがみけい	2000	scola	1
yume-no-naka-yume-no-soto	夢の中 夢の外	原のり子	2000	shonen-gahosha	1
yume-no-houkou	夢の彷徨	尾崎未来	2000	shueisha	1
yumedoresuappu	夢ドレスアップ	神奈幸子	2000	kodansha	1
yumebito	夢人	立原あゆみ	2000	shueisha	1
yumeko-san-no-curry-raisu	夢子さんのカレーライス	星野めみ	2000	kodansha	1
dainan-ryou-e-irasshai	大南寮へいらっしゃい	法田恵	2000	shonen-gahosha	1
dai-nippon-puutaroo-ikka	大日本プータロー一家	赤塚不二夫	2000	shogakukan	1
osaka-geijutsu-daigaku-kanan-bungei-manga-hen	大阪芸術大学河南文藝 漫画篇	小池一夫	2000	(unknown)	1
tenka-ichi-dai-katsugeki	天下一大活劇	古澤純也	2000	rapport	1
tenshi-no-kamikazari	天使の髪飾り	野間美由紀	2000	hakusensha	1
ten-takaku-yutaka-nari	天高く豊かなり	遊人	2000	kodansha	2
onna-ga-yureru	女が揺れる	花小路ゆみ	2000	scola	1
onna-to-otoko-no-kousaten	女と男の交差点	神奈幸子	2000	kodansha	1
zegen	女衒	岩田和久	2000	houbunsha	5
sukisukisuki	好き・好き・好き	里中満智子	2000	kodansha	1
sukisuki-daisuki-mejiro	好き好き大好き	目白花子	2000	kodansha	1
youjuu-suit	妖獣戦士	和気一作	2000	(unknown)	1
youka-2	妖花	内村月子	2000	kodansha	1
hime-shitenjaneeyo	姫してんじゃねえよ	長浜幸子	2000	shueisha	1
musume-ga-haha-ni-chikazuku-toki	娘が母に近づくとき	波間信子	2000	kodansha	1
konyaku-o-haki-sareta-akuyaku-reijou-wa-kouya-ni-ikiru	婚約を破棄された悪役令嬢は荒野に生きる。	ソラジマ	2000	hifumi-shobo	3
kodomotachi-no-jikan	子供たちの時間	おおにし真	2000	kodansha	1
kaseifu-to-100-rasu-100-no-houhou	家政婦と暮らす100の方法	ポン貴花田	2000	futabasha	2
kanta-2-kimi-no-tenshi-ni-yoroshiku	寛太2 君の天使によろしく	三浦浩子	2000	shufu-to-seikatsu	1
fuujirareta-memorial	封じられたメモリアル	西尚美	2000	kodansha	1
koharubi	小春日	ありさか邦	2000	shogakukan	1
shounen-furaidee	少年フライデー	赤塚不二夫	2000	shogakukan	2
shounen-marketer-gorou	少年マーケッター五郎	しりあがり寿	2000	takeshobo	1
naoko-san-no-naisho	尚子さんのナイショ❤	ななみ静	2000	futabasha	1
yamanekotachi-no-yoru	山猫たちの夜	成毛厚子	2000	kodansha	1
miko-densetsu	巫女伝説	魔木子	2000	shodensha	1
tomoe-gozen	巴御前	矢代まさこ	2000	sekai-bunka	1
bakumatsu-keppuuroku	幕末血風録	土山しげる	2000	leed	1
heisei-baka-meijinroku	平成馬鹿名人録	はやせ淳	2000	futabasha	1
hirata-hiroshi-no-otou-san-monogatari	平田弘史のお父さん物語	平田弘史	2000	kodansha	1
maboroshi-no-9kai	幻の9階	渡千枝	2000	kodansha	1
yuurei-no-2-bun-no-1	幽霊の1/2	福原ヒロ子	2000	shueisha	1
yuurei-otoko	幽霊男	手塚治虫	2000	(unknown)	1
ikuharu-to-wakarete	幾春と別れて・・・	もんでんあきこ	2000	futabasha	1
za-saiyuuki	座・西遊記	ベルネ	2000	studio-ship	1
tateshi-kensaku	建師ケン作	赤塚不二夫	2000	shogakukan	3
benkei-hiromotosh	弁慶	ヒロモト森一	2000	kodansha	1
kare-to-kare-no-love-houshiki	彼と彼の恋愛方式	PIBI	2000	hifumi-shobo	3
kareokudasai	彼をください!	内村月子	2000	kodansha	1
onzoushi-no-okite	御曹司の掟	堀戸けい	2000	houbunsha	5
hissatsu-janki-shura-botaru	必殺雀鬼 修羅ボタル	ほんまりう	2000	futabasha	2
ninpou-juuban-shoubu-shirato	忍法十番勝負	白土三平	2000	akita	1
koisurumomo	恋するもも	高橋のぼる	2000	kodansha	1
koi-ha-yuuki-saibai	恋は有機栽培	辻村弘子	2000	kodansha	2
koibitomoyou	恋人模様	菊川近子	2000	kodansha	1
love-no-okite	恋愛の掟	東城麻美	2000	takeshobo	1
love-shock	恋愛ショック	長浜幸子	2000	shueisha	1
kyoufu-kaiki-kazama	恐怖怪奇	風間宏子	2000	futabasha	1
akuryou-sama-ote-yawaraka-ni	悪霊さまお手やわらかに	菊川近子	2000	kodansha	1
akki-goyou-garan	悪鬼御用ガラン!!	山口貴由	2000	leed	1
jounetsu-no-masquerade	情熱のマスカレード	英洋子	2000	ozora-shuppan	1
ai-no-mystery-senshuu	愛のミステリー 選集	里中満智子	2000	kodansha	2
ainokiseki	愛の奇跡	赤星たみこ	2000	kodansha	1
ai-no-ougonritsu	愛の黄金率	山本鈴美香	2000	shogakukan	1
aidokuka-hibi-kore-koujitsu	愛読家、日々是好日	東都あかり	2000	hifumi-shobo	2
zange-kano-hattashiuk	懺悔	鹿乃しうこ	2000	takeshobo	1
koimurasaki	戀むらさき	高橋千鶴	2000	kodansha	2
yubiwa	指環	尾崎未来	2000	shueisha	1
tenohira-no-yesterday	掌のYESTERDAY	永田トマト	2000	hakusensha	1
matenrou	摩天楼	廿里祥一郎	2000	futabasha	13
mo-zaiku	摸細工	はざまもり	2000	futabasha	1
shin-nippon-keizai-nyuumon	新・日本経済入門	シュガー佐藤	2000	shogakukan	1
shin-karate-sangokushi	新・空手三国志	峰岸とおる	2000	tokuma	2
shinsengumi-fuuunroku-okita-souji	新撰組風雲録 沖田総司	平野仁	2000	leed	1
tabi-no-hata	旅の旗	川本コオ	2000	(unknown)	4
harunoashioto	春の足音	波間信子	2000	kodansha	1
toki-o-tometa-gogo	時をとめた午後	おおにし真	2000	kodansha	1
ban-gohan-taberu	晩ゴハン、食べる?	ぬまじりよしみ	2000	futabasha	4
kurayami-ni-neko-ga-naku	暗闇に猫が鳴く	はざまもり	2000	futabasha	1
ankokugai-no-moto-kougou-no-danzai-to-mitsuyaku	暗黒街の元皇后の断罪と密約	Jin Yu Rim	2000	hifumi-shobo	2
magatte-soorou	曲がってそーろう	坂辺周一	2000	wani-magazine	1
saishinban-tensai-bakabon	最新版天才バカボン	赤塚不二夫	2000	shogakukan	1
saishinban-heisei-tensai-bakabon	最新版平成天才バカボン	赤塚不二夫	2000	shogakukan	3
tsuki-no-shizuku	月の雫	のがみけい	2000	shueisha	1
mikaifuu-na-kanojotachi	未開封な彼女たち	がぁさん	2000	shonen-gahosha	1
tokyo-yuurei-map	東京ゆうれいマップ	のなかみのる	2000	leed	1
tokyo-esunikku	東京エスニック	長浜幸子	2000	hakusensha	1
tokyo-koushinkyoku	東京行進曲	どおくまん	2000	tokuma	2
tokyo-kougai-densha	東京郊外電車	長浜幸子	2000	shueisha	1
matsuo-bashou	松尾馬蕉	赤塚不二夫	2000	shogakukan	1
yagyuu-bugeichou	柳生武芸帳	五味康祐	2000	kodansha	2
sakurachou-4-choume-monogatari	桜町4丁目ものがたり	星野めみ	2000	aoba-shuppan	2
mori-to-hayashi-no-ohanashi	森と林のおはなし	小橋もと子	2000	kodansha	1
gokubou-kyoudai	極棒兄弟	柳沢きみお	2000	bunkasha	1
taru-no-naka-enupii-teacher	樽の中・NPティーチャー	金井たつお	2000	shueisha	1
kikou-jinruiden-body	機甲人類伝BODY	前田俊夫	2000	wani-magazine	2
jigenboukenki	次元冒険記	小林よしのり	2000	kodansha	1
kabukichou-yorozu-tantei-jimusho-ukon	歌舞伎町よろず探偵事務所 右近	長浜幸子	2000	aoba-shuppan	1
kayou-gyagu-gekijou	歌謡ギャグ劇場	赤塚不二夫	2000	shogakukan	1
musashi-den-isetsu-kengou-denki	武蔵伝 異説剣豪伝奇	石川賢	2000	leed	1
musashi-densetsu	武蔵伝説<石ノ森版立川文庫>	石ノ森章太郎	2000	futabasha	1
shinigami-karen	死神可憐	三浦浩子	2000	shufu-to-seikatsu	2
shisha-no-kuni	死者のくに	黒田みのる	2000	(unknown)	3
satsujin-sales	殺人セールス	菊川近子	2000	kodansha	1
kibun-wa-hardboiled	気分は!?ハードボイルド	水縞とおる	2000	gakken	1
mizu-no-yuuwaku	水の誘惑	氷室芹夏	2000	daitosha	2
mizuchi	水蛇	はやさかあみい	2000	scola	1
ei-chan	永ちゃん	土田世紀	2000	kodansha	1
chinmokunotoki	沈黙の刻	風間宏子	2000	kodansha	1
hamon-inoe	波紋	尾崎未来	2000	shueisha	1
nagare-inu-katchaku-monogatari	流れ犬かっちゃく物語	ひきの真二	2000	futabasha	1
ukiyo-no-fukurou	浮世のふくろう	三浦みつる	2000	bunkasha	1
kaidou-ichi-no-oooyabun-shimizu-jirochou	海道一の大親分 清水次郎長	村野守美	2000	kodansha	1
kieta-otoko	消えた男	山本まゆり	2000	bunkasha	1
midara-ni-odotte-tango	淫らに踊ってタンゴ	川崎三枝子	2000	tairiku-shobo	1
injuu-densetsu-onigari	淫獣伝説鬼狩り	前田俊夫	2000	(unknown)	1
shinkokyuu-no-hitsuyou	深呼吸の必要	高田祐子	2000	futabasha	2
fukamachi-iin-monogatari	深町医院物語	野妻まゆ美	2000	shufu-to-seikatsu	1
seijirou-sakura	清二郎桜	政岡としや	2000	shueisha	1
shounan-graffiti	湘南グラフィティ	吉田聡	2000	daitosha	2
shounan-shinjuu	湘南心中	長浜幸子	2000	scola	1
yunohana-erejii	湯の華えれじぃ	ぬまじりよしみ	2000	futabasha	2
horobi-no-oukoku-no-renkinjutsu-reijou	滅びの王国の錬金術令嬢	真山菜緒	2000	hifumi-shobo	2
kataku-makiko	火宅	魔木子	2000	takeshobo	1
museiran	無精卵	成毛厚子	2000	kodansha	1
buraikan	無頼漢	市川智茂	2000	shonen-gahosha	2
atsuize-tenma	熱いぜ天馬!	福本伸行	2000	takeshobo	1
haishi	牌師	北野英明	2000	futabasha	2
garou-yuugi	牙狼遊戯	宮本達也	2000	gakken-2	2
hanzai-shinrigaku	犯罪心理学	芳井一味	2000	kodansha	1
nerawareta-shounen	狙われた少年	はやかわ文子	2000	akita	1
neko-no-te-kashishimasu	猫の手貸します	入江紀子	2000	kodansha	1
saruou	猿王	仲能健児	2000	kodansha	1
ruriiromoyou	瑠璃色もよう	寺館和子	2000	shufu-to-seikatsu	1
ihoujin-haranoriko	異邦人	原のり子	2000	shonen-gahosha	1
itami	痛み	津田ひろみ	2000	futabasha	2
shiroimofuku	白い喪服	おおにし真	2000	kodansha	1
hakui-no-suit-operenjaa	白衣の戦士オペレンジャー	みもり	2000	(unknown)	1
touhan-tokusou-dai-sanka	盗犯特捜第三課	平井りゅうじ	2000	leed	3
kangofu-monogatari	看護婦物語	おおにし真	2000	kodansha	1
manatsu-no-crescent	真夏のクレセント	三浦浩子	2000	shufu-to-seikatsu	1
mayonaka-no-dinaa	真夜中のディナー	神奈幸子	2000	kodansha	1
mayonaka-no-raburetaa	真夜中のラブレター	つのだじろう	2000	shufu-to-seikatsu	1
mariko-no-hiza-kozou	真理子のヒザ小僧	長浜幸子	2000	hakusensha	1
hitomi-tojireba-aitsu	瞳とじればあいつ	波間信子	2000	kodansha	1
suna-no-emblem	砂のエンブレム	のがみけい	2000	shueisha	1
suna-no-tsurugi	砂の剣	矢萩貴子	2000	scola	1
sunadokei-ikegami	砂時計	池上遼一	2000	bunkasha	1
kami-no-warufuzake	神の悪フザケ	山田花子	2000	kodansha	1
shinjuukyou-online	神獣郷オンライン!	春千秋	2000	hifumi-shobo	4
kindan-no-kajitsu	禁断の果実	古田久恵	2000	futabasha	2
kuukai-nakajima	空海	中島徳博	2000	shueisha	1
ryuu-ga-mau	竜が舞う	倉科遼	2000	nihon-bungeisha	1
warattedafutte	笑ってダフって!!	北見けんいち	2000	kodansha	1
guren-no-tsuki	紅蓮の月	魔木子	2000	scola	1
guren-mandala	紅蓮曼荼羅	矢萩貴子	2000	scola	1
junjoubashi-kouban-nisshi	純情橋交番日誌	はやせ淳	2000	houbunsha	2
shuushifu-no-hibiki	終止符の響き	万里村奈加	2000	kodansha	1
kekkon-shiyou-yo-shichigatsu	結婚しようよ❤	七月みりん	2000	tokuma	3
kekkon-no-kenkyuu	結婚の研究	神奈幸子	2000	kodansha	1
kekkon-kyousoukyoku-pokettsu-morita	結婚協奏曲pockets	もりたじゅん	2000	aoba-shuppan	1
kekkon-kyousoukyoku-pokettsu	結婚協奏曲pockets	星野めみ	2000	aoba-shuppan	1
kekkon-monogatari	結婚物語	原なおこ	2000	(unknown)	2
oishii-futari	美味しいふたり	藤みき生	2000	cosmic-shuppan	7
biki	美姫	木村えいじ	2000	leed	2
bijuu-no-yakata	美獣の館	矢萩貴子	2000	scola	1
miyuki-ni-omakase	美由紀におまかせ!	中西やすひろ	2000	kodansha	2
venus-ni-hizamazuke	美神にひざまずけ!	ひうらさとる	2000	kodansha	1
mikami-no-wana	美神の罠	矢萩貴子	2000	scola	1
yoshitsune-kagemaru	義経	影丸穣也	2000	wani-magazine	1
hisui-no-namida	翡翠の涙	三浦浩子	2000	ozora-shuppan	1
roujin-no-saga	老人の性	村上たかし	2000	bunkasha	1
sei-pumpkin-monogatari	聖パンプキン物語	星野めみ	2000	kodansha	1
seijo-harimao	聖女ハリマオ	たかもちげん	2000	kodansha	1
seishoku-ni-shine	聖職に死ね!	森真理	2000	tokuma	1
udegashi-no-ten	腕貸しの天	安部譲二	2000	futabasha	1
jibun-ga-suki	自分が好き	柳沢きみお	2000	futabasha	1
hana-ga-chittemo	花が散っても	Songha	2000	hifumi-shobo	2
hanasaka-sou-de-dakishimete	花さか荘で抱きしめて	中野純子	2000	shueisha	1
hana-no-oedo-yuugen-torimonochou	花のお江戸 幽玄捕り物帖	水縞とおる	2000	futabasha	1
hana-no-niwa	花の庭	津雲むつみ	2000	shueisha	1
hana-no-kikuchiyo	花の菊千代	赤塚不二夫	2000	shogakukan	1
hana-no-shitone	花の褥	のがみけい	2000	shueisha	1
hana-no-yakata	花の館	わたなべまさこ	2000	shueisha	1
hanabiki	花引き	小幡文生	2000	takeshobo	1
hanano-nite-oni-denshou	花野にて鬼伝承	三山節子	2000	futabasha	1
kusayakyuu-rendetsu	草野球列伝	水島新司	2000	mediafactory	1
niguruma-gontarou	荷車権太郎	赤塚不二夫	2000	shogakukan	1
aoi-ie	蒼い家	津雲むつみ	2000	shueisha	1
bara-ga-saku	薔薇が咲く	長浜幸子	2000	shueisha	1
barairo-no-labyrinth	薔薇色のラビリンス	小沢真理	2000	kodansha	1
kagerou-no-mori	蜉蝣の森	はざまもり	2000	hakusensha	1
chiyou-no-kioku	蝶の記憶	里中満智子	2000	kodansha	1
ketsuryuuzaka-nite	血流坂にて	成毛厚子	2000	scola	1
hadashi-no-suki-na-onna	裸足の好きな女	福原ヒロ子	2000	shueisha	1
sasotte-hoshiiyon	誘ってほしいよん	小本田絵舞	2000	wani-magazine	1
akai-chou-no-shoujo-umezu	赤いちょうの少女	楳図かずお	2000	(unknown)	1
akai-heel-no-shinnyuusha	赤いヒールの侵入者	夢野一子	2000	kodansha	1
akai-ookami	赤い狼	まさき輝	2000	shufu-to-seikatsu	3
akatsuka-fujio-no-doushitekureru	赤塚不二夫のどうしてくれる!?	赤塚不二夫	2000	shogakukan	1
akatsuka-fujio-no-bungaku-sanpo	赤塚不二夫の文学散歩	赤塚不二夫	2000	shogakukan	1
akage-no-an-matsuzaki	赤毛のアン	まつざきあけみ・恋塚稔	2000	gakken	1
shuukyuu-nanoka	蹴球七日	望月三起也	2000	leed	1
virtual-culture	転輪聖王	仲村計	2000	shufu-to-seikatsu	1
gyakkou-no-heya	逆光の部屋	魔木子	2000	scola	1
tooriame	通り雨	尾崎未来	2000	shueisha	1
tsuukin-nounai-kakusei-densha	通勤脳内覚醒電車	ジョージ秋山	2000	asuka-shinsha	1
iku-natsu	逝く夏	尾崎未来	2000	shueisha	1
ouma	逢魔	飯田耕一郎	2000	(unknown)	1
shuukan-manga-sekai-no-ijin	週刊マンガ世界の偉人	山口正	2000	asahi-shimbun	8
shuukan-kekkon-jouhou	週刊結婚情報	本間千恵子	2000	kodansha	1
yuukyou-musashi	遊侠武蔵	さだやす圭	2000	kodansha	1
tooi-machi-no-hoshiakari	遠い街の星あかり	和田尚子	2000	shueisha	1
tekireiki-no-onna-tachi-he	適齢期の女たちへ	辻村弘子	2000	kodansha	2
rika-to-jiraiya	里香と地雷也	前田俊夫	2000	schubert-shuppan	1
nonomura-ririko-23-sai	野々村リリ子23才	はざまもり	2000	futabasha	1
no-no-hana-no-hanayome	野の花の花嫁	星野めみ	2000	kodansha	1
yabou-kyuujou	野望球場	沼礼一	2000	kasakura-shuppan	2
konjiki-no-ito	金色の糸	深沢かすみ	2000	futabasha	1
gin-no-ito	銀の糸	奈知未佐子	2000	shogakukan	1
kagami-no-naka-no-meikyuu	鏡の中の迷宮	小林博美	2000	ozora-shuppan	1
yami-ni-kageboushi	闇に影ぼうし	万里村奈加	2000	kodansha	1
yami-no-shoutaijou	闇の招待状	はざまもり	2000	futabasha	1
toukon-production	闘魂プロダクション	小林まこと	2000	kodansha	1
hidamari-no-shoujotachi	陽だまりの少女たち	山本まゆり	2000	kodansha	1
hidamari-no-yuuutsu	陽だまりの憂鬱	尾崎未来	2000	shueisha	1
jansou-ni-ikou	雀荘に行こう	有元美保	2000	takeshobo	1
rikon-hakusho	離婚白書	原のり子	2000	kodansha	1
amemajiri-roman-holiday	雨まじりRoman Holiday	沖野ヨーコ	2000	kodansha	1
yuki-no-gotoku-hi-no-gotoku	雪の如く火の如く	三山節子	2000	futabasha	1
denmujikuu	電夢時空	高山和雅	2000	kodansha	1
kasumigaseki-no-furiimeeson	霞ヶ関のフリーメーソン	前川つかさ	2000	asuka-shinsha	1
kasumigaseki-furiimeeson	霞ヶ関フリーメーソン	前川つかさ	2000	asuka-shinsha	1
aoi-uchuu-no-bouken	青い宇宙の冒険	愛川哲也	2000	kodansha	1
seishun-no-bansoukou	青春の絆創膏	もんでんあきこ	2000	futabasha	1
seigyaku-no-inu	靖逆の犬	原田久仁信	2000	futabasha	1
kaoyaku	顔役	田代浩	2000	houbunsha	2
honkon-tokusou-lady	香港特捜Lady	真行寺たつや	2000	wani-magazine	1
kouki-sama-no-yuuutsu	高貴さまの憂鬱	山本まゆり	2000	shufu-to-seikatsu	1
oni-hime-zuka	鬼姫塚	三浦浩子	2000	shufu-to-seikatsu	1
onigarishi	鬼狩り師	谷村ひとし	2000	tokuma	4
oni-keibu	鬼警部	赤塚不二夫・滝沢解	2000	shogakukan	1
mamono-o-karu-na-to-iwareta-saikyou-hunter-ryouri-guild-ni-tenshoku-suru	魔物を狩るなと言われた最強ハンター、料理ギルドに転職する	辻村七子・奥村浅葱	2000	hifumi-shobo	4
maou-no-kodomotachi	魔王の子供達	舞井武依	2000	(unknown)	1
ougon-taikouki	黄金太閤記	小島剛夕	2000	futabasha	2
kokuchi-ryoki-chaos-airu	黒地旅記カオスアイル	ゆづか正成	2000	ichijinsha	2
kokuchou-no-uta	黒鳥の歌	津雲むつみ	2000	shueisha	1
