class	sid	title	n_isbn	max_year	parent_page
SPINOFF_OLD疑い	35858	ドラゴンボールZ	39	2014	ドラゴンボール
SPINOFF_OLD疑い	41739	Happy!	38	2004	YAWARA!
SPINOFF_OLD疑い	54806	シュート!新たなる伝説	35	2007	シュート!
SPINOFF_OLD疑い	43743	銀牙伝説Weedオリオン	29	2014	銀牙伝説Weed
SPINOFF_OLD疑い	39269	仁義S	27	2014	本気!
SPINOFF_OLD疑い	56045	キャプテン翼 ワールドユース編	26	2005	キャプテン翼
SPINOFF_OLD疑い	29003	エリートヤンキー三郎 第2部	25	2010	エリートヤンキー三郎
SPINOFF_OLD疑い	46910	生徒諸君!教師編	25	2011	生徒諸君!
SPINOFF_OLD疑い	54807	シュート!熱き挑戦	25	2006	シュート!
SPINOFF_OLD疑い	56043	キャプテン翼 ROAD TO 2002	25	2008	キャプテン翼
SPINOFF_OLD疑い	40628	テニスの王子様 完全版 season 3	23	2013	新テニスの王子様
SPINOFF_OLD疑い	50989	聖闘士星矢THE LOST CANVAS冥王神話	23	2011	聖闘士星矢
SPINOFF_OLD疑い	21362	サーキットの狼Ⅱ	21	1999	サーキットの狼
SPINOFF_OLD疑い	49793	妖鬼化	21	2008	ゲゲゲの鬼太郎
SPINOFF_OLD疑い	50986	聖闘士星矢EPISODE.G	21	2013	聖闘士星矢
SPINOFF_OLD疑い	50975	リングにかけろ1	19	2004	聖闘士星矢
SPINOFF_OLD疑い	56042	キャプテン翼 GOLDEN-23	19	2010	キャプテン翼
SPINOFF_OLD疑い	6122	優駿の門 G1	18	2010	優駿の門
SPINOFF_OLD疑い	23296	BAD BOYSグレアー	18	2006	BAD BOYS
SPINOFF_OLD疑い	123804	Monkey Turn	18	2008	帯をギュッとね!
SPINOFF_OLD疑い	311	AZUMI	17	2014	がんばれ元気
SPINOFF_OLD疑い	36824	CROWS	17	2007	クローズ
SPINOFF_OLD疑い	49654	鎌倉ものがたり スペシャルセレクション	17	2014	三丁目の夕日
SPINOFF_OLD疑い	16179	ゴッドサイダーセカンド	16	2008	ゴッドサイダー
SPINOFF_OLD疑い	44470	アタゴオル物語	16	1990	アタゴオル
SPINOFF_OLD疑い	56594	銃夢last order	16	2011	銃夢
SPINOFF_OLD疑い	125443	カムイ外伝第2部	16	1987	カムイ伝
SPINOFF_OLD疑い	10901	ザ・シェフ～新章	15	2010	ザ・シェフ
SPINOFF_OLD疑い	13727	センゴク天正記	15	2012	センゴク権兵衛
SPINOFF_OLD疑い	28703	ナポレオン -獅子の時代-	15	2011	ナポレオン
SPINOFF_OLD疑い	42630	DAN DOH!! Xi	15	2003	DAN DOH!!
SPINOFF_OLD疑い	44471	アタゴオル玉手箱	15	1996	アタゴオル
SPINOFF_OLD疑い	44875	Cat's・eye	15	2006	シティーハンター
SPINOFF_OLD疑い	47108	幽・遊・白書	15	2005	Hunter×hunter
SPINOFF_OLD疑い	52462	マップスネクストシート	15	2012	マップス
SPINOFF_OLD疑い	53361	Jドリーム飛翔編	15	2002	オフサイド
SPINOFF_OLD疑い	54214	紅い牙 ブルー・ソネット	15	1987	ラブ・シンクロイド
SPINOFF_OLD疑い	7721	酒のほそ道レシピ	14	2010	酒のほそ道
SPINOFF_OLD疑い	12415	食キングスペシャル	14	2007	喧嘩ラーメン
SPINOFF_OLD疑い	37903	HEN	14	2011	GANTZ
SPINOFF_OLD疑い	45549	家康	14	2011	三国志
SPINOFF_OLD疑い	110	ドーベルマン刑事スペシャル	13	2013	北斗の拳
SPINOFF_OLD疑い	29856	花のあすか組!外伝	13	2008	花のあすか組!
SPINOFF_OLD疑い	42304	1・2の三四郎2	13	2008	1・2の三四郎
SPINOFF_OLD疑い	2410	B.M.N.ジャパン	12	2009	B.M.N.
SPINOFF_OLD疑い	5732	今日からヒットマンスペシャル	12	2014	今日からヒットマン
SPINOFF_OLD疑い	10022	バチバチBURST	12	2014	鮫島、最後の十五日
SPINOFF_OLD疑い	12387	喰いしん坊!スペシャル	12	2010	喧嘩ラーメン
SPINOFF_OLD疑い	30937	鉄腕バーディーevolution	12	2012	機動警察パトレイバー
SPINOFF_OLD疑い	40627	テニスの王子様 完全版 season 2	12	2012	新テニスの王子様
SPINOFF_OLD疑い	41896	釣りキチ三平　湖沼釣りselection	12	2002	釣りキチ三平classic
SPINOFF_OLD疑い	50022	孔雀王 曲神紀	12	2010	孔雀王
SPINOFF_OLD疑い	50670	F regeneration瑠璃	12	2006	エフ
SPINOFF_OLD疑い	53360	Jドリーム完全燃焼編	12	2003	オフサイド
SPINOFF_OLD疑い	127833	コミックFantasy	12	1998	アタゴオル
SPINOFF_OLD疑い	6128	優駿の門ピエタ	11	2011	優駿の門
SPINOFF_OLD疑い	19763	怨み屋本舗REBOOT	11	2012	神アプリ
SPINOFF_OLD疑い	19764	怨み屋本舗REVENGE	11	2014	神アプリ
SPINOFF_OLD疑い	31662	カムイ伝全集 外伝	11	2007	カムイ伝
SPINOFF_OLD疑い	34100	ドラえもんプラス	11	2014	ドラえもん
SPINOFF_OLD疑い	41261	地獄少女R	11	2013	地獄少女
SPINOFF_OLD疑い	41895	釣りキチ三平　海釣りselection	11	2001	釣りキチ三平classic
SPINOFF_OLD疑い	43744	銀牙伝説Weedスペシャル	11	2010	銀牙伝説Weed
SPINOFF_OLD疑い	44878	F. compo	11	2012	シティーハンター
SPINOFF_OLD疑い	16001	やさしい悪魔の物語	10	2007	死と彼女とぼく
SPINOFF_OLD疑い	16008	死と彼女とぼくゆかり	10	2009	死と彼女とぼく
SPINOFF_OLD疑い	16367	ブラックエンジェルズスペシャル	10	2011	ブラック・エンジェルズ
SPINOFF_OLD疑い	16371	マーダーライセンス牙スペシャル	10	2014	ブラック・エンジェルズ
SPINOFF_OLD疑い	30905	賭博堕天録カイジ 和也編	10	2013	賭博黙示録カイジ
SPINOFF_OLD疑い	31336	こちら葛飾区亀有公園前派出所 大入袋	10	2004	こちら葛飾区亀有公園前派出所
SPINOFF_OLD疑い	35304	火の鳥《オリジナル版》復刻大全集	10	2012	鉄腕アトム
SPINOFF_OLD疑い	36883	頭文字D　伝説誕生編	10	2007	バリバリ伝説
SPINOFF_OLD疑い	36936	美少女戦士セーラームーンR	10	1995	美少女戦士セーラームーン
SPINOFF_OLD疑い	37135	ふしぎ遊戯玄武開伝	10	2014	ふしぎ遊戯
SPINOFF_OLD疑い	42248	クレヨンしんちゃんDX	10	2013	クレヨンしんちゃん
SPINOFF_OLD疑い	45519	バビル2世 ザ・リターナー	10	2014	三国志
SPINOFF_OLD疑い	45535	信玄	10	2007	三国志
SPINOFF_OLD疑い	46323	西遊妖猿伝 大唐篇	10	2009	西遊妖猿伝
SPINOFF_OLD疑い	46905	生徒諸君! 教師編	10	2014	生徒諸君!
SPINOFF_OLD疑い	50992	聖闘士星矢the lost canvas冥王神話	10	2012	聖闘士星矢
SPINOFF_OLD疑い	54633	アリーズⅡ	10	2011	アリーズ
SPINOFF_OLD疑い	54808	シュート!蒼きめぐり逢い	10	2006	シュート!
SPINOFF_OLD疑い	121276	ルチル	10	2002	Going to hell
SPINOFF_OLD疑い	124046	ナナとカオル Black Label	10	2014	ナナとカオル
SPINOFF_OLD疑い	285	ピアニシモでささやいて第二楽章	9	2006	朝倉くんちょっと!
SPINOFF_OLD疑い	1164	えとせとら	9	2001	Who is 風生!?
SPINOFF_OLD疑い	24188	MMR	9	2014	MMRマガジンミステリー調査班
SPINOFF_OLD疑い	26573	鬼組 THE REVOLVER	9	2006	鬼組
SPINOFF_OLD疑い	33251	太陽の黙示録 建国編	9	2011	沈黙の艦隊
SPINOFF_OLD疑い	36850	クローズZERO	9	2010	クローズ
SPINOFF_OLD疑い	36937	美少女戦士セーラームーンS	9	1997	美少女戦士セーラームーン
SPINOFF_OLD疑い	37134	ふしぎ遊戯 玄武開伝	9	2008	ふしぎ遊戯
SPINOFF_OLD疑い	40179	有閑倶楽部DX	9	2007	有閑倶楽部
SPINOFF_OLD疑い	41823	アガルタ	9	2007	AGHARTA
SPINOFF_OLD疑い	44556	魔探偵ロキRAGNAROK	9	2014	tactics
SPINOFF_OLD疑い	56266	金田一少年の事件簿　短編集	9	2012	金田一少年の事件簿
SPINOFF_OLD疑い	127144	コミックFantasy	9	1997	バジル氏の優雅な生活
SPINOFF_OLD疑い	7421	一本包丁満太郎セレクション	8	2007	一本包丁満太郎
SPINOFF_OLD疑い	21210	真・カルラ舞う!	8	2009	カルラ舞う!
SPINOFF_OLD疑い	27858	きらきらひかる2	8	2007	きらきらひかる
SPINOFF_OLD疑い	33252	太陽の黙示録 群雄編	8	2009	沈黙の艦隊
SPINOFF_OLD疑い	35842	Dragon ball大全集	8	1996	ドラゴンボール
SPINOFF_OLD疑い	38486	ロザリオとバンパイアseasonⅡ	8	2010	ロザリオとバンパイア
SPINOFF_OLD疑い	50967	B'TX	8	2002	聖闘士星矢
SPINOFF_OLD疑い	53788	少年進化論plus	8	2009	少年進化論
SPINOFF_OLD疑い	107	ショーグン	7	1995	北斗の拳
SPINOFF_OLD疑い	668	ファイブスター物語リブート	7	2012	ファイブスター物語
SPINOFF_OLD疑い	2771	ゴルフは気持ちスペシャル	7	2010	ゴルフは気持ち
SPINOFF_OLD疑い	4342	軽井沢シンドロームSPROUT	7	2006	軽井沢シンドローム
SPINOFF_OLD疑い	6125	優駿の門G1	7	2009	優駿の門
SPINOFF_OLD疑い	12385	喧嘩ラーメンスペシャル	7	2005	喧嘩ラーメン
SPINOFF_OLD疑い	16506	ワル正伝	7	1996	空手バカ一代
SPINOFF_OLD疑い	17300	こちら凡人組Special	7	2008	静かなるドン
SPINOFF_OLD疑い	18715	SとM Special	7	2010	SとM
SPINOFF_OLD疑い	34984	ジャングル大帝レオ	7	2005	鉄腕アトム
SPINOFF_OLD疑い	36873	バリバリ伝説　WGPワークスライダー編	7	2008	バリバリ伝説
SPINOFF_OLD疑い	39293	本気!Ⅱ	7	2012	本気!
SPINOFF_OLD疑い	45261	マンガ 日本の歴史 現代篇	7	1994	サイボーグ009
SPINOFF_OLD疑い	48616	ミスター味っ子〔Ⅱ〕	7	2013	将太の寿司
SPINOFF_OLD疑い	50334	まもって守護月天! 再逢	7	2005	まもって守護月天!
SPINOFF_OLD疑い	52376	夢幻紳士 冒険活劇編	7	1999	学校怪談
SPINOFF_OLD疑い	52570	鉄拳チンミ 天覧武道会編	7	2007	鉄拳チンミ
SPINOFF_OLD疑い	54813	Orfina SAGA	7	2010	ヱデンズボゥイ
SPINOFF_OLD疑い	56052	キャプテン翼海外激闘編en la liga	7	2012	キャプテン翼
SPINOFF_OLD疑い	56236	サイコドクター楷恭介	7	2007	金田一少年の事件簿
SPINOFF_OLD疑い	56592	銃夢 LastOrder	7	2013	銃夢
SPINOFF_OLD疑い	56689	ローンナイト2	7	1995	EAT-MAN
SPINOFF_OLD疑い	78	DEAR BOYS ACT2	6	2013	Dear boys
SPINOFF_OLD疑い	81	DEAR BOYS ACTⅢ	6	2011	Dear boys
SPINOFF_OLD疑い	158	JIN　仁	6	2010	龍
SPINOFF_OLD疑い	3368	へろへろくんめっちゃワールド	6	2007	へろへろくん
SPINOFF_OLD疑い	4495	恐怖新聞Ⅱ	6	1993	うしろの百太郎
SPINOFF_OLD疑い	6510	XBLADE+CROSS	6	2013	XBLADE
SPINOFF_OLD疑い	12330	マテリアル・パズル ゼロクロイツ	6	2011	マテリアル・パズル
SPINOFF_OLD疑い	13025	ギャラクシーエンジェル3rd	6	2008	ギャラクシーエンジェル
SPINOFF_OLD疑い	16374	マーダーライセンス牙＆ブラックエンジェルズスペシャル	6	2014	ブラック・エンジェルズ
SPINOFF_OLD疑い	18590	ANIMAL X 原始再来	6	2004	ANIMAL X
SPINOFF_OLD疑い	19766	怨み屋本舗巣来間風介	6	2009	神アプリ
SPINOFF_OLD疑い	22028	浦安鉄筋家族special	6	2006	浦安鉄筋家族
SPINOFF_OLD疑い	29966	リトルバスターズ!	6	2013	でじぱら
SPINOFF_OLD疑い	31695	忍者武芸帳〈影丸伝〉	6	1976	カムイ伝
SPINOFF_OLD疑い	32063	ああ播磨灘外伝 ISAO	6	2005	なんと孫六
SPINOFF_OLD疑い	32365	シューピアリア・クロス	6	2011	シューピアリア
SPINOFF_OLD疑い	35030	ブッダ《オリジナル版》復刻大全集	6	2014	鉄腕アトム
SPINOFF_OLD疑い	35358	鉄腕アトム《オリジナル版》復刻大全集	6	2010	鉄腕アトム
SPINOFF_OLD疑い	35854	ドラゴンボール 人造人間・セル編	6	2014	ドラゴンボール
SPINOFF_OLD疑い	36854	クローズ×WORST	6	2013	クローズ
SPINOFF_OLD疑い	36874	バリバリ伝説　アマチュアライダー編	6	2011	バリバリ伝説
SPINOFF_OLD疑い	36938	美少女戦士セーラームーンSupers	6	1997	美少女戦士セーラームーン
SPINOFF_OLD疑い	37785	ベルサイユのばら外伝	6	2003	ベルサイユのばら
SPINOFF_OLD疑い	37879	EREMENTAR GERAD 蒼空の戦旗	6	2012	EREMENTAR GERAD
SPINOFF_OLD疑い	39292	本気!samdhana	6	2006	本気!
SPINOFF_OLD疑い	40432	となりのやまだ君	6	1995	ののちゃん
SPINOFF_OLD疑い	40457	バイトくんブックス	6	1999	ののちゃん
SPINOFF_OLD疑い	40732	SWAN 白鳥の祈り	6	2014	SWAN
SPINOFF_OLD疑い	42585	ピンクのカーテン〔★〕2	6	1984	浮浪雲
SPINOFF_OLD疑い	45509	ジャイアントロボ バベルの籠城	6	2014	三国志
SPINOFF_OLD疑い	47239	凄ノ王伝説	6	1990	バイオレンスジャック
SPINOFF_OLD疑い	47322	ああっ女神さまっcomplete	6	2005	ああっ女神さまっ
SPINOFF_OLD疑い	47331	逮捕しちゃうぞsecond season	6	2002	ああっ女神さまっ
SPINOFF_OLD疑い	48053	あまえないでよっ!!MS	6	2009	ヤンキーJKクズハナちゃん
SPINOFF_OLD疑い	49306	大市民日記	6	2010	翔んだカップル
SPINOFF_OLD疑い	50361	The・かぼちゃワインanother	6	2009	The・かぼちゃワイン
SPINOFF_OLD疑い	51959	チキタ★GUGU	6	2014	カルバニア物語
SPINOFF_OLD疑い	54691	エコエコアザラク Ⅱ	6	1998	エコエコアザラク
SPINOFF_OLD疑い	122171	Fellows!	6	2012	北北西に曇と往け
SPINOFF_OLD疑い	125177	賭博堕天録カイジ 地雷ゲーム「17歩」	6	2012	賭博黙示録カイジ
SPINOFF_OLD疑い	125959	激盛!本当にあった〔○生〕ここだけの話〔○超〕	6	2013	スゴ盛!本当にあった〔○生〕ここだけの話
SPINOFF_OLD疑い	128502	PROJECT ARMS	6	2002	スプリガン
SPINOFF_OLD疑い	2	うえきの法則プラス	5	2007	うえきの法則
SPINOFF_OLD疑い	629	僕といっしょ05	5	2005	行け!稲中卓球部
SPINOFF_OLD疑い	3279	ゼルダの伝説	5	1996	御剣ハルカ危機一髪!
SPINOFF_OLD疑い	4715	蝶獣戯譚〔Ⅱ〕	5	2013	ギフト±
SPINOFF_OLD疑い	4796	THE MOMOTAROHスペシャル	5	2010	陣内流柔術武闘伝 真島クンすっとばす!!
SPINOFF_OLD疑い	6007	天上天下唯我独尊 スペシャル	5	2011	天上天下唯我独尊
SPINOFF_OLD疑い	9928	無敵看板娘N	5	2007	無敵看板娘
SPINOFF_OLD疑い	11116	GUSH maniaEX	5	2014	ケダモノ悪魔の溺愛乙女
SPINOFF_OLD疑い	13726	センゴク外伝桶狭間戦記	5	2010	センゴク権兵衛
SPINOFF_OLD疑い	16178	ゴッドサイダーサーガ 神魔三国志	5	2013	ゴッドサイダー
SPINOFF_OLD疑い	16385	外道坊＆マーダーライセンス牙	5	2009	ブラック・エンジェルズ
SPINOFF_OLD疑い	16613	サルゲッチュウキウキ大作戦!	5	2005	サルゲッチュ
SPINOFF_OLD疑い	18205	タケコさんの恋人21	5	2006	タケコさんの恋人
SPINOFF_OLD疑い	19658	ドリームキング	5	2009	ギャングキング
SPINOFF_OLD疑い	23529	まんだら屋の良太後期選集	5	1995	まんだら屋の良太
SPINOFF_OLD疑い	24845	ポケットモンスター D・P編	5	2009	ポケットモンスター
SPINOFF_OLD疑い	24847	ポケットモンスター R・S編	5	2006	ポケットモンスター
SPINOFF_OLD疑い	29732	サラかん	5	2005	プロゴルファー貘
SPINOFF_OLD疑い	31214	「あしたのジョー」伝説	5	1998	あしたのジョー
SPINOFF_OLD疑い	31696	忍者武芸帳影丸伝	5	1997	カムイ伝
SPINOFF_OLD疑い	32052	林檎と蜂蜜 憂鬱な赤林檎編	5	2012	林檎と蜂蜜walk
SPINOFF_OLD疑い	32699	かいけつゾロリ4コマ大作戦	5	2009	かいけつゾロリ
SPINOFF_OLD疑い	35411	ブルーシード	5	1995	3×3EYES
SPINOFF_OLD疑い	35853	ドラゴンボール フリーザ編	5	2013	ドラゴンボール
SPINOFF_OLD疑い	36881	頭文字D 拓海個人遠征編	5	2006	バリバリ伝説
SPINOFF_OLD疑い	36882	頭文字D　プロジェクトD始動編	5	2007	バリバリ伝説
SPINOFF_OLD疑い	39290	本気! 抗争編	5	2014	本気!
SPINOFF_OLD疑い	39990	ぴよぴよファミリアワンダフル	5	2011	ぴよぴよファミリア
SPINOFF_OLD疑い	40533	名探偵コナン 5つの重要書類	5	2002	名探偵コナン
SPINOFF_OLD疑い	42315	ホワッツマイケル	5	2014	1・2の三四郎
SPINOFF_OLD疑い	43417	テレクラの秘密	5	1990	男と女の快楽大全
SPINOFF_OLD疑い	44206	最遊記外伝	5	2009	最遊記
SPINOFF_OLD疑い	44279	舞姫 第2部	5	2010	日出処の天子
SPINOFF_OLD疑い	44699	ファンシィダンス	5	1999	ファンシイダンス
SPINOFF_OLD疑い	45589	秀吉	5	2011	三国志
SPINOFF_OLD疑い	46725	超人ロック風の抱擁	5	2014	超人ロック
SPINOFF_OLD疑い	47192	デビルマンG	5	2014	バイオレンスジャック
SPINOFF_OLD疑い	52380	夢幻紳士 怪奇編	5	1998	学校怪談
SPINOFF_OLD疑い	53742	嬢王virgin	5	2010	夜王
SPINOFF_OLD疑い	54764	わたしにXXしなさい!	5	2011	わたしに××しなさい!
SPINOFF_OLD疑い	56591	銃夢 Last Order	5	2012	銃夢
SPINOFF_OLD疑い	122245	ザ・シェフ 新章	5	2012	ザ・シェフ
SPINOFF_OLD疑い	123392	彼岸島 最後の47日間	5	2014	彼岸島
SPINOFF_OLD疑い	123397	聖・ドラゴンガールみらくる	5	2005	夢色パティシエール
SPINOFF_OLD疑い	127381	サラリーマン金太郎 マネーウォーズ編	5	2006	男一匹ガキ大将
SPINOFF_OLD疑い	128825	きらりん☆レボリューションおはなしシリーズ	5	2009	きらりん☆レボリューション
SPINOFF_OLD疑い	129566	ハーメルンのバイオリン弾き　シェルクンチク	5	2010	ハーメルンのバイオリン弾き
SPINOFF_OLD疑い	352	ナムジ 大國主	4	2013	ナムジ
SPINOFF_OLD疑い	3588	ケイリン野郎GP	4	2006	ケイリン野郎
SPINOFF_OLD疑い	4750	世紀末☆ダーリン	4	1998	世紀末・ダーリン
SPINOFF_OLD疑い	7375	しろくまカフェbis	4	2014	しろくまカフェ
SPINOFF_OLD疑い	9663	大図書館の羊飼い	4	2014	天下☆無双
SPINOFF_OLD疑い	9796	天使×密造EX	4	2013	少年・周波数
SPINOFF_OLD疑い	13024	ギャラクシーエンジェル2nd	4	2005	ギャラクシーエンジェル
SPINOFF_OLD疑い	14087	人間倶楽部 番外編	4	1997	人間倶楽部
SPINOFF_OLD疑い	16007	死と彼女とぼく めぐる	4	2011	死と彼女とぼく
SPINOFF_OLD疑い	16262	ぴくぴく仙太郎セレクション	4	2005	ぴくぴく仙太郎
SPINOFF_OLD疑い	16859	BLOODY MONDAY	4	2011	ブラッディ・マンディ
SPINOFF_OLD疑い	16861	ブラッディ・マンディ Season2	4	2011	ブラッディ・マンディ
SPINOFF_OLD疑い	18772	ころがし涼太スペシャル	4	2009	工業哀歌バレーボーイズ
SPINOFF_OLD疑い	20678	龍馬	4	2010	太平記
SPINOFF_OLD疑い	22459	鳳スペシャル	4	2011	白竜hadou
SPINOFF_OLD疑い	22513	まじもじるるも 魔界編	4	2013	弱虫ペダル
SPINOFF_OLD疑い	22712	珍遊記2	4	2010	珍遊記
SPINOFF_OLD疑い	28021	おいしい銀座バイヤー真理	4	2009	おいしい銀座
SPINOFF_OLD疑い	30855	ケロロ軍曹4コマまんが	4	2010	ケロロ軍曹
SPINOFF_OLD疑い	31339	こちら葛飾区亀有公園前派出所ミニ	4	2000	こちら葛飾区亀有公園前派出所
SPINOFF_OLD疑い	31752	ルパン三世デッド・オア・アライブ	4	1996	ルパン三世
SPINOFF_OLD疑い	31753	ルパン三世・カリオストロの城	4	1996	ルパン三世
SPINOFF_OLD疑い	33945	Gunsmith cats	4	2005	砲神エグザクソン
SPINOFF_OLD疑い	34091	ドラえもん カラー作品集	4	2001	ドラえもん
SPINOFF_OLD疑い	34916	どろろ梵	4	2009	鉄腕アトム
SPINOFF_OLD疑い	35074	リボンの騎士 少女クラブ版	4	2009	鉄腕アトム
SPINOFF_OLD疑い	35856	ドラゴンボール 魔人ブウ編	4	2014	ドラゴンボール
SPINOFF_OLD疑い	36853	クローズzero	4	2012	クローズ
SPINOFF_OLD疑い	36875	バリバリ伝説　プライベートライダー編	4	2008	バリバリ伝説
SPINOFF_OLD疑い	36884	頭文字D　群馬エリア編	4	2005	バリバリ伝説
SPINOFF_OLD疑い	38181	刺客怨み葵	4	2006	ゴルゴ13
SPINOFF_OLD疑い	39595	バキ外伝花山薫ザ・スカーフェイス	4	2012	グラップラー刃牙
SPINOFF_OLD疑い	40779	ムジナスペシャル	4	2012	ムジナ
SPINOFF_OLD疑い	41342	男樹四代目	4	2000	男一匹ガキ大将
SPINOFF_OLD疑い	42257	映画クレヨンしんちゃん	4	1997	クレヨンしんちゃん
SPINOFF_OLD疑い	44041	ぐるぐるポンちゃんおかわりッ	4	2009	ぐるぐるポンちゃん
SPINOFF_OLD疑い	45299	人造人間キカイダー1972	4	2014	サイボーグ009
SPINOFF_OLD疑い	45531	仮面の忍者赤影Remains	4	2014	三国志
SPINOFF_OLD疑い	45558	政宗	4	2006	三国志
SPINOFF_OLD疑い	46640	バカとテストと召喚獣ぢゃ	4	2014	バカとテストと召喚獣
SPINOFF_OLD疑い	46692	超人ロック エピタフ	4	2009	超人ロック
SPINOFF_OLD疑い	46699	超人ロック ニルヴァーナ	4	2010	超人ロック
SPINOFF_OLD疑い	46707	超人ロック 嗤う男	4	2012	超人ロック
SPINOFF_OLD疑い	49219	Happyまりちゃん	4	2002	いのちの器
SPINOFF_OLD疑い	49642	三丁目の夕日選集	4	1995	三丁目の夕日
SPINOFF_OLD疑い	49858	水木しげる	4	2013	ゲゲゲの鬼太郎
SPINOFF_OLD疑い	51068	コレクター・ユイVer.2	4	2000	サイレントメビウス
SPINOFF_OLD疑い	51396	金魚屋古書店出納帳	4	2005	金魚屋古書店
SPINOFF_OLD疑い	51511	野球狂の詩ベストナイン・セレクション	4	1998	ドカベン
SPINOFF_OLD疑い	52144	乃木坂春香の秘密	4	2010	魔法使いの印刷所
SPINOFF_OLD疑い	52180	69デナシ スペシャル	4	2013	僕
SPINOFF_OLD疑い	52572	鉄拳チンミ外伝	4	2013	鉄拳チンミ
SPINOFF_OLD疑い	53098	スレイヤーズすぺしゃる	4	2001	スレイヤーズ
SPINOFF_OLD疑い	54669	氷堂涼二	4	2008	Tempus:quovadis
SPINOFF_OLD疑い	55947	元祖天才バカボン	4	2005	天才バカボン
SPINOFF_OLD疑い	55964	天才バカボンのおやじ	4	2007	天才バカボン
SPINOFF_OLD疑い	121976	Fellows!	4	2011	狼の口
SPINOFF_OLD疑い	123839	Coji-coji	4	2002	ちびまる子ちゃん
SPINOFF_OLD疑い	124011	おじゃる丸	4	2014	なんでもツルカメ
SPINOFF_OLD疑い	124339	ポケットモンスター B・W編	4	2013	ポケットモンスター
SPINOFF_OLD疑い	125972	超盛!本当にあった〔○生〕ここだけの話〔○超〕	4	2013	スゴ盛!本当にあった〔○生〕ここだけの話
SPINOFF_OLD疑い	126803	ゴルゴ13アニメ化作品セレクション	4	2009	ゴルゴ13
SPINOFF_OLD疑い	126873	ロザリオとバンパイアseason 〔Ⅱ〕	4	2013	ロザリオとバンパイア
SPINOFF_OLD疑い	127344	アックス	4	2000	弥次喜多 in DEEP
SPINOFF_OLD疑い	127573	魔法陣グルグル外伝舞勇伝キタキタ	4	2012	魔法陣グルグル
SPINOFF_OLD疑い	127935	サイボーグ009完結編	4	2014	サイボーグ009
SPINOFF_OLD疑い	128287	キューティーハニーF	4	1998	バイオレンスジャック
SPINOFF_OLD疑い	128533	つぼみ	4	2010	貧乏姉妹物語
SPINOFF_OLD疑い	129554	9番目のムサシ ミッション・ブルー	4	2008	悪魔の黙示録
SPINOFF_OLD疑い	129629	聖戦記エルナサーガ Ⅱ	4	2006	聖戦記エルナサーガ
SPINOFF_OLD疑い	157	JIN 仁	3	2003	龍
SPINOFF_OLD疑い	3157	ザールブルグの錬金術士　second season	3	2009	ザールブルグの錬金術士
SPINOFF_OLD疑い	4141	サムライダー'88	3	2003	ディアスポリス
SPINOFF_OLD疑い	5477	さのばびっちパワード	3	1997	さのばびっち
SPINOFF_OLD疑い	5509	小さな恋のものがたり初恋セレクション	3	2008	小さな恋のものがたり
SPINOFF_OLD疑い	6028	アイスエイジ2	3	2010	竜の結晶
SPINOFF_OLD疑い	7123	ロボットポンコッツ2	3	2002	ロボットポンコッツ
SPINOFF_OLD疑い	9380	神様はサウスポーdiamond	3	2010	神様はサウスポー
SPINOFF_OLD疑い	10720	メトロイド	3	2004	ロックマン8
SPINOFF_OLD疑い	11625	GJスペシャル	3	2008	オークション・ハウス
SPINOFF_OLD疑い	11633	ゴッドジョブ	3	2012	オークション・ハウス
SPINOFF_OLD疑い	12364	ばくめし!スペシャル	3	2011	喧嘩ラーメン
SPINOFF_OLD疑い	13023	ギャラクシーエンジェル2	3	2009	ギャラクシーエンジェル
SPINOFF_OLD疑い	14036	企業戦士Yamazakiスペシャル	3	2008	殺し屋麺吉
SPINOFF_OLD疑い	15165	カオシックルーンES	3	2006	trash.
SPINOFF_OLD疑い	15263	透明社員X	3	2013	ためしたガール
SPINOFF_OLD疑い	16291	がんばれゴエモン3	3	1996	がんばれゴエモン
SPINOFF_OLD疑い	16293	がんばれゴエモンネオ桃山幕府のおどり	3	1998	がんばれゴエモン
SPINOFF_OLD疑い	16383	外道坊スペシャル	3	2009	ブラック・エンジェルズ
SPINOFF_OLD疑い	16386	外道坊＆マーダーライセンス牙スペシャル	3	2010	ブラック・エンジェルズ
SPINOFF_OLD疑い	18351	新Let'sダチ公スペシャル	3	2013	ハッスルもん太
SPINOFF_OLD疑い	19027	Blood Linesスペシャル	3	2012	CUFFS
SPINOFF_OLD疑い	19034	合法都市スペシャル	3	2012	CUFFS
SPINOFF_OLD疑い	19867	まぼろし探偵　第3部	3	2008	まぼろし探偵
SPINOFF_OLD疑い	21423	とんでぶーりん❤	3	1995	きらりん☆レボリューション
SPINOFF_OLD疑い	21810	コジコジ	3	1998	ちびまる子ちゃん
SPINOFF_OLD疑い	22022	元祖!浦安鉄筋家族爆笑セレクション	3	2012	浦安鉄筋家族
SPINOFF_OLD疑い	23245	火災調査官紅蓮次郎	3	2009	プリズンホテル
SPINOFF_OLD疑い	25458	ジンキ・エクステンド リレイション	3	2010	JINKI:EXTEND
SPINOFF_OLD疑い	25540	ロスト・ユニバース	3	1999	百花繚乱 サムライブライド
SPINOFF_OLD疑い	26008	何様のつもりダ!! 新婚編	3	2007	教えて・旦那サマ
SPINOFF_OLD疑い	28522	ひまわり 2nd episode	3	2012	ピーター・グリルと賢者の時間
SPINOFF_OLD疑い	29187	ショッキングBOY EX	3	2000	ぷっつんメイクLOVE
SPINOFF_OLD疑い	29435	よしえサンち	3	2003	気分は形而上
SPINOFF_OLD疑い	29508	ダーク・エンジェルselection	3	2013	ダーク・エンジェル
SPINOFF_OLD疑い	30435	楽屋裏 貧乏暇なし編	3	2014	楽屋裏
SPINOFF_OLD疑い	30856	ケロロ軍曹4コマ大集合であります!	3	2007	ケロロ軍曹
SPINOFF_OLD疑い	30859	ケロロ軍曹特別訓練☆戦国ラン星大バトル!	3	2009	ケロロ軍曹
SPINOFF_OLD疑い	31279	あすなろ白書 学生編	3	2002	P.S.元気です、俊平
SPINOFF_OLD疑い	31281	あすなろ白書 社会人編	3	2002	P.S.元気です、俊平
SPINOFF_OLD疑い	31282	あすなろ白書 第2部	3	1994	P.S.元気です、俊平
SPINOFF_OLD疑い	31694	忍者武芸帳 影丸伝	3	1997	カムイ伝
SPINOFF_OLD疑い	33940	超龍戦記ザウロスナイト	3	2000	ふたりエッチ
SPINOFF_OLD疑い	34013	DORAEMON	3	2014	ドラえもん
SPINOFF_OLD疑い	34016	SF・異色短編	3	2012	ドラえもん
SPINOFF_OLD疑い	34030	すすめロボケット	3	2012	ドラえもん
SPINOFF_OLD疑い	35035	ブラック・ジャックspecial	3	2003	鉄腕アトム
SPINOFF_OLD疑い	35075	リボンの騎士-少女クラブ版-	3	1999	鉄腕アトム
SPINOFF_OLD疑い	35174	手塚治虫SF恐怖セレクション	3	2005	鉄腕アトム
SPINOFF_OLD疑い	35851	ドラゴンボール サイヤ人編	3	2013	ドラゴンボール
SPINOFF_OLD疑い	36591	矢車剣之助 迅雷編	3	2008	天馬天平
SPINOFF_OLD疑い	36842	エグザムライ戦国G	3	2013	クローズ
SPINOFF_OLD疑い	36915	バトルクラブ 2nd stage	3	2009	一騎当千
SPINOFF_OLD疑い	37330	遊・戯・王R	3	2008	遊・戯・王
SPINOFF_OLD疑い	37901	GANTZ/OSAKA	3	2010	GANTZ
SPINOFF_OLD疑い	38054	別冊サザエさん	3	2001	サザエさん
SPINOFF_OLD疑い	39295	本気!サンダーナ	3	2011	本気!
SPINOFF_OLD疑い	39299	本気!番外編	3	1998	本気!
SPINOFF_OLD疑い	39677	とっとこハム太郎ハムちゃんず	3	2005	とっとこハム太郎
SPINOFF_OLD疑い	40532	名探偵コナン 14番目の標的	3	2006	名探偵コナン
SPINOFF_OLD疑い	40546	名探偵コナン ベイカー街の亡霊	3	2006	名探偵コナン
SPINOFF_OLD疑い	40550	名探偵コナン 天空の難破船	3	2013	名探偵コナン
SPINOFF_OLD疑い	40552	名探偵コナン 探偵たちの鎮魂歌	3	2009	名探偵コナン
SPINOFF_OLD疑い	40553	名探偵コナン 水平線上の陰謀	3	2008	名探偵コナン
SPINOFF_OLD疑い	40554	名探偵コナン 沈黙の15分	3	2014	名探偵コナン
SPINOFF_OLD疑い	40557	名探偵コナン 瞳の中の暗殺者	3	2006	名探偵コナン
SPINOFF_OLD疑い	40558	名探偵コナン 紺碧の棺	3	2010	名探偵コナン
SPINOFF_OLD疑い	41301	俺の空'03	3	2004	男一匹ガキ大将
SPINOFF_OLD疑い	41936	がきデカthe best	3	2009	がきデカ
SPINOFF_OLD疑い	42960	姫ちゃんのリボン カラフル	3	2010	キラキラ100％
SPINOFF_OLD疑い	43718	サボテンの秘密	3	2005	キスで起こして。
SPINOFF_OLD疑い	44216	アラベスク第1部	3	1986	日出処の天子
SPINOFF_OLD疑い	44217	アラベスク第2部	3	1986	日出処の天子
SPINOFF_OLD疑い	45302	仮面ライダー 1971	3	2014	サイボーグ009
SPINOFF_OLD疑い	45418	石ノ森章太郎	3	2013	サイボーグ009
SPINOFF_OLD疑い	45605	鉄人28号 皇帝の紋章	3	2005	三国志
SPINOFF_OLD疑い	45606	鉄人28号 鉄人奪還作戦	3	2009	三国志
SPINOFF_OLD疑い	45647	RAVEプルーの犬日記	3	2007	FAIRY TAIL
SPINOFF_OLD疑い	46693	超人ロック オメガ	3	2007	超人ロック
SPINOFF_OLD疑い	46698	超人ロック ソード・オブ・ネメシス	3	2007	超人ロック
SPINOFF_OLD疑い	46701	超人ロック ホリーサークル	3	2013	超人ロック
SPINOFF_OLD疑い	46704	超人ロック 久遠の瞳	3	2007	超人ロック
SPINOFF_OLD疑い	46802	幸せ咲いた	3	2003	温泉旅館・沢野屋
SPINOFF_OLD疑い	47161	キューティーハニーSEED	3	2006	バイオレンスジャック
SPINOFF_OLD疑い	47196	デビルマン対闇の帝王	3	2014	バイオレンスジャック
SPINOFF_OLD疑い	47323	ああっ女神さまっ　いいとこどりシリーズ	3	2005	ああっ女神さまっ
SPINOFF_OLD疑い	47889	Lady Love 愛するあなたへ	3	2010	Lady Love
SPINOFF_OLD疑い	47954	ラジカルガーディアン	3	1995	天地無用!魎皇鬼
SPINOFF_OLD疑い	48805	君の手がささやいている・最終章	3	2002	君の手がささやいている
SPINOFF_OLD疑い	50668	F Final	3	2013	エフ
SPINOFF_OLD疑い	50680	カメ	3	1996	エフ
SPINOFF_OLD疑い	51262	ドラゴンハーフTRILOGY	3	1998	Dragon half
SPINOFF_OLD疑い	51448	あぶさん特選集	3	2006	ドカベン
SPINOFF_OLD疑い	51512	野球狂の詩平成編	3	2000	ドカベン
SPINOFF_OLD疑い	51526	純愛特攻隊長!　本気	3	2010	純愛特攻隊長!
SPINOFF_OLD疑い	52374	夢幻紳士 マンガ少年版	3	2007	学校怪談
SPINOFF_OLD疑い	52456	クロノアイズグランサー	3	2003	マップス
SPINOFF_OLD疑い	52935	えびてん フルカラー	3	2012	えびてん
SPINOFF_OLD疑い	53667	おざなりダンジョンtactics	3	2011	おざなりダンジョン
SPINOFF_OLD疑い	54782	聖戦記エルナサーガⅡ	3	2004	聖戦記エルナサーガ
SPINOFF_OLD疑い	55093	味一番!美味セレクション	3	2012	クッキングパパ
SPINOFF_OLD疑い	56316	マッド★ブル2000	3	2013	弐十手物語
SPINOFF_OLD疑い	120810	ファミ通のアレ (仮題)	3	1995	チャイルド☆プラネット
SPINOFF_OLD疑い	120892	熱血!!コロコロ伝説	3	2007	あまいぞ!男吾
SPINOFF_OLD疑い	121068	親玉'Sスペシャル	3	2014	ひかりの空
SPINOFF_OLD疑い	122246	ザ・シェフ 新章スペシャル	3	2013	ザ・シェフ
SPINOFF_OLD疑い	122433	マテリアル・パズルゼロクロイツ	3	2012	マテリアル・パズル
SPINOFF_OLD疑い	123475	まぼろし探偵　第1部	3	2008	まぼろし探偵
SPINOFF_OLD疑い	123838	Coji-Coji	3	1997	ちびまる子ちゃん
SPINOFF_OLD疑い	125038	パタリロ! 選集	3	2014	パタリロ!
SPINOFF_OLD疑い	125951	本当にあった〔○生〕ここだけの話〔○超〕	3	2012	スゴ盛!本当にあった〔○生〕ここだけの話
SPINOFF_OLD疑い	125973	超盛!本当にあった〔○生〕ここだけの話超	3	2013	スゴ盛!本当にあった〔○生〕ここだけの話
SPINOFF_OLD疑い	126542	WORST 新・最強伝説	3	2013	クローズ
SPINOFF_OLD疑い	126928	黄昏流星群ベストオブベスト	3	2013	課長島耕作
SPINOFF_OLD疑い	127307	SWAN モスクワ編	3	2014	SWAN
SPINOFF_OLD疑い	127449	2 hearts	3	1995	AGHARTA
SPINOFF_OLD疑い	128211	超人ロックオメガ	3	2003	超人ロック
SPINOFF_OLD疑い	128214	超人ロックソード・オブ・ネメシス	3	1997	超人ロック
SPINOFF_OLD疑い	128217	超人ロック久遠の瞳	3	2005	超人ロック
SPINOFF_OLD疑い	128218	超人ロック冬の虹	3	2006	超人ロック
SPINOFF_OLD疑い	128219	超人ロック凍てついた星座	3	2009	超人ロック
SPINOFF_OLD疑い	128222	超人ロック聖者の涙	3	1994	超人ロック
SPINOFF_OLD疑い	129443	おざなりダンジョンTACTICS	3	2013	おざなりダンジョン
SPINOFF_OLD疑い	129794	魔法少女リリカルなのはViVid FULL COLORS	3	2012	魔法少女リリカルなのはViVid
SPINOFF_OLD疑い	129896	ブラッディ・マンディ Season2	3	2010	金田一少年の事件簿
SPINOFF_OLD疑い	130018	銃夢Last Order	3	2014	銃夢
SPINOFF_OLD疑い	130060	超少女明日香救世主の血	3	1994	スケバン刑事
SPINOFF_OLD疑い	82	DEAR BOYS ILLUSTRATIONS	2	2014	Dear boys
SPINOFF_OLD疑い	604	ブラフマンover boost	2	2011	ブラフマン
SPINOFF_OLD疑い	622	グリーンヒル05	2	2005	行け!稲中卓球部
SPINOFF_OLD疑い	993	Pure Love Seasons2	2	2014	胸が鳴るのは君のせい
SPINOFF_OLD疑い	1360	ユダヤ人大富豪の教え スイス篇	2	2011	お受験の星
SPINOFF_OLD疑い	1729	ロックマンX2	2	1996	ロックマンX3
SPINOFF_OLD疑い	1731	ロックマンX4	2	1998	ロックマンX3
SPINOFF_OLD疑い	1796	メダロット3	2	2001	メダロット イッキ編
SPINOFF_OLD疑い	1797	メダロット4	2	2001	メダロット イッキ編
SPINOFF_OLD疑い	1798	メダロット5	2	2002	メダロット イッキ編
SPINOFF_OLD疑い	1799	メダロットG	2	2003	メダロット イッキ編
SPINOFF_OLD疑い	2106	YUI SHOP MINI	2	2004	ボクのふたつの翼
SPINOFF_OLD疑い	2220	アオイ冬子	2	2010	屋根裏部屋の公爵夫人
SPINOFF_OLD疑い	2398	私立極道高校2011スペシャル	2	2013	魁!!男塾
SPINOFF_OLD疑い	2699	クールにいきましょう	2	1998	ぷらちなドロップス
SPINOFF_OLD疑い	3589	ケイリン野郎best selection	2	2005	ケイリン野郎
SPINOFF_OLD疑い	3805	Ns'あおいthose days	2	2007	Ns'あおい
SPINOFF_OLD疑い	4168	東京レイヴンズRED AND WHITE	2	2014	東京レイヴンズ
SPINOFF_OLD疑い	4800	リベロの武田	2	2006	陣内流柔術武闘伝 真島クンすっとばす!!
SPINOFF_OLD疑い	4802	真島、爆ぜる!!スペシャル	2	2012	陣内流柔術武闘伝 真島クンすっとばす!!
SPINOFF_OLD疑い	6011	疾風迅雷スペシャル	2	2014	天上天下唯我独尊
SPINOFF_OLD疑い	6016	親父スペシャル	2	2013	天上天下唯我独尊
SPINOFF_OLD疑い	8328	新カラテ地獄変 孤狼放浪編	2	2012	新カラテ地獄変
SPINOFF_OLD疑い	8961	ゾーンゼロゼロ	2	2006	ZONE-00
SPINOFF_OLD疑い	8997	SPEC～結～	2	2013	SPEC ～天～
SPINOFF_OLD疑い	9260	伊賀野カバ丸外伝	2	1998	伊賀野カバ丸
SPINOFF_OLD疑い	9381	神様はサウスポーdiamondスペシャル	2	2012	神様はサウスポー
SPINOFF_OLD疑い	9832	幸せな結婚	2	2003	星恋華
SPINOFF_OLD疑い	10028	サトラレneo	2	2006	サトラレ
SPINOFF_OLD疑い	10177	（新）マリエにお手!	2	2006	ぴんくの生徒手帳
SPINOFF_OLD疑い	10181	悪滅	2	2008	アクメツ
SPINOFF_OLD疑い	10257	だめんず・うぉーかー	2	2012	だめんず・うぉ～か～
SPINOFF_OLD疑い	10733	嫁姑の拳Z	2	2012	嫁姑の拳
SPINOFF_OLD疑い	10836	大東京ビンボー生活マニュアルスペシャル	2	2012	大東京ビンボー生活マニュアル
SPINOFF_OLD疑い	11647	堕悪スペシャル	2	2009	オークション・ハウス
SPINOFF_OLD疑い	11774	ぐり～ん❤かれんだあ	2	1986	アイドルを探せ
SPINOFF_OLD疑い	12185	恐怖劇場	2	1992	まことちゃん
SPINOFF_OLD疑い	12331	マテリアル・パズル 彩光少年	2	2009	マテリアル・パズル
SPINOFF_OLD疑い	12360	どぶスペシャル	2	2008	喧嘩ラーメン
SPINOFF_OLD疑い	12380	包丁無宿勝負旅スペシャル	2	2008	喧嘩ラーメン
SPINOFF_OLD疑い	12403	極食キングスペシャル	2	2014	喧嘩ラーメン
SPINOFF_OLD疑い	14026	（18）バージンロード	2	1998	うちの子なんびき?
SPINOFF_OLD疑い	14064	背番号0 野球少年版 後編	2	2009	スポーツマン金太郎
SPINOFF_OLD疑い	14418	おはにゅー	2	2012	ヴァージンな関係
SPINOFF_OLD疑い	15518	アフター0 Neo	2	2008	アフター0
SPINOFF_OLD疑い	16364	ザ・松田スペシャル	2	2014	ブラック・エンジェルズ
SPINOFF_OLD疑い	16365	ザ・松田超人最強伝説	2	2014	ブラック・エンジェルズ
SPINOFF_OLD疑い	18468	月の夜星の朝D.S.	2	2014	月の夜星の朝
SPINOFF_OLD疑い	21223	ペンギンの問題+	2	2014	ペンギンの問題
SPINOFF_OLD疑い	21346	ロックマン6	2	1995	ファミコン風雲児
SPINOFF_OLD疑い	21419	胡蝶伝説 六本木激闘編	2	2011	胡蝶伝説
SPINOFF_OLD疑い	22259	ぽっかぽかTHE BEST	2	2004	悪女
SPINOFF_OLD疑い	22517	弱虫ペダル 人気キャラクターセレクション	2	2014	弱虫ペダル
SPINOFF_OLD疑い	22852	ノンポリスペシャル	2	2014	ワルG
SPINOFF_OLD疑い	23278	ドクター秩父山だっ!!	2	1998	ドクター秩父山
SPINOFF_OLD疑い	23374	超兄貴FUG	2	2010	ラブやん
SPINOFF_OLD疑い	24846	ポケットモンスター HG・SS編	2	2011	ポケットモンスター
SPINOFF_OLD疑い	26357	天獄の島スペシャル	2	2011	タナトス
SPINOFF_OLD疑い	27826	胸キュン刑事2みるくCC	2	2008	胸キュン刑事
SPINOFF_OLD疑い	27859	きらきらひかる最終章	2	2012	きらきらひかる
SPINOFF_OLD疑い	27918	その男、ワガママにつき+α	2	2001	抱いて抱いて抱いて❤ダーリン
SPINOFF_OLD疑い	28413	ラッキーマインスペシャル	2	2012	マトリズム
SPINOFF_OLD疑い	28418	無頼侍スペシャル	2	2013	マトリズム
SPINOFF_OLD疑い	28470	タブロウ・ゲート0	2	2010	タブロウ・ゲート
SPINOFF_OLD疑い	28471	ダブロウ・ゲート	2	2001	タブロウ・ゲート
SPINOFF_OLD疑い	29039	ハーパーの秘密	2	2000	ダーリンを探して
SPINOFF_OLD疑い	29182	ぷッつんメイクLOVE	2	1988	ぷっつんメイクLOVE
SPINOFF_OLD疑い	30821	茄子 アンダルシアの夏	2	2003	大日本天狗党絵詞
SPINOFF_OLD疑い	30927	マリアナ伝説DEEP	2	2011	機動警察パトレイバー
SPINOFF_OLD疑い	31016	猿屋ハチ	2	2004	三連アルチザン
SPINOFF_OLD疑い	31216	いきなり最終回	2	1991	あしたのジョー
SPINOFF_OLD疑い	31713	白土三平	2	2013	カムイ伝
SPINOFF_OLD疑い	31864	BLACK LAGOON ロベルタ編	2	2014	BLACK LAGOON
SPINOFF_OLD疑い	32385	ヒーローの秘密	2	2013	夜鳴きのシィレエヌ
SPINOFF_OLD疑い	33455	秘書のカガミスペシャル	2	2012	御曹司の掟
SPINOFF_OLD疑い	33828	ライバル 番外編	2	1994	ライバル
SPINOFF_OLD疑い	33917	ふたりエッチ for ladies	2	2005	ふたりエッチ
SPINOFF_OLD疑い	34022	UTOPIA	2	2012	ドラえもん
SPINOFF_OLD疑い	34035	とびだせミクロ	2	2013	ドラえもん
SPINOFF_OLD疑い	34098	ドラえもんカラー作品集	2	2006	ドラえもん
SPINOFF_OLD疑い	34107	ドラえもん巻頭まんが作品集	2	2004	ドラえもん
SPINOFF_OLD疑い	34131	ロケットけんちゃん	2	2014	ドラえもん
SPINOFF_OLD疑い	34237	玉三郎恋の狂騒曲	2	1981	銀のジーク
SPINOFF_OLD疑い	34541	東京ミュウミュウ あ・ら・もーど	2	2004	東京ミュウミュウ
SPINOFF_OLD疑い	35211	手塚治虫エッセイ集	2	1996	鉄腕アトム
SPINOFF_OLD疑い	35222	手塚治虫デビュー作品集	2	2009	鉄腕アトム
SPINOFF_OLD疑い	35249	手塚治虫恐怖Remix Selection	2	2013	鉄腕アトム
SPINOFF_OLD疑い	35268	新寳島	2	2009	鉄腕アトム
SPINOFF_OLD疑い	35270	新手塚治虫恐怖短編集	2	2011	鉄腕アトム
SPINOFF_OLD疑い	35357	鉄腕アトム 別巻	2	1982	鉄腕アトム
SPINOFF_OLD疑い	35823	湯けむりスナイパーpart 2	2	2006	湯けむりスナイパー
SPINOFF_OLD疑い	36058	うる星やつら2	2	1984	うる星やつら
SPINOFF_OLD疑い	36075	映画犬夜叉	2	2005	うる星やつら
SPINOFF_OLD疑い	36829	QP外伝	2	2014	クローズ
SPINOFF_OLD疑い	37216	マイアミ・ガンズ	2	2007	マジカノ
SPINOFF_OLD疑い	37650	La★Blue Girl	2	1990	血の罠
SPINOFF_OLD疑い	38023	ショコラセレクション	2	2006	ぴたテン
SPINOFF_OLD疑い	38075	Made in Japan	2	1997	ゴルゴ13
SPINOFF_OLD疑い	38128	ゴルゴ13 ALL TIME BEST	2	2013	ゴルゴ13
SPINOFF_OLD疑い	38596	父島耕作	2	2010	課長島耕作
SPINOFF_OLD疑い	38653	イタズラなKissフィルムコミック	2	2012	イタズラなkiss
SPINOFF_OLD疑い	38728	蟲師 アニメ放送順セレクション	2	2014	蟲師
SPINOFF_OLD疑い	38859	アルカナ	2	2013	おっとり捜査
SPINOFF_OLD疑い	39222	バンビ零オルタナティヴ	2	2002	Soil
SPINOFF_OLD疑い	39307	極道の食卓 獄中編	2	2012	本気!
SPINOFF_OLD疑い	39584	グラップラー刃牙外伝	2	2005	グラップラー刃牙
SPINOFF_OLD疑い	39590	バキ 中国大擂台賽編	2	2007	グラップラー刃牙
SPINOFF_OLD疑い	39592	バキ 神の子激突編	2	2007	グラップラー刃牙
SPINOFF_OLD疑い	40522	コナンからの挑戦状!!	2	2009	名探偵コナン
SPINOFF_OLD疑い	40561	名探偵コナン 銀翼の奇術師	2	2006	名探偵コナン
SPINOFF_OLD疑い	40564	名探偵コナンvs.怪盗キッド	2	2014	名探偵コナン
SPINOFF_OLD疑い	40567	名探偵コナン×まじっく快斗	2	2010	名探偵コナン
SPINOFF_OLD疑い	40662	思い出の味大陸食堂スペシャル	2	2012	リセット・ゲーム
SPINOFF_OLD疑い	41935	がきデカTHE BEST	2	2012	がきデカ
SPINOFF_OLD疑い	41947	ベスト・オブ・がきデカ	2	2006	がきデカ
SPINOFF_OLD疑い	42688	魔法陣グルグルランド	2	1995	魔法陣グルグル
SPINOFF_OLD疑い	43265	ストロベリーちゃんの超華麗な生活	2	2007	山田太郎ものがたり
SPINOFF_OLD疑い	43304	よりぬきくるねこ	2	2010	くるねこ
SPINOFF_OLD疑い	43947	いけない❤ナビゲーション	2	2004	オレ様キングダム
SPINOFF_OLD疑い	44015	覇王大系リューナイト	2	1995	宇宙英雄物語
SPINOFF_OLD疑い	44105	Appleseed	2	2004	アップルシード
SPINOFF_OLD疑い	44201	最遊記 RELOAD BLAST	2	2014	最遊記
SPINOFF_OLD疑い	44468	アタゴオル外伝	2	2004	アタゴオル
SPINOFF_OLD疑い	44718	女子高生 バカ軍団波乱の修学旅行	2	2011	女子高生Girls-High
SPINOFF_OLD疑い	44873	CITY HUNTER	2	1997	シティーハンター
SPINOFF_OLD疑い	45197	イナズマンVSキカイダー	2	2006	サイボーグ009
SPINOFF_OLD疑い	45337	変身忍者嵐<外伝>	2	1999	サイボーグ009
SPINOFF_OLD疑い	45620	風林火山栄枯盛衰武田勝頼	2	2007	三国志
SPINOFF_OLD疑い	46093	小梅ちゃんが行く!!R	2	2001	ささみストリート
SPINOFF_OLD疑い	46094	小梅ちゃんが行く!R	2	2008	ささみストリート
SPINOFF_OLD疑い	46694	超人ロック カデット	2	2007	超人ロック
SPINOFF_OLD疑い	46708	超人ロック 星辰の門	2	2007	超人ロック
SPINOFF_OLD疑い	46916	結婚伝説2	2	2000	生徒諸君!
SPINOFF_OLD疑い	46951	じゃりン子チエ番外篇	2	1997	じゃりン子チエ
SPINOFF_OLD疑い	46957	帰って来たどらン猫2	2	2006	じゃりン子チエ
SPINOFF_OLD疑い	47140	けっこう仮面P	2	2004	バイオレンスジャック
SPINOFF_OLD疑い	47332	逮捕しちゃうぞthe movie	2	1999	ああっ女神さまっ
SPINOFF_OLD疑い	48145	魔界転生	2	2005	ゲッターロボ號
SPINOFF_OLD疑い	48810	青空クリニックbest selection	2	2004	君の手がささやいている
SPINOFF_OLD疑い	49307	大市民日記スペシャル	2	2009	翔んだカップル
SPINOFF_OLD疑い	49708	ゲゲゲの鬼太郎 死神大戦記	2	2007	ゲゲゲの鬼太郎
SPINOFF_OLD疑い	49710	ゲゲゲの鬼太郎 鬼太郎地獄編	2	1997	ゲゲゲの鬼太郎
SPINOFF_OLD疑い	49865	水木しげるのノストラダムス大予言	2	1996	ゲゲゲの鬼太郎
SPINOFF_OLD疑い	49873	水木しげるの憑物百怪	2	2005	ゲゲゲの鬼太郎
SPINOFF_OLD疑い	49889	水木しげる妖怪まんが鬼太郎の妖怪旅行	2	2007	ゲゲゲの鬼太郎
SPINOFF_OLD疑い	49898	水木しげる貸本モダンホラー	2	1998	ゲゲゲの鬼太郎
SPINOFF_OLD疑い	49903	水木しげる超1000ページ	2	2009	ゲゲゲの鬼太郎
SPINOFF_OLD疑い	50126	修羅の刻　寛永御前試合編	2	2004	修羅の門
SPINOFF_OLD疑い	50127	修羅の刻　風雲幕末編	2	2004	修羅の門
SPINOFF_OLD疑い	50714	天牌スペシャル	2	2013	天牌
SPINOFF_OLD疑い	50755	ゴーマニズム宣言 差別論スペシャル	2	1998	東大一直線
SPINOFF_OLD疑い	50756	ゴーマニズム宣言EXTRA	2	2007	東大一直線
SPINOFF_OLD疑い	50757	ゴーマニズム宣言NEO	2	2009	東大一直線
SPINOFF_OLD疑い	50871	日本沈没 第二部	2	2008	日本沈没
SPINOFF_OLD疑い	50960	神の犬 ブランカⅡ	2	1997	ブランカ
SPINOFF_OLD疑い	51072	サイレントメビウステイルズ	2	2003	サイレントメビウス
SPINOFF_OLD疑い	51345	富江again	2	2007	富江
SPINOFF_OLD疑い	51447	あぶさんの野球人生全56章	2	2009	ドカベン
SPINOFF_OLD疑い	51510	野球狂の詩vs.ドカベン	2	2009	ドカベン
SPINOFF_OLD疑い	51513	野球狂の詩（うた）	2	2009	ドカベン
SPINOFF_OLD疑い	51991	夢の碑 風恋記	2	1996	摩利と新吾
SPINOFF_OLD疑い	52262	俺の脳内選択肢が、学園ラブコメを全力で邪魔しているH	2	2014	邪神ちゃんドロップキック
SPINOFF_OLD疑い	52463	マップス外伝	2	1997	マップス
SPINOFF_OLD疑い	52967	クロカンスペシャル	2	2006	クロカン
SPINOFF_OLD疑い	53739	女帝薫子	2	2007	夜王
SPINOFF_OLD疑い	53766	艶恋師special	2	2012	夜王
SPINOFF_OLD疑い	54632	アリーズzero	2	2014	アリーズ
SPINOFF_OLD疑い	55839	ひみつのアッコちゃんなかよし版	2	2005	天才バカボン
SPINOFF_OLD疑い	55965	天才バカボン誕生40周年記念 天才バカボンTHE BEST	2	2007	天才バカボン
SPINOFF_OLD疑い	56024	赤塚不二夫名作劇場 天才バカボン	2	2004	天才バカボン
SPINOFF_OLD疑い	56053	キャプテン翼海外激闘編in Calcio	2	2010	キャプテン翼
SPINOFF_OLD疑い	56054	キャプテン翼短編集dream field	2	2006	キャプテン翼
SPINOFF_OLD疑い	56091	うしおととら全集	2	1997	からくりサーカス
SPINOFF_OLD疑い	56092	うしおととら外伝	2	2005	からくりサーカス
SPINOFF_OLD疑い	56212	校内写生＆フォビア	2	1992	桜通信
SPINOFF_OLD疑い	56331	修羅雪姫外伝	2	2013	弐十手物語
SPINOFF_OLD疑い	56631	ザ☆ドラえもんズスペシャル ロボット養成学校編	2	2000	ザ☆ドラえもんズスペシャル
SPINOFF_OLD疑い	121202	海の大陸Noa×	2	2009	海の大陸NOA+
SPINOFF_OLD疑い	121321	Fellows!	2	2011	健全ロボダイミダラー
SPINOFF_OLD疑い	121329	ゴロロ mamonogatari	2	2012	うちゅう人田中太郎
SPINOFF_OLD疑い	121574	うてなの結婚+	2	2006	うてなの結婚
SPINOFF_OLD疑い	122215	のうりん野生	2	2014	のうりん
SPINOFF_OLD疑い	122411	楳図かずおこわい本 異形	2	1996	まことちゃん
SPINOFF_OLD疑い	122638	ひぐらしのなく頃に 語咄し編	2	2009	うみねこのなく頃にepisode 4
SPINOFF_OLD疑い	122954	死と彼女とぼくめぐる	2	2012	死と彼女とぼく
SPINOFF_OLD疑い	122989	A-BOUT! 朝桐大活躍編	2	2014	A-BOUT!
SPINOFF_OLD疑い	123476	まぼろし探偵　第2部	2	2008	まぼろし探偵
SPINOFF_OLD疑い	123741	禁じられた男と女	2	2007	はっぴい倶楽部
SPINOFF_OLD疑い	124029	蒼天航路 急	2	2014	達人伝
SPINOFF_OLD疑い	124417	ジンキ・エクステンド～リレイション～	2	2012	JINKI:EXTEND
SPINOFF_OLD疑い	124555	GENEROUS	2	1995	ミスター・シーナの精霊日記
SPINOFF_OLD疑い	124569	【急募】村長さん	2	2013	アラクレ
SPINOFF_OLD疑い	124991	HOLEIN ONE	2	2002	ホールインワン
SPINOFF_OLD疑い	125179	賭博破戒録カイジ 人喰いパチンコ「沼」	2	2014	賭博黙示録カイジ
SPINOFF_OLD疑い	125185	鉄腕バーディーEVOLUTION	2	2010	機動警察パトレイバー
SPINOFF_OLD疑い	125442	カムイ外伝第1部	2	1983	カムイ伝
SPINOFF_OLD疑い	125500	みかん・絵日記 特別編	2	2003	みかん・絵日記
SPINOFF_OLD疑い	125950	本当にあった〔○生〕ここだけの話	2	2006	スゴ盛!本当にあった〔○生〕ここだけの話
SPINOFF_OLD疑い	125960	激盛!本当にあった〔○生〕ここだけの話超	2	2013	スゴ盛!本当にあった〔○生〕ここだけの話
SPINOFF_OLD疑い	125971	超盛!本当にあった〔○生〕ここだけの話〔○超 〕	2	2013	スゴ盛!本当にあった〔○生〕ここだけの話
SPINOFF_OLD疑い	126380	ドラゴンボール  魔人ブウ編	2	2014	ドラゴンボール
SPINOFF_OLD疑い	126605	遊戯王R	2	2007	遊・戯・王
SPINOFF_OLD疑い	126874	ロザリオとバンパイアseason2	2	2014	ロザリオとバンパイア
SPINOFF_OLD疑い	127061	アレクサンダー大王 -天上の王国-	2	2014	アルペンローゼ
SPINOFF_OLD疑い	127237	名探偵コナン 劇場版 絶海の探偵	2	2013	名探偵コナン
SPINOFF_OLD疑い	127525	クレヨンしんちゃんの楽しいゾ英会話	2	1996	クレヨンしんちゃん
SPINOFF_OLD疑い	128117	栞と紙魚子と夜の魚	2	2007	西遊妖猿伝
SPINOFF_OLD疑い	128118	栞と紙魚子と青い馬	2	2007	西遊妖猿伝
SPINOFF_OLD疑い	128121	栞と紙魚子何かが街にやって来る	2	2007	西遊妖猿伝
SPINOFF_OLD疑い	128122	栞と紙魚子殺戮詩集	2	2007	西遊妖猿伝
SPINOFF_OLD疑い	128196	バカとテストと召喚獣→spinout! それが僕らの日常。	2	2012	バカとテストと召喚獣
SPINOFF_OLD疑い	128208	超人ロック 天空の魔法士	2	2007	超人ロック
SPINOFF_OLD疑い	128209	超人ロック 風の抱擁	2	2014	超人ロック
SPINOFF_OLD疑い	128215	超人ロックミラーリング	2	1996	超人ロック
SPINOFF_OLD疑い	128326	サクラ大戦 第2部	2	2012	ああっ女神さまっ
SPINOFF_OLD疑い	128669	STAYラブリー 少年	2	2005	三番町萩原屋の美人
SPINOFF_OLD疑い	129068	SOUL EATER SOUL ART	2	2014	炎炎ノ消防隊
SPINOFF_OLD疑い	129282	球場ラヴァーズ だって野球が好きじゃけん	2	2014	球場ラヴァーズ
SPINOFF_OLD疑い	129314	生徒会の一存乙	2	2013	えびてん
SPINOFF_OLD疑い	129835	なのだ!?天才バカボンのおやじ	2	1999	天才バカボン
SPINOFF_OLD疑い	130058	超少女明日香 学校編	2	2004	スケバン刑事
孤立	106732	江戸前の旬スペシャル	61	2024	
孤立	89498	仕掛人藤枝梅安	59	2023	
孤立	160957	禁じられた男と女	24	2011	
孤立	57942	Boys be… 2nd season	20	2000	
孤立	140759	コミック乱セレクション	17	2017	
孤立	165821	鬼平犯科帳 Season Best	17	2018	
孤立	80802	ドラゴンボールZ	15	1995	
孤立	61751	Y十M 柳生忍法帖	12	2017	
孤立	70837	まるごし刑事 激アツスペシャル	12	2017	
孤立	77377	ザ・シェフスペシャル	12	2007	
孤立	110361	白竜スペシャル	12	2011	
孤立	133066	master keaton	12	2012	
孤立	77378	ザ・シェフワイドSP	11	2017	
孤立	79091	ゼルダの伝説	10	2009	
孤立	81921	バジリスク 甲賀忍法帖	9	2016	
孤立	96963	宝石商リチャード氏の謎鑑定	9	2024	
孤立	147567	仕掛人藤枝梅安 ベストエピソード	9	2016	
孤立	152145	孔雀王 退魔聖伝	9	1993	
孤立	58495	Dr.スランプアラレちゃん	8	1995	
孤立	60685	Rewrite:SIDE-B	8	2015	
孤立	85474	ミナミの帝王ワイドSP	8	2022	
孤立	130818	Bビーダマン爆外伝ハイパーTVアニメコミック	8	1998	
孤立	140099	キャッツ♥愛	8	2014	
孤立	147569	仕掛人藤枝梅安ベストエピソード	8	2016	
孤立	160284	白竜legendスペシャル	8	2013	
孤立	73368	イクミの秘密	7	1997	
孤立	85475	ミナミの帝王最強スペシャル	7		
孤立	87391	ローゼンメイデン	7	2011	
孤立	97328	寿司魂スペシャル	7	2016	
孤立	57837	Back street girls	6	2019	
孤立	59111	HOTEL	6	2018	
孤立	61992	∀ガンダム	6	2002	
孤立	78705	スレイヤーズNEXT アニメコミック	6	1997	
孤立	88773	九龍	6	2003	
孤立	91995	勇午 the negotiator	6	2013	
孤立	103767	映画クレヨンしんちゃんゴールデン・カップリング	6	2017	
孤立	108502	爆男	6	2006	
孤立	119672	魔界転生	6	2003	
孤立	131351	GENEROUS	6	1996	
孤立	137563	まるごし刑事 (デカ)	6	2021	
孤立	141086	サトシとピカチュウ	6	2006	
孤立	152679	少女チャングムの夢	6	2006	
孤立	166437	（新）ブラックジャックによろしく	6	2009	
孤立	166441	［R-16］	6	2014	
孤立	57738	BLACK NOTE	5	2005	
孤立	58110	Capeta 16歳のF3パイロット編	5	2016	
孤立	58112	Capeta 中学生編	5	2016	
孤立	78708	スレイヤーズTRY アニメコミック	5	1997	
孤立	89888	信長を殺した男～日輪のデマルカシオン～	5	2023	
孤立	108106	火災調査官スペシャル	5	2007	
孤立	109051	猫田小次郎	5	2017	
孤立	140754	コミック乱TWINSセレクション	5	2015	
孤立	147568	仕掛人藤枝梅安 名作セレクション	5	2014	
孤立	149209	剣客商売 BEST SELECTION	5	2017	
孤立	156472	最上の明医	5	2012	
孤立	57739	BLACK NOTE セカンドシーズン	4	2006	
孤立	58484	Dr. タイフーンスペシャル	4	2012	
孤立	58928	GUSH maniaEX	4	2016	
孤立	61655	Winnie the Pooh	4	1991	
孤立	69374	はるか通信―遙かなる時空の中で	4		
孤立	72816	アドヴァンテージジェネレーション	4	2005	
孤立	78900	セイバーマリオネットJ	4	1997	
孤立	80024	テレビアニメ世界名作劇場	4	1987	
孤立	80147	デジモンアドベンチャーファイル島編	4	2000	
孤立	80215	デビル サバイバー2 THE ANIMATION	4	2014	
孤立	86752	リトルバスターズ!	4	2013	
孤立	87763	一宮思帆	4	2017	
孤立	87887	七唄あむ	4	2008	
孤立	88208	不動スペシャル	4	2007	
孤立	92957	名探偵コナン推理ファイル日本史の謎	4	2009	
孤立	94969	大海賊同盟	4	2005	
孤立	96445	婚約破棄された女は幼なじみにいただかれちゃいました。	4	2022	
孤立	103787	映画篇	4	2014	
孤立	106823	河奈マリオ	4	2009	
孤立	107034	浅見先生の秘密	4	2016	
孤立	110360	白竜LEGENDスペシャル	4	2010	
孤立	114734	蒼竜の側用人	4	2018	
孤立	117064	野々山女學院蟲組の秘密	4	2019	
孤立	133075	on BLUE	4	2016	
孤立	134253	おじゃる丸	4	2000	
孤立	138185	らき・すたコミックアラカルト	4	2009	
孤立	140756	コミック乱TWINSセレクション	4	2017	
孤立	141062	サスペンス＆ミステリーコミック本格セレクション	4	2014	
孤立	143179	ニシハラさんのわかりにくい恋	4	2026	
孤立	145271	マンガ百人一首物語	4	2014	
孤立	156242	映画クレヨンしんちゃん 完全コミック	4	2013	
孤立	164669	酒のほそ道スペシャル	4	2025	
孤立	165314	電撃!ピカチュウ	4	2000	
孤立	58113	Capeta 幼少編	3	2016	
孤立	58916	GUSH maniaEX	3	2013	
孤立	60787	SF新世紀レンズマン	3	1984	
孤立	62063	「るろうに剣心」の秘密	3	1996	
孤立	63872	えい吉	3	2010	
孤立	68141	とある空言、ボクの秘密	3	2008	
孤立	72817	アドヴァンテージジェネレーション他校special	3	2005	
孤立	73581	イルゲネス 偽翼の交響曲	3	2013	
孤立	74126	エロの秘密結社ドシコルド	3	2020	
孤立	76842	コーヒープリンス1号店	3	2008	
孤立	78673	スラムダンクの秘密	3	1994	
孤立	80256	デュラララ!! 黄巾賊編	3	2015	
孤立	87202	ロスト・ユニバース	3	1998	
孤立	93337	吾可子	3	2014	
孤立	98090	嵐のデスティニィ second stage	3	2003	
孤立	99413	必殺仕置長屋	3	2014	
孤立	102644	撃覇スペシャル	3	2007	
孤立	103220	新選組疾風伝スペシャル	3	2013	
孤立	103785	映画大好きポンポさん	3	2021	
孤立	104401	月光仮面 平和の章	3	2009	
孤立	104402	月光仮面 慈愛の章	3	2009	
孤立	105169	栗山なつき	3	2010	
孤立	106992	流星ハニー	3	2014	
孤立	108108	火災調査官ワイドSP	3	2014	
孤立	109445	瑠川ヒロ	3	2012	
孤立	110553	皆様の玩具です	3	2018	
孤立	116038	賭けゴロスペシャル	3	2013	
孤立	131019	DORAEMON	3	2014	
孤立	131930	MIXIM★11	3	2015	
孤立	132142	On blue	3	2016	
孤立	132446	SHUFFLE!コミックアラカルト	3	2005	
孤立	132497	SWAN 白鳥の祈り	3	1983	
孤立	133073	on BLUE	3	2013	
孤立	133074	on BLUE	3	2018	
孤立	133079	on BLUE	3	2017	
孤立	133784	いただき〔□／〕幸せごはん	3	2018	
孤立	135435	ごちそう日和	3	2025	
孤立	135705	じゃあ、君の代わりに殺そうか?～プリクエル〈前日譚〉～	3	2025	
孤立	138095	ゆずのどうぶつカルテ～小さな獣医～	3	2020	
孤立	138420	アイドル伝説えり子	3	1990	
孤立	139724	カブキの不動スペシャル	3	2013	
孤立	139835	カードキャプターさくら さくらカード編	3	2002	
孤立	140119	キャプテン翼 ワールドユース編	3	1997	
孤立	140265	ギャル嫁の秘密	3	2026	
孤立	140626	ゲキドウ	3	2026	
孤立	140758	コミック乱セレクション	3	2018	
孤立	141513	ジグラット	3	2024	
孤立	141709	スターウォーク	3	2026	
孤立	150155	呪術廻戦≡	3	2026	
孤立	150522	地獄少女R	3	2011	
孤立	155441	捨てられた王女の秘密の寝室	3	2025	
孤立	156444	暴君のシンデレラ	3	2026	
孤立	156632	最高の愛	3	2012	
孤立	159251	猫耳少女は森でスローライフを送りたい	3	2026	
孤立	160422	盛りあがらないデート	3	2026	
孤立	160480	盾の勇者の成り上がり～ガールズサイドストーリー～	3	2023	
孤立	162263	聖女ヴィクトリアの考察	3	2026	
孤立	164506	遊☆戯☆王ゼアル	3	2015	
孤立	165823	鬼平犯科帳 season best	3	2013	
孤立	166436	（新）ブラックジャックによろしく	3	2010	
孤立	8014	うめぼしの謎	2	1996	
孤立	56906	139	2	2010	
孤立	58748	Fate/stay nightコミックアラカルト	2	2007	
孤立	58752	Fate/stay night［Unlimited Blade Work	2	2015	
孤立	58917	GUSH maniaEX	2	2012	
孤立	58920	GUSH maniaEX	2	2013	
孤立	58921	GUSH maniaEX	2	2012	
孤立	58927	GUSH maniaEX	2	2015	
孤立	58932	GUSH maniaEX	2	2010	
孤立	59907	METROID	2	2004	
孤立	60246	ONE PIECE FILM STRONG WORLD	2	2010	
孤立	60247	ONE PIECE FILM Z	2	2013	
孤立	60614	ROM-13	2	2011	
孤立	60620	ROSE GUNS DAYS Last Season	2	2015	
孤立	61314	TVアニメミニ戦国BASARA弐	2	2011	
孤立	62281	『名探偵コナン』の推理ミス	2	1996	
孤立	62416	あおいれびん	2	2008	
孤立	63782	うちの相方が腐なもんで。	2	2018	
孤立	65145	かぼす	2	2010	
孤立	67804	ちゃも	2	2010	
孤立	67985	つゆねこ鉱物学	2	2020	
孤立	67997	つるぎ	2	2012	
孤立	68961	ねこねこ天国	2	2013	
孤立	69038	のぉすだこた	2	2011	
孤立	69349	はらだ	2	2014	
孤立	71865	ゆうき	2	2017	
孤立	72163	りうたがお	2	2010	
孤立	72217	れん野	2	2017	
孤立	74833	カットオーバー・クライテリア	2	2026	
孤立	74891	カブキの不動ワイドSP	2	2019	
孤立	77113	サザエさんの秘密	2	1994	
孤立	77233	サユリ	2	2015	
孤立	78860	スーパー刑事スペシャル	2	2011	
孤立	78868	スープ屋しずくの謎解き朝ごはん	2	2018	
孤立	78917	セキモリ	2	2015	
孤立	80800	ドラゴンボールGT	2	1997	
孤立	81064	ナルト忍法帖	2	2000	
孤立	85222	マンガ百人一首物語	2	2014	
孤立	85647	メアリと魔女の花	2	2017	
孤立	87909	七瀬ふたたび	2	2010	
孤立	88767	九猫あざみ	2	2011	
孤立	89095	人妻オードリーさんの秘密	2	2013	
孤立	91538	初体験白書	2	2004	
孤立	92949	名探偵コナン 時計じかけの摩天楼	2	1997	
孤立	93155	君のせい～傷跡～	2	2011	
孤立	93273	君主サマの恋のお相手	2	2007	
孤立	94669	夢王国と眠れる100人の王子様	2	2018	
孤立	95363	天然淑女リアル体験	2	2020	
孤立	95496	夫の事情妻の秘密	2	2017	
孤立	96284	妻が口をきいてくれません	2	2026	
孤立	97339	封印作品の謎	2	2006	
孤立	98396	平未夜	2	2010	
孤立	98494	幸せな結婚	2	2003	
孤立	98691	幽★遊★白書	2	1995	
孤立	98706	幽遊白書の秘密	2	1994	
孤立	99073	彼女がフラグをおられたら～ルートラブ～	2	2014	
孤立	99381	心斎橋パルコ	2	2010	
孤立	102567	探偵オペラミルキィホームズはじめまして。	2	2016	
孤立	103138	新宿セブンスペシャル	2	2018	
孤立	103765	映画ふたりはプリキュアマックスハート	2	2015	
孤立	104012	暁りく	2	2015	
孤立	104498	有頂天家族 フィルムコミック	2	2014	
孤立	105325	桜道花子	2	2006	
孤立	107510	渚	2	2011	
孤立	108006	激マン! キューティーハニー編	2	2017	
孤立	110387	白衣でポンDX	2	2005	
孤立	110651	相京あかり	2	2009	
孤立	111141	磯野家の謎・おかわり	2	1995	
孤立	111508	秀吉	2	1996	
孤立	111916	稲中卓球部の秘密	2	1995	
孤立	112368	粧妃	2	2012	
孤立	113308	美少年倶楽部の秘密	2	2020	
孤立	113557	聖石傳説	2	2002	
孤立	114799	薔薇物語	2	2005	
孤立	116791	週末の悪魔	2	2026	
孤立	117196	金沢有倖	2	2006	
孤立	117619	門	2	2026	
孤立	117768	阿弥陀しずく	2	2012	
孤立	130098	#氷室くんは恋したくない	2	2026	
孤立	130148	100年の推し	2	2026	
孤立	130184	12月の明星	2	2026	
孤立	130402	6億年の博物旅	2	2026	
孤立	130507	ANDROMEDA STORES	2	1983	
孤立	131020	DORAEMON	2	2009	
孤立	131084	Defect-ディフェクト-	2	2026	
孤立	131291	Fellows!	2	2009	
孤立	131352	GENEROUS	2	1996	
孤立	131358	GGG-ジージージー-	2	2026	
孤立	132423	SCPって何ですか?	2	2026	
孤立	132495	SUNNYシックスティーン	2	2026	
孤立	132658	S級ギルドを離脱した刀鍛冶の自由な辺境スローライフ	2	2026	
孤立	132807	Toi Toi Toi	2	2026	
孤立	132872	VTuberのエンディング、買い取ります。	2	2026	
孤立	132917	WITCHRIV	2	2026	
孤立	132987	XBLADE+CROSS	2	2013	
孤立	133080	on BLUE	2	2017	
孤立	133081	on blue	2	2013	
孤立	133134	∀Gundam	2	1999	
孤立	133135	∀ガンダム	2	2005	
孤立	133164	〈爆アド〉生まれた直後から最強悪霊と脳内バトルしてたら魔力量が測定可能域	2	2026	
孤立	133234	「聖女様のオマケ」と呼ばれたけど、わたしはオマケではないようです。	2	2026	
孤立	133253	『廃品回収』スキルで手に入れた訳ありチート魔剣が最強すぎる件	2	2026	
孤立	133254	『理想の花嫁を探して幸せにして差し上げます』と言ったら、そっけなかった婚	2	2026	
孤立	133349	あさきゆめみし 星の章	2	2000	
孤立	133350	あさきゆめみし 花の章	2	2001	
孤立	133488	あなたの愛など要りません	2	2026	
孤立	133611	あもうときじま	2	2026	
孤立	133646	あやつりカレンダー	2	2026	
孤立	133726	いきもにあっく!	2	2026	
孤立	133786	いただき〔□／〕幸せごはん	2	2017	
孤立	133788	いただき〔□／〕幸せごはんセレクション	2	2017	
孤立	133832	いつから魔力がないと錯覚していた!?	2	2026	
孤立	133895	いぬとおまわりさん	2	2026	
孤立	133930	いろはの書き導べ	2	2026	
孤立	134010	うちがキングダム	2	2026	
孤立	134073	うるさい理性を脱ぎ捨てて	2	2026	
孤立	134130	おあずけは、悪い夜の合図	2	2026	
孤立	134180	おかけになった呪文は現在使われておりません	2	2026	
孤立	134293	おっさん異世界で最強になる	2	2026	
孤立	134495	お前になんか抱かれるか!	2	2026	
孤立	134597	お母さん冒険者、ログインボーナスでスキル〈主婦〉に目覚めました。	2	2026	
孤立	134653	お葉花を愛でる	2	2026	
孤立	134709	お願いですからウケてくれ	2	2026	
孤立	134791	かませ犬の王冠	2	2026	
孤立	134802	かみちゃんがいればマル	2	2026	
孤立	135170	こころの一番暗い部屋	2	2026	
孤立	135333	この縁談は解釈違いです!	2	2026	
孤立	135431	ごくつま刑事 スペシャル	2	2014	
孤立	135532	さようなら、私たちに優しくなかった、すべての人々	2	2026	
孤立	135775	ずっと、君だけを	2	2026	
孤立	135788	せいぶつ部の田辺くん	2	2026	
孤立	135812	そういう人もいる	2	2026	
孤立	135881	その政略結婚、謹んでお受け致します。	2	2026	
孤立	135905	その青春	2	2026	
孤立	135980	ただいま!保育士でこ先生	2	2026	
孤立	136005	ただ制服を着てるだけ	2	2026	
孤立	136119	ちがう恋をしてみても	2	2026	
孤立	136139	ちはるくんは女装をしたくない!	2	2026	
孤立	136214	つぼみ	2	2009	
孤立	136359	となりの妖怪さん外伝	2	2026	
孤立	136530	なかなか稀少な光谷さん	2	2026	
孤立	136569	なでるだけのお仕事です!	2	2026	
孤立	136724	のら犬と天使ちゃん	2	2026	
孤立	136763	はじまりの町の育て屋さん追放された万能育成師はポンコツ冒険者を覚醒させて	2	2026	
孤立	136793	はじめの友人	2	2026	
孤立	136836	はっぴー・どーる・でいず	2	2026	
孤立	136841	はなまる・エントロピー	2	2026	
孤立	136915	ひかりのくにの子どもたち	2	2026	
孤立	137031	ひねくれ騎士とふわふわ姫様	2	2026	
孤立	137176	ふたりバス	2	2026	
孤立	137177	ふたり暮らしのおとりよせ日和	2	2026	
孤立	137213	ぶいある!	2	2026	
孤立	137228	ぶり返す獣性。	2	2026	
孤立	137359	ほんとにあった恐怖体験	2	1995	
孤立	137415	ぼっちが集まってバイキング行ってみた	2	2026	
孤立	137446	まいにち鳥びより	2	2026	
孤立	137475	まじかるカリナ	2	2026	
孤立	138055	やりなおし貴族の聖人化レベルアップ	2	2026	
孤立	138089	ゆかりくんはギャップがずるい	2	2026	
孤立	138152	ようこそ実力至上主義の教室へ2年生編2nd Stage	2	2026	
孤立	138232	わかっていますよ旦那さま。どうせ『愛する人ができた』と言うんでしょ?	2	2026	
孤立	138306	わたしの[×××ヒミツ]に気づかないで	2	2026	
孤立	138360	わんと鳴いたらキスして撫でて	2	2026	
孤立	138511	アサシンクリードシャドウズ伊賀の物語	2	2026	
孤立	138543	アズラエル家の次男は半魔	2	2026	
孤立	138570	アップルエイジ	2	2026	
孤立	138650	アプリコットファズ	2	2026	
孤立	138683	アメイジングデジタルサーカス	2	2026	
孤立	138753	アルカリレットウセイ	2	2026	
孤立	139028	インスマスの影	2	2021	
孤立	139141	ウマの言葉は理解りませんだから静かにしてください!	2	2026	
孤立	139220	エグザムライ戦国G	2	2014	
孤立	139269	エマのごちそう	2	2026	
孤立	139312	エリート社長は薄幸な彼女を囲い込んで甘やかしたい	2	2026	
孤立	139381	エンドロールは地獄まで	2	2026	
孤立	139513	オトナを知りたい女友達	2	2026	
孤立	139534	オフィス勤めのマリー・アントワネット	2	2026	
孤立	139549	オメガポルノcase	2	2026	
孤立	139864	ガチャンキイ	2	2026	
孤立	139898	ガラス工房の錬金術師	2	2026	
孤立	139905	ガリ勉くんと裏アカさん	2	2026	
孤立	140246	ギャルと大家さん	2	2026	
孤立	140715	コミックFantasy	2	1995	
孤立	140750	コミック・ラム	2	1989	
孤立	140755	コミック乱TWINSセレクション	2	2016	
孤立	140757	コミック乱TWINSセレクション	2	2017	
孤立	140896	コンビニ兄弟	2	2026	
孤立	141061	サスペンス＆ミステリーコミック本格セレクション	2	2013	
孤立	141064	サスペンス＆ミステリーコミック本格セレクション	2	2014	
孤立	141066	サスペンス＆ミステリーコミック本格セレクション	2	2014	
孤立	141067	サスペンス＆ミステリーコミック本格セレクション	2	2014	
孤立	141212	ザ・ワンワンズ	2	2026	
孤立	141665	スキル『植樹』を使って追放先でのんびり開拓はじめます	2	2026	
孤立	141929	スマホで異世界の神になる方法	2	2026	
孤立	142131	ゼロとヒャク	2	2026	
孤立	142164	ソロキャンパーのふらっと異世界気まま旅	2	2026	
孤立	142270	ダイダラ	2	2026	
孤立	142336	ダンジョンで成り上がれ!	2	2026	
孤立	142543	ティラノ	2	2026	
孤立	142560	テイマー少女の逃亡日記	2	2026	
孤立	142664	デスゲームに巻き込まれた山本さん、気ままにゲームバランスを崩壊させる	2	2026	
孤立	142682	デッドマウント・デスプレイ外伝 怪人ソリティアの神仙偽術	2	2026	
孤立	142729	デュラララ!! 罪歌編	2	2013	
孤立	142750	デート・オア・キル	2	2026	
孤立	143184	ニセドル	2	2026	
孤立	143245	ネガッチョ	2	2026	
孤立	143334	ノーマルガール	2	2026	
孤立	143359	ハイブルク家三男は小悪魔ショタです	2	2026	
孤立	143390	ハズレ職〈召喚士〉がS級万能職に化けました	2	2026	
孤立	143449	ハプスブルク家の華麗なる受難	2	2026	
孤立	143579	バイクが趣味の地味子の日常	2	2026	
孤立	143614	バケモノのきみに告ぐ、	2	2026	
孤立	143708	バニーナイト・トリートメント	2	2026	
孤立	144191	フェイト/ストレンジフェイク	2	2022	
孤立	144220	フォールインピンスポット	2	2026	
孤立	144275	フルメタル・パニック!Family	2	2026	
孤立	144752	ペンギンの問題+	2	2014	
孤立	144834	ボクは光の国の転生皇子さま!	2	2026	
孤立	145076	マスカレード・コンフィデンス	2	2026	
孤立	145164	マリッジ・フライト	2	2026	
孤立	145236	マンガラバー	2	2026	
孤立	145441	ミルクなきみとビターな彼	2	2026	
孤立	145491	メアヘイム	2	2026	
孤立	145494	メイクアガール	2	2026	
孤立	145591	メルディオン公爵家の若夫婦は少し変わっている。	2	2026	
孤立	145633	モノクロのふたり	2	2026	
孤立	145745	ヤミツキチュウ	2	2026	
孤立	145769	ヤンキーに恋と育児はムズすぎる	2	2026	
孤立	145811	ヤン女は竜の夢をみる	2	2026	
孤立	145918	ラスボス討伐後に始める二周目冒険者ライフ	2	2026	
孤立	145990	ラブライブ!flowers	2	2026	
孤立	146098	リトルバスターズ!	2	2019	
孤立	146124	リピート・ヴァイス	2	2026	
孤立	146207	ルルの亡霊屋敷	2	2026	
孤立	146240	レイチェル・ジーンは踊らない	2	2026	
孤立	146264	レゾンデートル骨董店にようこそ	2	2026	
孤立	146281	レディローズは平民になりたい悪役令嬢リリアナの場合	2	2026	
孤立	146283	レディ・アニカの謎	2	2017	
孤立	146328	レンズ越し、たった一度の恋をする	2	2026	
孤立	146372	ロストステラの滞在者たち	2	2026	
孤立	146557	ヴァンパイア女史の秘密	2	2023	
孤立	146684	一般聖者の救済戦線	2	2026	
孤立	146733	万年Fランク【通訳】スキル持ち底辺冒険者、異種族の最強美少女たちとパーテ	2	2026	
孤立	146803	三猫倶楽部	2	2026	
孤立	146876	不思議の国でアリスと-Dive in Wonderland-	2	2026	
孤立	146956	世界で一番『可愛い』雨宮さん、二番目は俺。	2	2026	
孤立	147003	世界最強のデバフ請負人	2	2026	
孤立	147081	久々に健康診断を受けたら最強ステータスになっていた	2	2026	
孤立	147319	人妻メデュサさんとのNTR生活	2	2026	
孤立	147373	人質姫が、消息を絶った。	2	2026	
孤立	147566	仕掛人藤枝梅安 Season Best	2	2016	
孤立	147685	会社の女上司と一緒に異世界転生して幼馴染になった	2	2026	
孤立	147691	会長、イイコはもう終わり	2	2026	
孤立	147696	伝説に残らなかった大賢者	2	2026	
孤立	147773	住所不定キャンパーはダンジョンでのんびりと暮らしたい	2	2026	
孤立	147862	侯爵令嬢の嫁入り	2	2026	
孤立	147870	侯爵家の次女は姿を隠す	2	2026	
孤立	147947	俺が花嫁に!?	2	2026	
孤立	148032	俺のカスみたいな人生は全部タヌキのせい	2	2026	
孤立	148083	俺の空　三四郎編	2	1994	
孤立	148256	傲慢の時代	2	2026	
孤立	148302	僕が答える君の謎解き	2	2022	
孤立	148542	元魔法少女のお姉さんは恋を知りたい	2	2026	
孤立	148562	兄貴!メシですよ	2	2026	
孤立	148808	冒険者になれなかった俺、スキル「おっぱい矯正」で悩めるあの子を人助け!?	2	2026	
孤立	148818	冒険者酒場の料理人	2	2026	
孤立	149119	別れるために色仕掛けしてみた	2	2026	
孤立	149128	利己的な聖人候補	2	2026	
孤立	149159	前世の記憶を取り戻したので最愛の夫と離縁します	2	2026	
孤立	149162	前世は冷酷皇帝、今世は幼女	2	2026	
孤立	149294	勇者が召喚できません!	2	2026	
孤立	149375	勘違い結婚	2	2026	
孤立	149399	化物嬢ソフィのサロン	2	2026	
孤立	149754	可愛いあなたを壊したい	2	2026	
孤立	149871	名探偵コナン100万ドルの五稜星	2	2026	
孤立	149880	名探偵コナン隻眼の残像	2	2025	
孤立	150061	君を映して離さない	2	2026	
孤立	150069	君主様に胸やけ	2	2026	
孤立	150140	呪われた悪女は獣の執愛に囚われる	2	2026	
孤立	150224	唯一無二の精霊鍛冶師が最強の武具を創るまで	2	2026	
孤立	150225	商人令嬢はお金の力で無双する@COMIC	2	2026	
孤立	150415	図書館の天才少女	2	2026	
孤立	150587	堅物夫が私〈妻〉と浮気しています!?	2	2026	
孤立	150774	外れスキル【毒無効】を得て追放された転生者、たまたま死んでいたSSSラン	2	2026	
孤立	150815	夜と漣	2	2025	
孤立	150975	大きいムキムキ小さいむちむち	2	2026	
孤立	151045	大図書館の羊飼い	2	2013	
孤立	151146	大海賊時代	2	2004	
孤立	151169	大衆食堂アロンダール亭	2	2026	
孤立	151230	天使と悪魔メシ	2	2026	
孤立	151263	天使をイカせてアイテムゲット!!絶頂ガチャでダンジョン攻略!	2	2026	
孤立	151279	天国2.0	2	2026	
孤立	151281	天国での暮らしはどうですか	2	2026	
孤立	151329	天棋 TENKI	2	2026	
孤立	151475	奈落の底で生活して早三年、当時『白魔道士』だった私は『聖魔女』になってい	2	2026	
孤立	151535	女キャラで異世界転移してチートっぽいけど雑魚キャラなので目立たず平和な庶	2	2026	
孤立	151591	女王の狗	2	2026	
孤立	151639	奴隷に鍛えられる異世界生活@COMIC	2	2026	
孤立	152041	婚約者に忘れられた私、隣国の皇太子殿下と偽装婚約することになりました	2	2026	
孤立	152281	完全版 ユンカース・カム・ヒア	2	2000	
孤立	152431	宮廷魔導士は鎖で繋がれ溺愛される	2	2026	
孤立	152469	家事代行のアルバイトを始めたら学園一の美少女の家族に気に入られちゃいまし	2	2026	
孤立	152503	寄生少女ゆうちゃん	2	2026	
孤立	152597	尊い5歳児たちが私に結婚相手を斡旋してきます	2	2026	
孤立	152829	崖っぷち令嬢が4人の仲間と共に王妃になるまで	2	2026	
孤立	152838	嵐に舞うプシュケ	2	2026	
孤立	152857	巡る遊星	2	2026	
孤立	152890	巻き添えで異世界召喚されたおれは、最強騎士団に拾われる	2	2026	
孤立	152893	巻き込まれて召喚された限界OL、ギルド所属の【魔物解体嬢】として奮闘中	2	2026	
孤立	152902	帝国機神ヴォルカミオン	2	2026	
孤立	152982	平成転生	2	2026	
孤立	153001	年上極道は純情な獣	2	2026	
孤立	153340	彼には10の秘密がある。	2	2025	
孤立	153429	後宮の巫女は妃にならない	2	2026	
孤立	153548	復讐は合法的に	2	2026	
孤立	153657	志信さんと僕の謎解きペットショップ@COMIC	2	2023	
孤立	153766	性癖ヤバめなオトコに愛されました。	2	2026	
孤立	153800	怪物王子と毒草使いの姫君	2	2026	
孤立	153877	恋するサイコの白雪くん	2	2026	
孤立	153929	恋とポテトと夏休み	2	2026	
孤立	153961	恋に恋するコイビト関係	2	2026	
孤立	154203	恋色の境界	2	2026	
孤立	154288	悪の令嬢と十二の瞳	2	2026	
孤立	154381	悪役令嬢なので、溺愛なんていりません!	2	2026	
孤立	154410	悪役令嬢のお嫁さま	2	2026	
孤立	154426	悪役令嬢の成り上がり	2	2026	
孤立	154486	悪役令嬢後宮物語～王国激動編～	2	2026	
孤立	154488	悪役令息、好きな人を金で買う	2	2026	
孤立	154499	悪役聖女のやり直し	2	2026	
孤立	154646	惨劇山脈～ヒグマ襲撃～	2	2026	
孤立	155428	捕虜英雄	2	2026	
孤立	155436	捨てられた冤罪令息、麗しき奔放皇女に拾われる。	2	2026	
孤立	155458	捨てられ聖女のもふもふ保護活動	2	2026	
孤立	155465	捨てられ騎士の逆転記!	2	2026	
孤立	155504	探鉱ドワーフめしをくう。	2	2026	
孤立	155557	推しセフ	2	2026	
孤立	155715	救世のアルル	2	2026	
孤立	155725	敗北魔王、勇者の末裔と500年後の社会復帰	2	2026	
孤立	155767	文豪ストレイドッグス探偵社設立秘話	2	2026	
孤立	155893	新妻は筋肉がお好き	2	2026	
孤立	155948	新聞記者ヴィルヘルミナ	2	2026	
孤立	156001	日下部課長の恋はやわらか	2	2026	
孤立	156124	明智ナンバーワン	2	2026	
孤立	156161	星のカービィスーパーデラックス 4コマギャグバトル	2	1997	
孤立	156241	映画は予告編の後に始まる	2	2025	
孤立	156245	映画クレヨンしんちゃん完全コミック	2	2015	
孤立	156264	映画妖怪ウォッチシャドウサイド鬼王の復活	2	2017	
孤立	156302	春待つ椿は恋に咲く	2	2026	
孤立	156353	時を超える影	2	2019	
孤立	156454	暴君皇帝と離婚します	2	2026	
孤立	156474	最上の明医	2	2010	
孤立	156554	最強最悪の裏ボス、転生者と共に破滅フラグ回避を目指す	2	2026	
孤立	156674	月下の秘め恋	2	2026	
孤立	156733	服の魔法をあなたに。	2	2026	
孤立	157014	枯れた花に涙を	2	2026	
孤立	157095	桐生弁護士のXLな愛し方	2	2026	
孤立	157125	森の端っこのちび魔女さん@COMIC	2	2026	
孤立	157161	極めて傲慢たる悪役貴族の所業	2	2026	
孤立	157181	極上御曹司の独占愛	2	2026	
孤立	157202	極悪転生	2	2026	
孤立	157224	極道くん漫遊記	2	1998	
孤立	157233	極道オールアップ!	2	2026	
孤立	157462	機動武道伝Gガンダム	2	1995	
孤立	157477	機械じかけのマリー+	2	2026	
孤立	157495	次の整理	2	2026	
孤立	157669	死噛	2	2026	
孤立	157775	殿下の溺愛はわかりにくい!	2	2026	
孤立	157889	水属性の魔法使い第2部@COMIC	2	2026	
孤立	158031	江口さんちの純情サキュバス	2	2026	
孤立	158167	流刑地公爵妻の魔法改革	2	2026	
孤立	158222	浦さんちのロスタイム	2	2026	
孤立	158543	滅亡国家のやり直し	2	2026	
孤立	158613	漫画版世界の歴史	2	2009	
孤立	158695	灰宮先輩は怖くてかわいい	2	2026	
孤立	158747	烈火の血族	2	2026	
孤立	158750	烏哭村-カラスナキムラ-	2	2026	
孤立	158768	無双の解体師	2	2026	
孤立	158830	無能と言われ続けた魔導師、実は世界最強なのに幽閉されていたので自覚なし	2	2026	
孤立	158906	熟女熱	2	2026	
孤立	158962	爆乳たちに追放されたが戻れと言われても、もう遅……戻りましゅぅぅ!	2	2026	
孤立	159176	狼王弟と白のお嫁さん	2	2026	
孤立	159283	獣は贄に愛されたい	2	2026	
孤立	159368	王子の最恋	2	2026	
孤立	159434	王立魔術学院の鬼畜講師	2	2026	
孤立	159475	現代猟奇伝	2	1990	
孤立	159671	生贄の神は鈴の音に眠る	2	2026	
孤立	159672	生贄乙女の婚礼	2	2026	
孤立	159769	男装の破滅聖女なのに救国騎士が甘やかしてくる	2	2026	
孤立	159911	異世界のおチビちゃんは今日も何かを創り出す	2	2026	
孤立	160096	異世界転生したけど、七合目モブだったので普通に生きる。	2	2026	
孤立	160098	異世界転生したら、推しの敵役のメイドになりました	2	2026	
孤立	160320	白鳥運子は31画	2	2026	
孤立	160589	眠れる森のレガ	2	2026	
孤立	160689	砂漠の国の雨降らし姫	2	2026	
孤立	160855	神仙桃娘宮廷の贄	2	2026	
孤立	161135	私を追放したことを後悔してもらおう	2	2026	
孤立	161380	竜騎士さまとはじめるモフモフ子竜の世話係	2	2026	
孤立	161449	箱入りお嬢様と庶民な俺のやりたい100のこと	2	2026	
孤立	161606	紫苑くんの仰せのまま	2	2026	
孤立	162081	美男ですねフィルムコミック	2	2010	
孤立	162228	聖女だけど闇堕ちしたらひよこになりました!@COMIC	2	2026	
孤立	162243	聖女の妹の尻拭いを仰せつかった、ただの侍女でございます	2	2026	
孤立	162247	聖女の姉ですが、宰相閣下は無能な妹より私がお好きなようですよ?	2	2026	
孤立	162262	聖女ルネスと獣の少年	2	2026	
孤立	162266	聖女様になりたいのに攻撃魔法しか使えないんですけど!?	2	2026	
孤立	162331	肥満令嬢は細くなり、後は傾国の美女〈物理〉として生きるのみ@COMIC	2	2026	
孤立	162575	芝居と呼ぶには恋すぎる	2	2026	
孤立	162590	花とくらげとリフレイン	2	2026	
孤立	162686	花子さん、食べないで	2	2026	
孤立	162769	苦節四年、理想の聖女を演じるのに疲れました	2	2026	
孤立	162771	英傑のドM	2	2026	
孤立	162798	茉莉花ちゃんの好感度はぶっ壊れている	2	2026	
孤立	162826	菜～ふたたび～	2	2026	
孤立	162839	華燭演舞シュシュ	2	2026	
孤立	162848	華麗なる悪女になりたいわ!	2	2026	
孤立	163028	藤見乃フェニックス老人会	2	2026	
孤立	163049	虐げられの魔術師令嬢は、『氷狼宰相』様に溺愛される	2	2026	
孤立	163307	見捨てられた最弱テイマー、封印されていた美少女ドラゴンと契約して最強に至	2	2026	
孤立	163414	訳あり令嬢は調香生活を満喫したい!	2	2026	
孤立	163497	読むたびに幸せを!	2	2026	
孤立	163623	貞操逆転世界で唯一の男騎士の俺、女騎士学園に入学したらなぜか英雄扱いされ	2	2026	
孤立	163719	贄屍忌鯉 ニシキゴイ	2	2026	
孤立	163890	身ごもったら、この結婚は終わりにしましょう	2	2026	
孤立	163940	身体を奪われたわたしと、魔導師のパパ	2	2026	
孤立	164029	転生した空間魔法使いは正体隠して目立ちたい!	2	2026	
孤立	164033	転生してあらゆるモノに好かれながら異世界で好きな事をして生きて行く	2	2026	
孤立	164131	転生悪女の幸せ家族計画	2	2026	
孤立	164140	転生没落令嬢ですが、無神経王子の妃なんて願い下げです	2	2026	
孤立	164161	転生第八王子の幸せ家族計画	2	2026	
孤立	164217	辺境に追放された第5王子は【幸運】スキルでさくさく生き延びます	2	2026	
孤立	164236	辺境領主は大貴族に成り上がる!	2	2026	
孤立	164249	近畿地方のある場所について	2	2026	
孤立	164448	透明人間になったわたしと、わたしに興味がない (はずの) 夫の奇妙な三か	2	2026	
孤立	164517	運命だから諦めて?	2	2026	
孤立	164619	遺品かく語りき	2	2026	
孤立	164631	邪神に拾われた聖女が、もう一度初恋を取り戻すまで	2	2026	
孤立	164723	金のなる森	2	2026	
孤立	164961	間違い勇者の選択	2	2026	
孤立	165033	限界保育士と育児疲れの魔王様	2	2026	
孤立	165088	陽キャになった俺の青春至上主義	2	2026	
孤立	165226	離縁予定の捨てられ令嬢ですが、なぜか次期公爵様の溺愛が始まりました	2	2026	
孤立	165530	顔だけ聖女なのに、死に戻ったら冷酷だった公爵様の本音が甘すぎます!	2	2026	
孤立	165644	首なし精霊様に口づけを	2	2026	
孤立	165646	首領ちゃん	2	2026	
孤立	165650	香国の下剋上	2	2026	
孤立	165682	騎士団の金庫番	2	2026	
孤立	165728	高嶺の花扱いされる悪役令嬢ですが、本音はめちゃくちゃ恋したい	2	2026	
孤立	165775	鬼の軍人と稀血の花嫁	2	2026	
孤立	165791	鬼大尉の生贄花嫁	2	2026	
孤立	165796	鬼嫁うららはメロらせたい	2	2026	
孤立	165824	鬼平犯科帳 two in one encore	2	2016	
孤立	165830	鬼平犯科帳人物伝.	2	2024	
孤立	165850	鬼騎士団長様がキュートな乙女系カフェに毎朝コーヒーを飲みに来ます。	2	2026	
孤立	165932	魔女の犬	2	2026	
孤立	166024	魔法少女は羞恥心で強くなる	2	2026	
孤立	166169	魔道祖師	2	2026	
孤立	166208	鳴るさんだぁ	2	2026	
孤立	166218	鶴子はまだ四十五だから!	2	2026	
孤立	166221	鷲尾さんは楽天的でいたい	2	2026	
孤立	166227	鷹神様と憐れな生贄	2	2026	
孤立	166338	黒巫鏡談	2	2026	
孤立	166413	龍は眠る	2	2026	
孤立	166419	龍玄の方術士	2	2026	
孤立	166772	Laylah	2	2025	
孤立	166777	Q この漫画に見覚えがある方はお知らせください	2	2026	
孤立	166843	ツネタ	2	2026	
孤立	166865	マリッジランドリー	2	2026	
孤立	166866	ミカエルの鼓動	2	2026	
孤立	166899	北部戦士の愛しい花嫁	2	2026	
孤立	166912	嘘つきウルフは淫魔と踊る	2	2026	
孤立	166924	娘飼わんより犬の子飼え	2	2026	
孤立	166988	白虎の初恋	2	2026	
孤立	166997	私を養って!勇者さま	2	2026	
孤立	167013	血契のアナスタシア	2	2026	
親頁あり	44876	City hunter	64	2019	シティーハンター
親頁あり	49656	鎌倉ものがたり・選集	35	2022	三丁目の夕日
親頁あり	40087	ベストバウトオブはじめの一歩!	27	2025	はじめの一歩
親頁あり	52860	新・コータローまかりとおる! 柔道編	27	2018	コータローまかりとおる!
親頁あり	14946	龍狼伝 中原繚乱編	24	2017	龍狼伝
親頁あり	36879	頭文字(イニシャル)D	24	2021	バリバリ伝説
親頁あり	126150	かりあげクン アンコール	21	2015	コボちゃん
親頁あり	39596	バキ道	17	2023	グラップラー刃牙
親頁あり	42252	クレヨンしんちゃんスペシャル	17	2016	クレヨンしんちゃん
親頁あり	4006	江戸前の旬ワイドSP	16	2022	江戸前の旬
親頁あり	7720	酒のほそ道スペシャル	16	2024	酒のほそ道
親頁あり	126551	頭文字 (イニシャル) D	16	2018	バリバリ伝説
親頁あり	34814	かりあげクンDX (デラックス)	14	2020	コボちゃん
親頁あり	7718	酒のほそ道ひと月スペシャル	12	2021	酒のほそ道
親頁あり	39288	本気 (マジ) !	12	2020	本気!
親頁あり	123908	鉄のラインバレル完全版	12	2019	鉄のラインバレル
親頁あり	128332	新装版ああっ女神さまっ	12	2018	ああっ女神さまっ
親頁あり	39582	グラップラー刃牙 最大トーナメント編	11	2017	グラップラー刃牙
親頁あり	39591	バキ 最凶死刑囚編	11	2018	グラップラー刃牙
親頁あり	49336	特命係長只野仁スペシャル	10	2022	翔んだカップル
親頁あり	126764	コミック乱セレクション	10	2017	ゴルゴ13
親頁あり	5735	今日からヒットマンワイドSP	9	2019	今日からヒットマン
親頁あり	24533	弍十手物語	9	2020	必殺闇同心
親頁あり	38168	仕掛人藤枝梅安	9	2026	ゴルゴ13
親頁あり	50134	海皇紀 第2幕	9	2017	修羅の門
親頁あり	4619	魔界転生	8	2020	マンガ三国志
親頁あり	12372	フードファイター喰いしん坊!ワイドSP	8	2015	喧嘩ラーメン
親頁あり	12416	食キングワイドSP	8	2017	喧嘩ラーメン
親頁あり	22018	元祖!浦安鉄筋家族スペシャルワイド	8	2015	浦安鉄筋家族
親頁あり	22454	白竜hadouスペシャル	8	2023	白竜hadou
親頁あり	35855	ドラゴンボール 少年編	8	2016	ドラゴンボール
親頁あり	39270	仁義S (たち)	8	2019	本気!
親頁あり	40625	テニスの王子様 全国大会編	8	2015	新テニスの王子様
親頁あり	40629	テニスの王子様 関東大会編	8	2015	新テニスの王子様
親頁あり	127272	テニスの王子様 都大会編	8	2015	新テニスの王子様
親頁あり	127884	Cat's eye	8	2025	シティーハンター
親頁あり	27210	GT roman	7	2025	GTロマン
親頁あり	33290	ファイブ+	7	2023	ファイブ
親頁あり	39265	仁義 抗争決着編	7	2018	本気!
親頁あり	39602	範馬刃牙 史上最強の親子喧嘩編	7	2015	グラップラー刃牙
親頁あり	49335	特命係長只野仁 ルーキー編	7	2017	翔んだカップル
親頁あり	56721	WジュリエットⅡ	7	2017	Wジュリエット
親頁あり	126775	コミック乱ツインズセレクション	7	2026	ゴルゴ13
親頁あり	127978	バビル2世ザ・リターナー	7	2017	三国志
親頁あり	128821	海皇紀 第1幕	7	2017	修羅の門
親頁あり	16368	ブラックエンジェルズワイドSP	6	2016	ブラック・エンジェルズ
親頁あり	20522	Do Da Dancin'! ヴェネチア国際編	6	2016	Do da dancin'!
親頁あり	24124	歌うたいの黒兎	6	2021	ロッカーのハナコさん
親頁あり	35731	ONE PIECE COLOR WALK	6	2016	ONE PIECE
親頁あり	38198	大判鬼平犯科帳	6	2025	ゴルゴ13
親頁あり	39210	BAMBi	6	2015	Soil
親頁あり	39263	仁義 一円会分裂編	6	2017	本気!
親頁あり	39264	仁義 抗争勃発編	6	2017	本気!
親頁あり	39291	本気! 破門編	6	2015	本気!
親頁あり	45669	幻獣の星座～星獣編～	6	2019	霊感商法株式会社
親頁あり	46324	西遊妖猿伝 西域篇	6	2015	西遊妖猿伝
親頁あり	50135	海皇紀 第3幕	6	2017	修羅の門
親頁あり	55786	TVアニメおそ松さんアニメコミックス	6	2017	天才バカボン
親頁あり	120266	北斗の拳.	6	2024	北斗の拳
親頁あり	121183	江戸前の旬スペシャル	6	2026	江戸前の旬
親頁あり	122650	みそララ+	6	2023	恋愛ラボ
親頁あり	123919	白竜LEGENDスペシャル	6	2017	白竜hadou
親頁あり	124820	新装版ブリザードアクセル	6	2018	七つの大罪
親頁あり	124821	新装版金剛番長	6	2018	七つの大罪
親頁あり	128838	シャコタン★ブギ	6	2015	あいつとララバイ
親頁あり	656	もぐささんは食欲と闘う	5		もぐささん
親頁あり	24994	ねこめ（～わく）	5	2018	ねこめ～わく
親頁あり	27845	ミナミの帝王　ヤング編	5		ミナミの帝王
親頁あり	31831	焼きたて!!ジャぱん～超現実(スーパーリアル)～	5	2021	焼きたて!!ジャぱん
親頁あり	34995	ダイモンズ	5	2015	鉄腕アトム
親頁あり	51476	ドカベン ドリームトーナメント編 別巻	5	2015	ドカベン
親頁あり	125834	東京卍リベンジャーズ～場地圭介からの手紙～	5	2025	新宿スワン
親頁あり	764	悪の秘密結社ネコ	4	2025	ねこようかい
親頁あり	2388	極!!男塾スペシャル	4	2018	魁!!男塾
親頁あり	4803	真島クンすっとばす!!スペシャル	4	2015	陣内流柔術武闘伝 真島クンすっとばす!!
親頁あり	16372	マーダーライセンス牙ワイドSP	4	2017	ブラック・エンジェルズ
親頁あり	18417	ハルの肴スペシャル	4	2016	朔風の挽歌
親頁あり	18759	終のすみかスペシャル	4	2019	SとM
親頁あり	35852	ドラゴンボール ピッコロ大魔王編	4	2016	ドラゴンボール
親頁あり	38130	ゴルゴ13Premium	4	2016	ゴルゴ13
親頁あり	40565	名探偵コナンvs.黒ずくめの男達	4	2023	名探偵コナン
親頁あり	44555	魔探偵ロキ RAGNAROK	4	2015	tactics
親頁あり	50023	孔雀王 退魔聖伝	4	2018	孔雀王
親頁あり	121978	狼の口(ヴォルフスムント)	4	2023	狼の口
親頁あり	122859	恋人は旦那さま～Dear youこれからも～	4	2023	おとなの時間
親頁あり	124546	じゃあ、君の代わりに殺そうか?～プリクエル〈前日譚〉～	4	2024	ドリィ❤キルキル
親頁あり	128275	ハンター×ハンター	4	2024	Hunter×hunter
親頁あり	3182	ばくおん!!～天野恩紗のニコイチ繁盛記～	3	2025	ばくおん!!
親頁あり	11863	荒くれKNIGHT高校爆走編	3		荒くれKNIGHT
親頁あり	12392	大食い甲子園スペシャル	3	2015	喧嘩ラーメン
親頁あり	21793	COJI-COJI	3	2019	ちびまる子ちゃん
親頁あり	22305	カンナさーん! アラフォー編	3	2017	エデンの東北
親頁あり	27211	GT roman	3	2023	GTロマン
親頁あり	27846	ミナミの帝王　ヤング編 利権空港	3		ミナミの帝王
親頁あり	31834	MIXIM★11	3	2015	烈火の炎
親頁あり	35101	亜夜子	3	2020	鉄腕アトム
親頁あり	35416	万能文化猫娘 OVA SERIES	3		3×3EYES
親頁あり	35724	新装版五年生	3	2018	げんしけん
親頁あり	35857	ドラゴンボールGT	3	2019	ドラゴンボール
親頁あり	38050	ベスト・オブ対訳サザエさん	3	2015	サザエさん
親頁あり	38583	島耕作特別版 大町久美子セレクション	3	2018	課長島耕作
親頁あり	39281	弱虫 静かな逃避行編	3	2017	本気!
親頁あり	39294	本気!Ⅱ	3	2021	本気!
親頁あり	39296	本気!サンダーナ	3	2021	本気!
親頁あり	39581	グラップラー刃牙 幼年編	3	2016	グラップラー刃牙
親頁あり	40572	名探偵コナンゼロの執行人	3	2022	名探偵コナン
親頁あり	40584	名探偵コナン業火の向日葵	3	2018	名探偵コナン
親頁あり	40593	名探偵コナン紺青の拳(フィスト)	3	2023	名探偵コナン
親頁あり	45425	石ノ森章太郎コレクション	3	2021	サイボーグ009
親頁あり	51796	メジャー2nd〈TVシリーズ〉	3	2018	MAJOR
親頁あり	52195	競輪王ゼロスペシャル	3	2016	僕
親頁あり	54183	乃木坂明日夏の秘密	3	2020	キョウハクDOG's Another S
親頁あり	54590	夢やしきへようこそ 帝都編	3	2017	夢やしきへようこそ
親頁あり	121565	馬なり1ハロン劇場(シアター)	3	2019	馬なり1ハロン劇場
親頁あり	121823	酒のほそ道DX(デラックス)	3	2019	酒のほそ道
親頁あり	124220	新装版純潔のマリア	3	2019	もやしもん
親頁あり	126125	Capeta 幼少編	3	2018	め組の大吾
親頁あり	127053	本気! (マジ)	3	2020	本気!
親頁あり	127904	ベル・スタア強盗団	3		ジオブリーダーズ
親頁あり	128006	ゆるキャン△アニメコミック	3	2022	ゆるキャン△
親頁あり	128300	バイオレンスジャックスペシャル	3	2015	バイオレンスジャック
親頁あり	129705	戦う!セバスチャン＃	3	2015	戦う!セバスチャン
親頁あり	1793	メダロット コイシマル編	2		メダロット イッキ編
親頁あり	2770	ゴルフは気持ち (メンタル)	2	2019	ゴルフは気持ち
親頁あり	3810	銀行渉外担当竹中治夫 大阪編	2	2018	Ns'あおい
親頁あり	12365	ばくめし!ワイドSP	2	2016	喧嘩ラーメン
親頁あり	12404	極食キングワイドSP	2	2017	喧嘩ラーメン
親頁あり	14947	龍狼伝 王霸立国編	2	2018	龍狼伝
親頁あり	15154	ゴッドハンド輝 症例別セレクション	2	2016	ゴッドハンド輝
親頁あり	15578	ごっつあんですスペシャル	2	2018	ごっつあんです
親頁あり	15600	激動の戦国名合戦	2	2019	ごっつあんです
親頁あり	16360	そしてボクは外道マンになるスペシャル	2	2020	ブラック・エンジェルズ
親頁あり	16384	外道坊ワイドSP	2	2017	ブラック・エンジェルズ
親頁あり	16387	外道坊＆マーダーライセンス牙ワイドSP	2	2017	ブラック・エンジェルズ
親頁あり	20690	ボクと師匠の秘密工房	2	2018	私のおウチはhon屋さん
親頁あり	23086	妖 (アヤカシ ) の乱	2	2020	かもめ☆チャンス
親頁あり	24164	アイムホーム	2	2015	キスより簡単
親頁あり	28411	マトリズムスペシャル	2	2020	マトリズム
親頁あり	28925	ナゾトキ姫は名探偵セレクション	2	2017	ナゾトキ姫は名探偵❤
親頁あり	28952	名探偵コナンゼロの執行人	2	2020	ドラゴンクエスト精霊ルビス伝説
親頁あり	28954	名探偵コナン天空の難破船(ロスト・シップ)	2	2019	ドラゴンクエスト精霊ルビス伝説
親頁あり	28957	名探偵コナン紺青の拳(フィスト)	2	2021	ドラゴンクエスト精霊ルビス伝説
親頁あり	29436	よしえサンのクッキングダンナ	2	2018	気分は形而上
親頁あり	30816	セクシーボイス＆ロボ	2	2016	大日本天狗党絵詞
親頁あり	30933	究極超人あーる	2	2018	機動警察パトレイバー
親頁あり	31751	ルパン三世カリオストロの城	2	2019	ルパン三世
親頁あり	31820	トーキョーカモフラージュアワー	2	2020	ニュートーキョーカモフラージュアワー
親頁あり	34625	Capeta F3マカオグランプリ編	2	2016	め組の大吾
親頁あり	34875	I・L	2	2017	鉄腕アトム
親頁あり	34879	MW (ムウ)	2	2019	鉄腕アトム
親頁あり	34880	MW (ムウ)	2	2018	鉄腕アトム
親頁あり	35445	NARUTO 絆BEST	2	2017	NARUTO
親頁あり	35734	ONE PIECE FILM GOLD	2	2017	ONE PIECE
親頁あり	37056	暴れ同心始末帳	2	2023	血闘者
親頁あり	38906	ホス探へようこそ～another～	2	2019	そりゃないぜBABY
親頁あり	39580	グラップラー刃牙 地下闘技場編	2	2016	グラップラー刃牙
親頁あり	40251	宮本から君へ	2	2019	宮本から君ヘ
親頁あり	40333	聖☆おにいさん「スペシャルセレクション」	2	2016	聖☆おにいさん
親頁あり	40402	GIRLS BE…スペシャル	2	2018	ガチャガチャ
親頁あり	40531	名探偵コナン 11人目のストライカー	2	2015	名探偵コナン
親頁あり	40540	名探偵コナン から紅の恋歌	2	2017	名探偵コナン
親頁あり	40568	名探偵コナンカラーイラスト全集	2	2016	名探偵コナン
親頁あり	40579	名探偵コナン工藤新一セレクション	2	2021	名探偵コナン
親頁あり	40588	名探偵コナン灰原哀セレクション	2	2021	名探偵コナン
親頁あり	40731	SWAN ドイツ編	2	2017	SWAN
親頁あり	40804	ドクシ	2	2022	ホイッスル!
親頁あり	41915	クロコーチスペシャル	2	2020	イリヤッド
親頁あり	42251	クレヨンしんちゃんアンコール!	2	2016	クレヨンしんちゃん
親頁あり	42496	Barレモン・ハート ドラマ・シーズン2エピソード集	2	2016	ダメおやじ
親頁あり	45098	GUSH maniaEX	2	2016	月のうまれる夜
親頁あり	46982	よりぬきチーズスイートホーム	2	2016	ふくふくふにゃーん
親頁あり	48596	映画刀剣乱舞	2	2019	シノビノ
親頁あり	48614	ミスター味っ子 幕末編	2	2017	将太の寿司
親頁あり	50310	森園みるく	2	2019	キアラ
親頁あり	50461	Cat shit one	2	2018	Omega 7
親頁あり	50669	F REGENERATION瑠璃	2	2016	エフ
親頁あり	52379	夢幻紳士 怪奇篇	2	2017	学校怪談
親頁あり	53088	風霊王(かぜおう)	2	2019	10歳からの家族計画
親頁あり	54803	アタック!! ～約束のコート～	2	2015	シュート!
親頁あり	55088	クッキングパパセレクション	2	2017	クッキングパパ
親頁あり	55337	戦う!セバスチャン#	2	2016	戦う!セバスチャン
親頁あり	120397	on BLUE	2	2017	ララの結婚
親頁あり	120726	極カノ～極道とカノジョ～	2	2025	そんな声だしちゃイヤ!
親頁あり	121079	コミック乱ツインズセレクション	2	2025	そば屋幻庵
親頁あり	121473	名門!第三野球部～リスタート～	2	2021	名門!第三野球部
親頁あり	121652	ケン月影珠玉作品選.	2	2024	若殿はつらいよ!
親頁あり	121715	ロボットポンコッツ スペシャリスト編	2	2015	ロボットポンコッツ
親頁あり	121735	魔法少女まどか☆マギカ	2	2022	コスモファミリア*
親頁あり	121824	酒のほそ道ワイドSP	2	2024	酒のほそ道
親頁あり	122212	義風堂々!!直江兼続～前田慶次花語り～	2	2015	前田慶次かぶき旅
親頁あり	122955	フットボール鷹―American football comics	2		巨人の星
親頁あり	123515	本当にあった笑える話	2	2015	ちび本当にあった笑える話
親頁あり	124291	ばく盛!本当にあった〔○生〕ここだけの話祭	2	2017	続少年探偵彼方ぼくらの推理ノート
親頁あり	124355	ねこめ〈～わく〉	2	2020	ねこめ～わく
親頁あり	124881	名探偵コナン業火の向日葵	2	2023	ドラゴンクエスト精霊ルビス伝説
親頁あり	124882	名探偵コナン沈黙の15分(クォーター)	2	2022	ドラゴンクエスト精霊ルビス伝説
親頁あり	125734	恋だの愛だの～君は僕の太陽だ～	2	2025	恋だの愛だの
親頁あり	126315	ONE PIECE FILM RED	2	2023	ONE PIECE
親頁あり	126354	ワンピース	2	2022	ONE PIECE
親頁あり	126859	雲盗り暫平.	2	2024	ゴルゴ13
親頁あり	126999	そんな、14歳。	2	2026	はつこいのいろ
親頁あり	127245	名探偵コナンロマンチックセレクション	2	2016	名探偵コナン
親頁あり	127323	モモ艦長の秘密基地	2	2025	さすらいエマノン
親頁あり	127824	TIGER & BUNNY	2	2022	電影少女
親頁あり	127825	TIGER & BUNNY	2	2022	電影少女
親頁あり	127944	仮面ライダーSPIRITS FORGET MEMORIES	2	2015	サイボーグ009
親頁あり	129049	ドカベン ドリームトーナメント編別巻	2	2016	ドカベン
親頁あり	129258	ギャラリーフェイクセレクション	2	2026	ギャラリーフェイク
親頁あり	129285	新・コータローまかりとおる!  柔道編	2	2017	コータローまかりとおる!
親頁あり	129625	魔女メイドは女王の秘密を知っている。	2	2024	わたしに××しなさい!
親頁あり	129631	アタック!!～約束のコート～	2	2017	シュート!
親頁あり	129792	魔法少女リリカルなのは ViVid FULL COLORS	2	2015	魔法少女リリカルなのはViVid
親頁あり	129812	辺境警備前史～銀のイリュージオ～	2	2026	辺境警備
親頁あり	129884	校内写生＆ストレスフリーク	2		桜通信
親頁あり	129970	悪役令嬢になんかなりません。私は『普通』の公爵令嬢です!～New Rou	2	2025	リヒト
親頁あり	166725	銀色の路	2	2026	ナムジ
親頁あり	166757	スピナーベイト	2	2026	セトウツミ
親頁あり	166762	魔法少女リリカルなのはmovie 1st the comics	2	2026	魔法少女リリカルなのはViVid
