slug	title	edition	vol	verdict	detail
anmitsuhime	あんみつ姫	bunkobon	2	NG_SEED2_EXISTS	
wild-7	ワイルド7	deluxe	5	NG_NOBIND	
wild-7	ワイルド7	deluxe	7	NG_SEED2_EXISTS	
wild-7	ワイルド7	deluxe	8	NG_NOBIND	
wild-7	ワイルド7	deluxe	10	NG_NOBIND	
wild-7	ワイルド7	deluxe	11	NG_NOBIND	
wild-7	ワイルド7	deluxe	12	NG_NOBIND	
wild-7	ワイルド7	deluxe	17	NG_SEED2_EXISTS	
wild-7	ワイルド7	deluxe	18	NG_NOBIND	
wild-7	ワイルド7	deluxe	19	NG_NOBIND	
wild-7	ワイルド7	deluxe	20	NG_NOBIND	
wild-7	ワイルド7	deluxe	24	NG_NOBIND	
sasurai-no-gambler	さすらいのギャンブラー	standard	3	OK	rakuten:9784643950212
esper-mami-1996-2	エスパー魔美	standard	3	NG_SEED2_EXISTS	
kariage-kun	かりあげクン	standard	51	NG_SEED2_EXISTS	
kariage-kun	かりあげクン	standard	52	NG_SEED2_EXISTS	
kariage-kun	かりあげクン	standard	53	NG_SEED2_EXISTS	
kariage-kun	かりあげクン	standard	54	NG_SEED2_EXISTS	
kariage-kun	かりあげクン	standard	55	NG_SEED2_EXISTS	
kariage-kun	かりあげクン	standard	56	NG_SEED2_EXISTS	
kariage-kun	かりあげクン	standard	57	NG_SEED2_EXISTS	
kariage-kun	かりあげクン	standard	58	NG_SEED2_EXISTS	
kariage-kun	かりあげクン	standard	59	NG_SEED2_EXISTS	
kariage-kun	かりあげクン	standard	60	NG_SEED2_EXISTS	
honnyaragokko-kariage-kun	ほんにゃらゴッコ かりあげクン	standard	29	NG_SEED2_EXISTS	
honnyaragokko-kariage-kun	ほんにゃらゴッコ かりあげクン	standard	31	NG_SEED2_EXISTS	
tiger-mask-nisei	タイガーマスク二世	standard	2	NG_SEED2_EXISTS	
furusato	ふるさと	standard	4	NG_SEED2_EXISTS	
bar-lemon-heart-2014	BARレモン・ハート	standard	2	NG_SEED2_EXISTS	
bar-lemon-heart-2014	BARレモン・ハート	standard	3	NG_SEED2_EXISTS	
bar-lemon-heart-2014	BARレモン・ハート	standard	4	NG_SEED2_EXISTS	
bar-lemon-heart-2014	BARレモン・ハート	standard	6	NG_SEED2_EXISTS	
bar-lemon-heart-2014	BARレモン・ハート	standard	7	NG_SEED2_EXISTS	
bar-lemon-heart-2014	BARレモン・ハート	standard	8	NG_SEED2_EXISTS	
bar-lemon-heart-2014	BARレモン・ハート	standard	17	NG_SEED2_EXISTS	
bar-lemon-heart-2014	BARレモン・ハート	standard	19	NG_SEED2_EXISTS	
bar-lemon-heart-2014	BARレモン・ハート	standard	20	NG_SEED2_EXISTS	
bar-lemon-heart-2014	BARレモン・ハート	standard	21	NG_SEED2_EXISTS	
bar-lemon-heart-2014	BARレモン・ハート	standard	22	NG_SEED2_EXISTS	
bar-lemon-heart-2014	BARレモン・ハート	standard	26	NG_SEED2_EXISTS	
shiyounan-bakusouzoku	湘南爆走族	standard	5	NG_SEED2_EXISTS	
maji	本気!	bunkobon	18	NG_SEED2_EXISTS	
osomatsu-kun	おそ松くん	deluxe	3	NG_SEED2_EXISTS	
osomatsu-kun	おそ松くん	deluxe	4	NG_SEED2_EXISTS	
osomatsu-kun	おそ松くん	deluxe	5	NG_PREFIX	
myououden-rei	明王伝レイ	deluxe	11	NG_SEED2_EXISTS	
myououden-rei	明王伝レイ	deluxe	12	NG_SEED2_EXISTS	
shippo-ga-tomodachi	シッポがともだち	deluxe	2	NG_SEED2_EXISTS	
hata-manjirou-no-omoshiro-zukan	はた万次郎のおもしろ図鑑	wideban	3	OK	rakuten:9784088610542
hata-manjirou-no-omoshiro-zukan	はた万次郎のおもしろ図鑑	wideban	4	OK	rakuten:9784088610559
hata-manjirou-no-omoshiro-zukan	はた万次郎のおもしろ図鑑	wideban	5	OK	rakuten:9784088610566
hata-manjirou-no-omoshiro-zukan	はた万次郎のおもしろ図鑑	wideban	6	OK	rakuten:9784088610573
basutaado	バスタード	standard	2	OK	ndl:9784089010587
basutaado	バスタード	standard	4	NG_SEED2_EXISTS	
basutaado	バスタード	standard	5	NG_SEED2_EXISTS	
basutaado	バスタード	standard	6	NG_SEED2_EXISTS	
basutaado	バスタード	standard	7	NG_SEED2_EXISTS	
basutaado	バスタード	standard	8	NG_SEED2_EXISTS	
basutaado	バスタード	standard	9	NG_SEED2_EXISTS	
basutaado	バスタード	standard	14	NG_SEED2_EXISTS	
tokyo-babylon	東京BABYLON	standard	4	NG_SEED2_EXISTS	
heba-hello-chan	へば!Helloちゃん	deluxe	3	NG_SEED2_EXISTS	
fire-emblem-watanabe-1992	ファイアーエムブレム	standard	4	NG_SEED2_EXISTS	
yume-maboroshi-no-gotoku	夢幻の如く	standard	5	NG_SEED2_EXISTS	
chou-puroresu-fun-rendetsu	最狂超プロレスファン烈伝	deluxe	2	NG_NOBIND	
joker	JOKER	standard	2	NG_SEED2_EXISTS	
platonic	プラトニック	standard	2	NG_SEED2_EXISTS	
x-men-1994-4	エックスメン	standard	3	NG_SEED2_EXISTS	
x-men-1994-4	エックスメン	standard	4	NG_SEED2_EXISTS	
x-men-1994-4	エックスメン	standard	5	NG_SEED2_EXISTS	
x-men-1994-4	エックスメン	standard	6	NG_SEED2_EXISTS	
x-men-1994-4	エックスメン	standard	7	NG_SEED2_EXISTS	
x-men-1994-4	エックスメン	standard	8	NG_SEED2_EXISTS	
x-men-1994-4	エックスメン	standard	9	NG_SEED2_EXISTS	
x-men-1994-4	エックスメン	standard	10	NG_SEED2_EXISTS	
x-men-1994-4	エックスメン	standard	11	NG_SEED2_EXISTS	
onmyouji	陰陽師	deluxe	3	NG_PREFIX	
sprite-arimura-1995	SPRITE	standard	4	NG_SEED2_EXISTS	
b-t-x	ビート・エックス	standard	13	NG_SEED2_EXISTS	
b-t-x	ビート・エックス	standard	14	NG_SEED2_EXISTS	
b-t-x	ビート・エックス	standard	15	NG_SEED2_EXISTS	
kiss-de-goukaku	Kissで合格	standard	2	NG_SEED2_EXISTS	
shinpi-no-sekai-eruhazaado-tsubura-1996	神秘の世界エルハザード	standard	2	NG_PREFIX	
yasei-densetsu	野性伝説	bunkobon	3	NG_SEED2_EXISTS	
meitantei-conan-tokubetsuhen-2016	名探偵コナン 特別編	standard	3	NG_SEED2_EXISTS	
meitantei-conan-tokubetsuhen-2016	名探偵コナン 特別編	standard	4	NG_SEED2_EXISTS	
meitantei-conan-tokubetsuhen-2016	名探偵コナン 特別編	standard	5	NG_SEED2_EXISTS	
meitantei-conan-tokubetsuhen-2016	名探偵コナン 特別編	standard	7	NG_SEED2_EXISTS	
meitantei-conan-tokubetsuhen-2016	名探偵コナン 特別編	standard	8	NG_SEED2_EXISTS	
meitantei-conan-tokubetsuhen-2016	名探偵コナン 特別編	standard	9	NG_SEED2_EXISTS	
meitantei-conan-tokubetsuhen-2016	名探偵コナン 特別編	standard	10	NG_SEED2_EXISTS	
meitantei-conan-tokubetsuhen-2016	名探偵コナン 特別編	standard	11	NG_SEED2_EXISTS	
meitantei-conan-tokubetsuhen-2016	名探偵コナン 特別編	standard	12	NG_SEED2_EXISTS	
meitantei-conan-tokubetsuhen-2016	名探偵コナン 特別編	standard	13	NG_SEED2_EXISTS	
meitantei-conan-tokubetsuhen-2016	名探偵コナン 特別編	standard	14	NG_SEED2_EXISTS	
meitantei-conan-tokubetsuhen-2016	名探偵コナン 特別編	standard	15	NG_SEED2_EXISTS	
meitantei-conan-tokubetsuhen-2016	名探偵コナン 特別編	standard	43	NG_SEED2_EXISTS	
meitantei-conan-tokubetsuhen-2016	名探偵コナン 特別編	standard	44	NG_SEED2_EXISTS	
meitantei-conan-tokubetsuhen-2016	名探偵コナン 特別編	standard	45	NG_SEED2_EXISTS	
meitantei-conan-tokubetsuhen-2016	名探偵コナン 特別編	standard	46	NG_SEED2_EXISTS	
meitantei-conan-tokubetsuhen-2016	名探偵コナン 特別編	standard	47	NG_SEED2_EXISTS	
meitantei-conan-tokubetsuhen-2016	名探偵コナン 特別編	standard	48	NG_SEED2_EXISTS	
meitantei-conan-tokubetsuhen-2016	名探偵コナン 特別編	standard	49	NG_SEED2_EXISTS	
meitantei-conan-2005	名探偵コナン特別編	standard	3	NG_SEED2_EXISTS	
meitantei-conan-2005	名探偵コナン特別編	standard	4	NG_SEED2_EXISTS	
meitantei-conan-2005	名探偵コナン特別編	standard	8	NG_SEED2_EXISTS	
meitantei-conan-2005	名探偵コナン特別編	standard	9	NG_SEED2_EXISTS	
meitantei-conan-2005	名探偵コナン特別編	standard	12	NG_SEED2_EXISTS	
meitantei-conan-2005	名探偵コナン特別編	standard	15	NG_SEED2_EXISTS	
meitantei-conan-2005	名探偵コナン特別編	standard	43	NG_SEED2_EXISTS	
meitantei-conan-2005	名探偵コナン特別編	standard	44	NG_SEED2_EXISTS	
meitantei-conan-2005	名探偵コナン特別編	standard	45	NG_SEED2_EXISTS	
meitantei-conan-2005	名探偵コナン特別編	standard	46	NG_SEED2_EXISTS	
meitantei-conan-2005	名探偵コナン特別編	standard	47	NG_SEED2_EXISTS	
meitantei-conan-2005	名探偵コナン特別編	standard	48	NG_SEED2_EXISTS	
meitantei-conan-2005	名探偵コナン特別編	standard	49	NG_SEED2_EXISTS	
rave	Rave	standard	9	NG_SEED2_EXISTS	
samurai-deeper-kyo	SAMURAI DEEPER KYO	standard	35	NG_SEED2_EXISTS	
fire-emblem-seisen-no-keifu	ファイアーエムブレム聖戦の系譜	standard	2	NG_SEED2_EXISTS	
fire-emblem-seisen-no-keifu	ファイアーエムブレム聖戦の系譜	standard	3	NG_SEED2_EXISTS	
fire-emblem-seisen-no-keifu	ファイアーエムブレム聖戦の系譜	standard	4	NG_SEED2_EXISTS	
fire-emblem-seisen-no-keifu	ファイアーエムブレム聖戦の系譜	standard	5	NG_SEED2_EXISTS	
fire-emblem-seisen-no-keifu	ファイアーエムブレム聖戦の系譜	standard	6	NG_SEED2_EXISTS	
fire-emblem-seisen-no-keifu	ファイアーエムブレム聖戦の系譜	standard	9	NG_SEED2_EXISTS	
fire-emblem-seisen-no-keifu	ファイアーエムブレム聖戦の系譜	standard	10	NG_SEED2_EXISTS	
fire-emblem-seisen-no-keifu	ファイアーエムブレム聖戦の系譜	standard	11	NG_SEED2_EXISTS	
beck	BECK	deluxe	9	OK	ndl:9784065389478
red-eyes	red Eyes	deluxe	8	NG_SEED2_EXISTS	
red-eyes	red Eyes	deluxe	9	NG_SEED2_EXISTS	
red-eyes	red Eyes	deluxe	10	NG_SEED2_EXISTS	
red-eyes	red Eyes	deluxe	11	NG_SEED2_EXISTS	
red-eyes	red Eyes	deluxe	12	NG_SEED2_EXISTS	
red-eyes	red Eyes	deluxe	13	NG_SEED2_EXISTS	
red-eyes	red Eyes	deluxe	14	NG_SEED2_EXISTS	
red-eyes	red Eyes	deluxe	15	NG_SEED2_EXISTS	
red-eyes	red Eyes	deluxe	16	NG_SEED2_EXISTS	
red-eyes	red Eyes	deluxe	17	NG_SEED2_EXISTS	
red-eyes	red Eyes	deluxe	18	NG_SEED2_EXISTS	
red-eyes	red Eyes	deluxe	19	NG_SEED2_EXISTS	
red-eyes	red Eyes	deluxe	20	NG_SEED2_EXISTS	
red-eyes	red Eyes	deluxe	21	NG_SEED2_EXISTS	
red-eyes	red Eyes	deluxe	22	NG_SEED2_EXISTS	
red-eyes	red Eyes	deluxe	23	NG_SEED2_EXISTS	
red-eyes	red Eyes	deluxe	24	NG_SEED2_EXISTS	
red-eyes	red Eyes	deluxe	25	NG_SEED2_EXISTS	
red-eyes	red Eyes	deluxe	26	NG_SEED2_EXISTS	
harukanaru-toki-no-naka-de	遙かなる時空の中で	standard	9	NG_SEED2_EXISTS	
damenzu-walker	だめんず・うぉ～か～	standard	5	OK	rakuten:9784594041014
pururun-seminar	ぷるるんゼミナール	standard	3	OK	rakuten:9784575826142
pururun-seminar	ぷるるんゼミナール	standard	4	OK	rakuten:9784575826388
pururun-seminar	ぷるるんゼミナール	standard	5	OK	rakuten:9784575826616
sky-high	スカイハイ	standard	3	NG_PREFIX	
nhk-sono-toki-rekishi-ga-ugoita	NHKその時歴史が動いた	standard	2	NG_SEED2_EXISTS	
tenka-musou	天下無双	deluxe	3	OK	rakuten:9784088594514
bakuon-rettou	爆音列島	standard	10	OK	rakuten:9784063144413
onmitsu-kenshi	隠密剣士	deluxe	3	OK	rakuten:9784088594767
onmitsu-kenshi	隠密剣士	standard	2	NG_SEED2_EXISTS	
toaru-kagaku-no-railgun	とある科学の超電磁砲	standard	13	NG_SEED2_EXISTS	
toaru-kagaku-no-railgun	とある科学の超電磁砲	standard	14	NG_SEED2_EXISTS	
toaru-kagaku-no-railgun	とある科学の超電磁砲	standard	15	NG_SEED2_EXISTS	
toaru-kagaku-no-railgun	とある科学の超電磁砲	standard	16	NG_SEED2_EXISTS	
toaru-kagaku-no-railgun	とある科学の超電磁砲	standard	17	NG_SEED2_EXISTS	
toaru-kagaku-no-railgun	とある科学の超電磁砲	standard	18	NG_SEED2_EXISTS	
guranpuri-tengoku	グランプリ天国	standard	2	NG_SEED2_EXISTS	
euromanga	euromanga	standard	2	NG_SEED2_EXISTS	
euromanga	euromanga	standard	3	NG_SEED2_EXISTS	
euromanga	euromanga	standard	4	NG_SEED2_EXISTS	
euromanga	euromanga	standard	5	NG_SEED2_EXISTS	
euromanga	euromanga	standard	6	NG_SEED2_EXISTS	
shima-kousaku-zenshuu	島耕作全集	standard	4	NG_SEED2_EXISTS	
shima-kousaku-zenshuu	島耕作全集	standard	6	NG_SEED2_EXISTS	
shima-kousaku-zenshuu	島耕作全集	standard	7	NG_SEED2_EXISTS	
shima-kousaku-zenshuu	島耕作全集	standard	8	NG_SEED2_EXISTS	
jump-sq-comic-selection	ジャンプSQ.Comic Selection	standard	4	NG_SEED2_EXISTS	
s	S	standard	13	NG_SEED2_EXISTS	
uta-no-purinsusamatsu	うたの☆プリンスさまっ♪	standard	2	NG_PREFIX	
meshibana-deka-tachibana	めしばな刑事タチバナ	standard	55	OK	ndl:9784197806621
gokudoumeshi	極道めし	standard	2	NG_DATEFIT	
gokudoumeshi	極道めし	standard	3	NG_DATEFIT	
gokudoumeshi	極道めし	standard	4	NG_DATEFIT	
gokudoumeshi	極道めし	standard	5	NG_DATEFIT	
gokudoumeshi	極道めし	standard	6	NG_DATEFIT	
kaina	腕	standard	2	NG_PREFIX	
gate	ゲート	standard	26	OK	ndl:9784434350016
shin-mimibukuro	新耳袋	standard	2	NG_PREFIX	
shin-mimibukuro	新耳袋	standard	3	NG_PREFIX	
shin-mimibukuro	新耳袋	standard	4	NG_PREFIX	
kantai-collection-kancolle-4-koma-comic	艦隊これくしょん-艦これ-4コマコミック	standard	3	NG_SEED2_EXISTS	
kantai-collection-kancolle-4-koma-comic	艦隊これくしょん-艦これ-4コマコミック	standard	4	NG_SEED2_EXISTS	
kantai-collection-kancolle-4-koma-comic-fubuki-ganbarimasu	艦隊これくしょん-艦これ-4コマコミック 吹雪、がんばります!	standard	3	NG_SEED2_EXISTS	
kantai-collection-kancolle-4-koma-comic-fubuki-ganbarimasu	艦隊これくしょん-艦これ-4コマコミック 吹雪、がんばります!	standard	4	NG_SEED2_EXISTS	
fate-strange-fake-2019	フェイト/ストレンジフェイク	standard	2	NG_SEED2_EXISTS	
kusuriya-no-hitorigoto-shino-2017	薬屋のひとりごと	standard	7	NG_SEED2_EXISTS	
kusuriya-no-hitorigoto-shino-2017	薬屋のひとりごと	standard	8	NG_SEED2_EXISTS	
kusuriya-no-hitorigoto-shino-2017	薬屋のひとりごと	standard	9	NG_SEED2_EXISTS	
kusuriya-no-hitorigoto-shino-2017	薬屋のひとりごと	standard	11	NG_SEED2_EXISTS	
kusuriya-no-hitorigoto-shino-2017	薬屋のひとりごと	standard	12	NG_SEED2_EXISTS	
kusuriya-no-hitorigoto-shino-2017	薬屋のひとりごと	standard	13	NG_SEED2_EXISTS	
douyara-watashi-no-karada-wa-kanzen-muteki-no-youdesune	どうやら私の身体は完全無敵のようですね	standard	2	NG_SEED2_EXISTS	
douyara-watashi-no-karada-wa-kanzen-muteki-no-youdesune	どうやら私の身体は完全無敵のようですね	standard	3	NG_SEED2_EXISTS	
isekai-ni-kita-mitai-dakedo-dousureba-yoinodarou	異世界に来たみたいだけど如何すれば良いのだろう	standard	2	NG_SEED2_EXISTS	
isekai-ni-kita-mitai-dakedo-dousureba-yoinodarou	異世界に来たみたいだけど如何すれば良いのだろう	standard	3	NG_SEED2_EXISTS	
kumo-desu-nanika	蜘蛛ですが、なにか?	standard	7	NG_PREFIX	
kumo-desu-nanika	蜘蛛ですが、なにか?	standard	8	NG_PREFIX	
kumo-desu-nanika	蜘蛛ですが、なにか?	standard	9	NG_PREFIX	
kumo-desu-nanika	蜘蛛ですが、なにか?	standard	10	NG_PREFIX	
kumo-desu-nanika	蜘蛛ですが、なにか?	standard	11	NG_PREFIX	
kumo-desu-nanika	蜘蛛ですが、なにか?	standard	12	NG_PREFIX	
kumo-desu-nanika	蜘蛛ですが、なにか?	standard	13	NG_PREFIX	
kumo-desu-nanika	蜘蛛ですが、なにか?	standard	14	NG_PREFIX	
niwatori-fighter	ニワトリ・ファイター	standard	10	OK	rakuten:9784868050834
koigakubo-kun-ni-hajimete-o-ubawaremashita-2023	恋ヶ窪くんにはじめてを奪われました	standard	6	NG_SEED2_EXISTS	
koigakubo-kun-ni-hajimete-o-ubawaremashita-2023	恋ヶ窪くんにはじめてを奪われました	standard	7	NG_SEED2_EXISTS	
koigakubo-kun-ni-hajimete-o-ubawaremashita-2023	恋ヶ窪くんにはじめてを奪われました	deluxe	8	OK	rakuten:9784065372333
densetsu-no-yarichin-vs-teppeki-no-shiriana	伝説のヤリチンvs鉄壁の尻穴	standard	2	NG_SEED2_EXISTS	
densetsu-no-yarichin-vs-teppeki-no-shiriana	伝説のヤリチンvs鉄壁の尻穴	standard	3	NG_SEED2_EXISTS	
