class	slug	edition	vol	isbn	note
SAFE	uchuu-battleship-yamato	bunkobon	2	9784840129497	
SAFE	esper-mami-1996-2	standard	3	9784091423177	
SAFE	sora-ga-suki	standard	2	9784091300225	
SAFE	tanpopo-san-no-uta	standard	3	9784575992564	
SAFE	shinpan-himitsu-tantei-jieiei	bunkobon	10	9784253016759	
SAFE	heart-kiyatsuchi-izumichiyan	standard	6	9784061736764	
SAFE	gegege-no-kitarou-1987	standard	2	9784091431493	
SAFE	tokyo-monogatari	standard	7	9784088572871	
SAFE	tokyo-monogatari	standard	8	9784088572888	
SAFE	super-mario-kun	standard	6	9784091417664	
SAFE	super-mario-kun	standard	7	9784091417671	
SAFE	super-mario-kun	standard	8	9784091417688	
SAFE	super-mario-kun	standard	9	9784091417695	
SAFE	super-mario-kun	standard	10	9784091417701	
SAFE	super-mario-kun	standard	11	9784091422415	
SAFE	super-mario-kun	standard	12	9784091422422	
SAFE	super-mario-kun	standard	13	9784091422439	
SAFE	super-mario-kun	standard	14	9784091422446	
SAFE	super-mario-kun	standard	15	9784091422453	
SAFE	super-mario-kun	standard	16	9784091422460	
SAFE	super-mario-kun	standard	17	9784091422477	
SAFE	super-mario-kun	standard	18	9784091422484	
SAFE	super-mario-kun	standard	19	9784091422491	
SAFE	super-mario-kun	standard	20	9784091422507	
SAFE	super-mario-kun	standard	21	9784091426918	
SAFE	super-mario-kun	standard	22	9784091426925	
SAFE	super-mario-kun	standard	23	9784091426932	
SAFE	super-mario-kun	standard	24	9784091426949	
SAFE	super-mario-kun	standard	25	9784091426956	
SAFE	super-mario-kun	standard	26	9784091426963	
SAFE	super-mario-kun	standard	27	9784091426970	
SAFE	super-mario-kun	standard	28	9784091426987	
SAFE	super-mario-kun	standard	29	9784091426994	
SAFE	super-mario-kun	standard	30	9784091427007	
SAFE	super-mario-kun	standard	31	9784091432216	
SAFE	super-mario-kun	standard	32	9784091432223	
SAFE	bonbaaman-4-koma-manga-oukoku	standard	2	9784575933949	
SAFE	hanamori-no-kitsune	standard	2	9784257902379	
SAFE	meitantei-conan-tokubetsuhen-2016	standard	5	9784091626219	
SAFE	meitantei-conan-tokubetsuhen-2016	standard	7	9784091626530	
SAFE	meitantei-conan-tokubetsuhen-2016	standard	10	9784091626790	
SAFE	meitantei-conan-tokubetsuhen-2016	standard	11	9784091626943	
SAFE	meitantei-conan-tokubetsuhen-2016	standard	13	9784091627100	
SAFE	meitantei-conan-tokubetsuhen-2016	standard	14	9784091627186	
SAFE	meitantei-conan-2005	standard	3	9784091625861	
SAFE	meitantei-conan-2005	standard	4	9784091625977	
SAFE	meitantei-conan-2005	standard	8	9784091626615	
SAFE	meitantei-conan-2005	standard	9	9784091626721	
SAFE	meitantei-conan-2005	standard	12	9784091627001	
SAFE	meitantei-conan-2005	standard	15	9784091630124	
SAFE	la-blue-girl	standard	2	9784915858314	
SAFE	gold-2004	standard	3	9784785921460	
SAFE	gold-2004	standard	4	9784785921859	
SAFE	gold-2004	standard	5	9784785922191	
SAFE	gold-2004	standard	6	9784785922573	
SAFE	gold-2004	standard	7	9784785923334	
SAFE	gold-2004	standard	8	9784785923778	
SAFE	uiui-days	standard	5	9784812467220	
SAFE	dokaben-super-sutaazuhen	bunkobon	18	9784253178624	
SAFE	ziggurat	standard	5	9784799206775	
SAFE	ziggurat	standard	6	9784799209790	
SAFE	ziggurat	standard	7	9784799218761	
SAFE	ningen-shikkaku-ito-2010	standard	2	9784107715425	
SAFE	gokudoumeshi	standard	2	9784575834192	
SAFE	gokudoumeshi	standard	3	9784575835199	
SAFE	gokudoumeshi	standard	4	9784575836158	
SAFE	gokudoumeshi	standard	5	9784575836868	
SAFE	gokudoumeshi	standard	6	9784575837971	
SAFE	yuugiou-zearu	standard	6	9784088800189	
SAFE	yuugiou-zearu	standard	7	9784088801698	
SAFE	chibi-hontou-ni-atta-waraeru-hanashi	standard	153	9784821136179	
MERGE	anmitsuhime	bunkobon	2	9784061765221	anmitsuhime
MERGE	kariage-kun	standard	51	9784575943429	honnyaragokko-kariage-kun
MERGE	kariage-kun	standard	52	9784575943696	honnyaragokko-kariage-kun
MERGE	kariage-kun	standard	53	9784575943887	honnyaragokko-kariage-kun
MERGE	kariage-kun	standard	54	9784575944013	honnyaragokko-kariage-kun
MERGE	kariage-kun	standard	55	9784575944259	honnyaragokko-kariage-kun
MERGE	kariage-kun	standard	56	9784575944525	honnyaragokko-kariage-kun
MERGE	kariage-kun	standard	57	9784575944648	honnyaragokko-kariage-kun
MERGE	kariage-kun	standard	58	9784575944747	honnyaragokko-kariage-kun
MERGE	kariage-kun	standard	59	9784575944907	honnyaragokko-kariage-kun
MERGE	kariage-kun	standard	60	9784575945027	honnyaragokko-kariage-kun
MERGE	ninja-hattori-kun	standard	6	9784091404862	ninjahattori-kun
MERGE	ninja-hattori-kun	standard	7	9784091404879	ninjahattori-kun
MERGE	ninja-hattori-kun	standard	8	9784091404886	ninjahattori-kun
MERGE	ninja-hattori-kun	standard	9	9784091404893	ninjahattori-kun
MERGE	furusato	standard	4	9784575724141	furusato
MERGE	comic-chuurippu	standard	14	9784803313185	comic-chuurippu-1988
MERGE	comic-tulip	standard	14	9784803313185	comic-chuurippu-1988
MERGE	out	standard	12	9784253141727	out-mizuta-2025
MERGE	out	standard	13	9784253141734	out-mizuta-2025
MERGE	out	standard	14	9784253141741	out-mizuta-2025
MERGE	out	standard	15	9784253141758	out-mizuta-2025
MERGE	out	standard	16	9784253141765	out-mizuta-2025
MERGE	out	standard	17	9784253141772	out-mizuta-2025
MERGE	out	standard	18	9784253141789	out-mizuta-2025
MERGE	out	standard	19	9784253141796	out-mizuta-2025
MERGE	out	standard	20	9784253141802	out-mizuta-2025
MERGE	out	standard	21	9784253305013	out-mizuta-2025
MERGE	out	standard	22	9784253305020	out-mizuta-2025
MERGE	out	standard	23	9784253305037	out-mizuta-2025
MERGE	out	standard	24	9784253305044	out-mizuta-2025
MERGE	out	standard	25	9784253305051	out-mizuta-2025
MERGE	out	standard	27	9784253305075	out-mizuta-2025
MERGE	out	standard	28	9784253004688	out-mizuta-2025
MERGE	bikkuriman-omoshirorando	standard	4	9784253099325	bikkuriman-omoshiro-land
MERGE	manga-ningen-no-jouken	standard	2	9784794503152	ningen-no-jouken
MERGE	hana-takeda-1988	standard	3	9784091515032	hana
MERGE	quartet	standard	2	9784088750620	karutteto
MERGE	tokyo-babylon	standard	4	9784403500299	tokyo-babylon
MERGE	fire-emblem-watanabe-1992	standard	4	9784048527903	fire-emblem-watanabe-1992
MERGE	yume-maboroshi-no-gotoku	standard	5	9784086188487	yume-maboroshi-no-gotoku
MERGE	x-men-1994-3	standard	2	9784884757106	x-men-1994-4
MERGE	x-men-1994-3	standard	7	9784884757397	x-men-1994-5
MERGE	x-men-1994-3	standard	12	9784884757441	x-men-1994-4
MERGE	x-men-1994-5	standard	11	9784884757434	x-men-1994-3
MERGE	x-men-1994-5	standard	12	9784884757441	x-men-1994-4
MERGE	x-men-1994	standard	7	9784884757397	x-men-1994-5
MERGE	x-men-1994	standard	11	9784884757434	x-men-1994-3
MERGE	x-men-1994	standard	12	9784884757441	x-men-1994-4
MERGE	x-men-1994-4	standard	3	9784884757304	x-men-1994-3
MERGE	x-men-1994-4	standard	4	9784884757311	x-men-1994-3,x-men-1994-5,x-men-1994
MERGE	x-men-1994-4	standard	5	9784884757328	x-men-1994-3,x-men-1994-5,x-men-1994
MERGE	x-men-1994-4	standard	6	9784884757380	x-men-1994-3,x-men-1994-5,x-men-1994
MERGE	x-men-1994-4	standard	7	9784884757397	x-men-1994-5
MERGE	x-men-1994-4	standard	8	9784884757403	x-men-1994-3,x-men-1994-5,x-men-1994
MERGE	x-men-1994-4	standard	9	9784884757410	x-men-1994-3,x-men-1994-5,x-men-1994
MERGE	x-men-1994-4	standard	10	9784884757427	x-men-1994-3,x-men-1994-5,x-men-1994
MERGE	x-men-1994-4	standard	11	9784884757434	x-men-1994-3
MERGE	bird	standard	2	9784575819694	bird-1994
MERGE	kiss-de-goukaku	standard	2	9784088623559	kiss-de-goukaku
MERGE	hana-1996	standard	3	9784091515032	hana
MERGE	meitantei-conan-2005	standard	43	9784091426741	meitantei-conan-tokubetsuhen-2016
MERGE	meitantei-conan-2005	standard	44	9784091430151	meitantei-conan-tokubetsuhen-2016
MERGE	shadow-skill	standard	5	9784063721348	shadow-skill
MERGE	shadow-skill	standard	6	9784063759235	shadow-skill
MERGE	shadow-skill	standard	7	9784063760408	shadow-skill
MERGE	rave	standard	9	9784063129502	choukanden-shoujo-mona
MERGE	fire-emblem-seisen-no-keifu	standard	2	9784840110945	fire-emblem-seisen-no-keifu
MERGE	fire-emblem-seisen-no-keifu	standard	3	9784840111188	fire-emblem-seisen-no-keifu
MERGE	fire-emblem-seisen-no-keifu	standard	4	9784840111270	fire-emblem-seisen-no-keifu
MERGE	fire-emblem-seisen-no-keifu	standard	5	9784840111379	fire-emblem-seisen-no-keifu
MERGE	fire-emblem-seisen-no-keifu	standard	6	9784840111522	fire-emblem-seisen-no-keifu
MERGE	fire-emblem-seisen-no-keifu	standard	9	9784840111935	fire-emblem-seisen-no-keifu
MERGE	fire-emblem-seisen-no-keifu	standard	10	9784840112123	fire-emblem-seisen-no-keifu
MERGE	fire-emblem-seisen-no-keifu	standard	11	9784840112277	fire-emblem-seisen-no-keifu
MERGE	star-ocean-second-story	standard	5	9784757503830	star-ocean-the-second-story
MERGE	gold-2004	standard	2	9784785921101	gold-2
MERGE	bartender	standard	2	9784088594958	bartender
MERGE	bartender	standard	3	9784088595283	bartender
MERGE	bartender	standard	4	9784088595535	bartender
MERGE	bartender	standard	5	9784088595757	bartender
MERGE	bartender	standard	6	9784088595993	bartender
MERGE	bartender	standard	7	9784088596167	bartender
MERGE	bartender	standard	8	9784088596389	bartender
MERGE	bartender	standard	9	9784088596662	bartender
MERGE	bartender	standard	10	9784088596884	bartender
MERGE	bartender	standard	11	9784088597072	bartender
MERGE	bartender	standard	12	9784088597324	bartender
MERGE	bartender	standard	13	9784088597584	bartender
MERGE	bartender	standard	14	9784088597867	bartender
MERGE	bartender	standard	15	9784088597997	bartender
MERGE	bartender	standard	16	9784088598277	bartender
MERGE	bartender	standard	17	9784088598444	bartender
MERGE	bartender	standard	18	9784088598666	bartender
MERGE	robotics-notes-2012	standard	4	9784800002051	robotics-notes
MERGE	robotics-notes-2012	standard	5	9784800002976	robotics-notes
MERGE	chibi-hontou-ni-atta-waraeru-hanashi	standard	204	9784821129782	hontou-ni-atta-chibi-waraeru-hanashi
MERGE	chibi-hontou-ni-atta-waraeru-hanashi	standard	205	9784821154005	hontou-ni-atta-chibi-waraeru-hanashi
MERGE	chibi-hontou-ni-atta-waraeru-hanashi	standard	207	9784821154562	hontou-ni-atta-chibi-waraeru-hanashi
MERGE	chibi-hontou-ni-atta-waraeru-hanashi	standard	208	9784821154890	hontou-ni-atta-chibi-waraeru-hanashi
MERGE	final-fantasy-lost-stranger-2021	standard	6	9784757568914	final-fantasy-lost-stranger
MERGE	final-fantasy-lost-stranger-2021	standard	7	9784757571495	final-fantasy-lost-stranger
MERGE	final-fantasy-lost-stranger-2021	standard	11	9784757590021	final-fantasy-lost-stranger
MERGE	isekai-ni-kita-mitai-dakedo-dousureba-yoinodarou	standard	2	9784344852723	isekai-ni-kita-mitai-dakedo-dou-sureba-y
MERGE	isekai-ni-kita-mitai-dakedo-dousureba-yoinodarou	standard	3	9784344854154	isekai-ni-kita-mitai-dakedo-dou-sureba-y
MERGE	koigakubo-kun-ni-hajimete-o-ubawaremashita-2023	standard	6	9784065329764	koigakubo-kun-ni-hajimete-o-ubawaremashi
MERGE	koigakubo-kun-ni-hajimete-o-ubawaremashita-2023	standard	7	9784065349731	koigakubo-kun-ni-hajimete-o-ubawaremashi
MERGE	densetsu-no-yarichin-vs-teppeki-no-shiriana	standard	2	9784799761212	densetsu-no-yarichin-vs-teppeki-no-shiri
MERGE	densetsu-no-yarichin-vs-teppeki-no-shiriana	standard	3	9784799765043	densetsu-no-yarichin-vs-teppeki-no-shiri
NONE	sabaku-no-maou	standard	4		
NONE	sabaku-no-maou	standard	6		
NONE	sebangou-0	standard	3		
NONE	sebangou-0	standard	5		
NONE	judo-itchokusen	standard	11		
NONE	judo-itchokusen	standard	12		
NONE	robot-santou-hei	standard	6		
NONE	robot-santou-hei	standard	8		
NONE	toilet-hakase	standard	7		
NONE	toilet-hakase	standard	24		
NONE	toilet-hakase	standard	25		
NONE	toilet-hakase	standard	26		
NONE	dabide-no-hoshi	standard	20		
NONE	haikara-san-ga-tooru	standard	9		
NONE	haikara-san-ga-tooru	standard	10		
NONE	haikara-san-ga-tooru	standard	11		
NONE	haikara-san-ga-tooru	standard	12		
NONE	haikara-san-ga-tooru	standard	13		
NONE	haikara-san-ga-tooru	standard	14		
NONE	haikara-san-ga-tooru	standard	15		
NONE	haikara-san-ga-tooru	standard	16		
NONE	haikara-san-ga-tooru	standard	17		
NONE	haikara-san-ga-tooru	standard	18		
NONE	haikara-san-ga-tooru	standard	19		
NONE	hime-2006	standard	3		
NONE	seibonjinden	bunkobon	7		
NONE	seibonjinden	standard	6		
NONE	seibonjinden	standard	8		
NONE	seibonjinden	standard	9		
NONE	ultra-seven-1978	standard	2		
NONE	ultra-seven-1978	standard	4		
NONE	sora-ga-suki	standard	3		
NONE	sora-ga-suki	standard	4		
NONE	sora-ga-suki	standard	5		
NONE	sora-ga-suki	standard	6		
NONE	sora-ga-suki	standard	7		
NONE	sora-ga-suki	standard	8		
NONE	sora-ga-suki	standard	9		
NONE	sora-ga-suki	standard	10		
NONE	sora-ga-suki	standard	11		
NONE	sora-ga-suki	standard	12		
NONE	sora-ga-suki	standard	13		
NONE	sora-ga-suki	standard	14		
NONE	sora-ga-suki	standard	15		
NONE	sora-ga-suki	standard	16		
NONE	sora-ga-suki	standard	17		
NONE	ushinawareta-muu-tairiku	standard	2		
NONE	ushinawareta-muu-tairiku	standard	3		
NONE	ushinawareta-muu-tairiku	standard	4		
NONE	ushinawareta-muu-tairiku	standard	5		
NONE	asatarou-den	wideban	2		
NONE	asatarou-den	wideban	4		
NONE	asatarou-den	wideban	5		
NONE	ossu-miri-chan	standard	4		
NONE	ura-deka	standard	4		
NONE	ura-deka	standard	6		
NONE	ura-deka	standard	7		
NONE	ura-deka	standard	8		
NONE	honnyaragokko-kariage-kun	standard	29		
NONE	honnyaragokko-kariage-kun	standard	31		
NONE	hyouman	standard	2		
NONE	dotsukiri-angel	standard	2		
NONE	pachikko-bojou	standard	2		
NONE	shin-karate-jigokuhen	standard	14		
NONE	nihonnorekishi	standard	2		
NONE	nihonnorekishi	standard	4		
NONE	nippon-no-rekishi-2007-2	standard	8		
NONE	nippon-no-rekishi-2007-2	standard	9		
NONE	fushigi-tobe-kun	standard	2		
NONE	kyattsuai	standard	19		
NONE	kyattsuai	standard	20		
NONE	bats-terry	wideban	3		
NONE	sekainorekishi	standard	4		
NONE	sekainorekishi	standard	5		
NONE	sekainorekishi	standard	6		
NONE	sekainorekishi	standard	8		
NONE	sekainorekishi	standard	10		
NONE	sekainorekishi	standard	12		
NONE	boukenshatachi-no-sekaishi	standard	17		
NONE	shisaku-nansensu-senshuu	standard	3		
NONE	shisaku-nansensu-senshuu	standard	6		
NONE	kibaken	standard	9		
NONE	inugamike-no-ichizoku	standard	2		
NONE	manhattan-op	bunkobon	2		
NONE	gakushuu-comic-sengoku-no-bushou	standard	2		
NONE	mobile-suit-z-gundam	standard	4		
NONE	mobile-suit-z-gundam	standard	5		
NONE	mobile-suit-z-gundam	standard	6		
NONE	mobile-suit-z-gundam	standard	7		
NONE	mobile-suit-z-gundam	standard	8		
NONE	mobile-suit-z-gundam	standard	9		
NONE	mobile-suit-z-gundam	standard	10		
NONE	otonashi-genjuu	standard	2		
NONE	otonashi-genjuu	standard	3		
NONE	otonashi-genjuu	standard	4		
NONE	otonashi-genjuu	standard	5		
NONE	otonashi-genjuu	standard	6		
NONE	otonashi-genjuu	standard	7		
NONE	otonashi-genjuu	standard	8		
NONE	otonashi-genjuu	standard	9		
NONE	mobile-suit-gundam-f90	standard	3		
NONE	mobile-suit-gundam-f90	standard	4		
NONE	mobile-suit-gundam-f90	standard	5		
NONE	mobile-suit-gundam-f90	standard	6		
NONE	mobile-suit-gundam-f90	standard	7		
NONE	mobile-suit-gundam-f90	standard	8		
NONE	mobile-suit-gundam-f90	standard	9		
NONE	mobile-suit-gundam-f90	standard	10		
NONE	b-boy	standard	2		
NONE	b-boy	standard	3		
NONE	b-boy	standard	4		
NONE	b-boy	standard	5		
NONE	b-boy	standard	6		
NONE	b-boy	standard	7		
NONE	b-boy	standard	9		
NONE	b-boy	standard	11		
NONE	b-boy	standard	12		
NONE	b-boy	standard	13		
NONE	b-boy	standard	14		
NONE	b-boy	standard	15		
NONE	b-boy	standard	16		
NONE	b-boy	standard	17		
NONE	b-boy	standard	18		
NONE	b-boy	standard	19		
NONE	b-boy	standard	20		
NONE	comic-chuurippu	standard	3		
NONE	comic-chuurippu	standard	5		
NONE	comic-chuurippu	standard	7		
NONE	comic-chuurippu	standard	8		
NONE	comic-chuurippu	standard	9		
NONE	comic-chuurippu	standard	10		
NONE	comic-chuurippu	standard	12		
NONE	comic-chuurippu	standard	13		
NONE	comic-chuurippu	standard	15		
NONE	the-combat	standard	2		
NONE	powerful-mazegohan	standard	2		
NONE	pumpkin	standard	8		
NONE	koike-kazuo-no-za-shibi-golf	standard	3		
NONE	koike-kazuo-no-za-shibi-golf	standard	4		
NONE	koike-kazuo-no-za-shibi-golf	standard	5		
NONE	doughnuts-books	standard	28		
NONE	doughnuts-books	standard	30		
NONE	doughnuts-books	standard	31		
NONE	doughnuts-books	standard	33		
NONE	milky-comic	standard	9		
NONE	milky-comic	standard	11		
NONE	milky-comic	standard	12		
NONE	milky-comic	standard	13		
NONE	milky-comic	standard	14		
NONE	milky-comic	standard	15		
NONE	milky-comic	standard	16		
NONE	milky-comic	standard	17		
NONE	milky-comic	standard	18		
NONE	milky-comic	standard	19		
NONE	milky-comic	standard	20		
NONE	milky-comic	standard	21		
NONE	milky-comic	standard	22		
NONE	milky-comic	standard	24		
NONE	milky-comic	standard	25		
NONE	milky-comic	standard	27		
NONE	milky-comic	standard	28		
NONE	milky-comic	standard	29		
NONE	comic-chuurippu-1988	standard	3		
NONE	comic-chuurippu-1988	standard	5		
NONE	comic-chuurippu-1988	standard	7		
NONE	comic-chuurippu-1988	standard	8		
NONE	comic-chuurippu-1988	standard	9		
NONE	comic-chuurippu-1988	standard	10		
NONE	comic-chuurippu-1988	standard	12		
NONE	comic-chuurippu-1988	standard	13		
NONE	comic-chuurippu-1988	standard	15		
NONE	comic-tulip	standard	3		
NONE	comic-tulip	standard	5		
NONE	comic-tulip	standard	7		
NONE	comic-tulip	standard	8		
NONE	comic-tulip	standard	9		
NONE	comic-tulip	standard	10		
NONE	comic-tulip	standard	12		
NONE	comic-tulip	standard	13		
NONE	comic-tulip	standard	15		
NONE	big-rival	standard	2		
NONE	horror-occult-kyousaku-daizenshuu	standard	2		
NONE	horror-occult-kyousaku-daizenshuu	standard	3		
NONE	horror-occult-kyousaku-daizenshuu	standard	4		
NONE	horror-occult-kyousaku-daizenshuu	standard	5		
NONE	horror-occult-kyousaku-daizenshuu	standard	7		
NONE	lilliput	standard	6		
NONE	lilliput	standard	8		
NONE	shin-ranchesutaa-senryaku	standard	4		
NONE	shin-ranchesutaa-senryaku	standard	5		
NONE	shion	standard	2		
NONE	himitsu-de-naito	standard	2		
NONE	hontoni-atta-kowai-hanashi	standard	2		
NONE	hontoni-atta-kowai-hanashi	standard	9		
NONE	hontoni-atta-kowai-hanashi	standard	25		
NONE	mikio-to-mikio	standard	2		
NONE	mikio-to-mikio	standard	3		
NONE	mikio-to-mikio	standard	4		
NONE	mikio-to-mikio	standard	5		
NONE	mikio-to-mikio	standard	6		
NONE	mikio-to-mikio	standard	7		
NONE	mikio-to-mikio	standard	8		
NONE	mikio-to-mikio	standard	9		
NONE	mikio-to-mikio	standard	10		
NONE	mikio-to-mikio	standard	11		
NONE	mikio-to-mikio	standard	12		
NONE	mikio-to-mikio	standard	13		
NONE	mikio-to-mikio	standard	14		
NONE	mikio-to-mikio	standard	15		
NONE	mikio-to-mikio	standard	16		
NONE	mikio-to-mikio	standard	17		
NONE	mikio-to-mikio	standard	18		
NONE	mikosuri-gekijou	standard	15		
NONE	mikosuri-gekijou	standard	16		
NONE	mikosuri-gekijou	standard	17		
NONE	ruriiro-princess	standard	5		
NONE	ruriiro-princess	standard	6		
NONE	ruriiro-princess	standard	7		
NONE	ruriiro-princess	standard	8		
NONE	ruriiro-princess	standard	9		
NONE	ruriiro-princess	standard	10		
NONE	ruriiro-princess	standard	11		
NONE	ruriiro-princess	standard	12		
NONE	ruriiro-princess	standard	13		
NONE	saibaa-comics	standard	6		
NONE	saibaa-comics	standard	7		
NONE	saibaa-comics	standard	8		
NONE	saibaa-comics	standard	9		
NONE	saibaa-comics	standard	10		
NONE	saibaa-comics	standard	12		
NONE	doctor-hankotsui	standard	11		
NONE	doctor-hankotsui	standard	19		
NONE	perman	standard	9		
NONE	perman	standard	10		
NONE	red-mask	standard	4		
NONE	ningen-no-jouken	standard	3		
NONE	shinshin-agatte-nanbo-taichi-yo-nakuna	standard	16		
NONE	shinshin-agatte-nanbo-taichi-yo-nakuna	standard	22		
NONE	shinshin-agatte-nanbo-taichi-yo-nakuna	standard	23		
NONE	shinshin-agatte-nanbo-taichi-yo-nakuna	standard	24		
NONE	shinshin-agatte-nanbo-taichi-yo-nakuna	standard	25		
NONE	shinshin-agatte-nanbo-taichi-yo-nakuna	standard	26		
NONE	shinshin-agatte-nanbo-taichi-yo-nakuna	standard	27		
NONE	shinshin-agatte-nanbo-taichi-yo-nakuna	standard	28		
NONE	shinshin-agatte-nanbo-taichi-yo-nakuna	standard	29		
NONE	shinshin-agatte-nanbo-taichi-yo-nakuna	standard	30		
NONE	shinshin-agatte-nanbo-taichi-yo-nakuna	standard	32		
NONE	shin-agatte-nanbo-taichiyo-nakuna	standard	16		
NONE	shin-agatte-nanbo-taichiyo-nakuna	standard	22		
NONE	shin-agatte-nanbo-taichiyo-nakuna	standard	23		
NONE	shin-agatte-nanbo-taichiyo-nakuna	standard	24		
NONE	shin-agatte-nanbo-taichiyo-nakuna	standard	25		
NONE	shin-agatte-nanbo-taichiyo-nakuna	standard	26		
NONE	shin-agatte-nanbo-taichiyo-nakuna	standard	27		
NONE	shin-agatte-nanbo-taichiyo-nakuna	standard	28		
NONE	shin-agatte-nanbo-taichiyo-nakuna	standard	29		
NONE	shin-agatte-nanbo-taichiyo-nakuna	standard	30		
NONE	shin-agatte-nanbo-taichiyo-nakuna	standard	32		
NONE	nagi	standard	3		
NONE	hana-takeda-1988	standard	4		
NONE	hana-takeda-1988	standard	6		
NONE	hana-takeda-1988	standard	9		
NONE	hana-takeda-1988	standard	11		
NONE	hana-takeda-1988	standard	12		
NONE	hana-takeda-1988	standard	13		
NONE	hana-takeda-1988	standard	15		
NONE	hana-takeda-1988	standard	16		
NONE	hana-takeda-1988	standard	18		
NONE	hana-takeda-1988	standard	19		
NONE	hana-takeda-1988	standard	20		
NONE	wakaoku-sama-wa-udemakuri	standard	2		
NONE	fuuhai-ni-kike	standard	2		
NONE	hardboiled-daddy	standard	2		
NONE	lemon-kids	standard	2		
NONE	lemon-kids	standard	4		
NONE	lemon-kids	standard	8		
NONE	lemon-kids	standard	9		
NONE	lemon-kids	standard	10		
NONE	gekiga-ningen-kakumei	standard	3		
NONE	nomizukushi-sakezukushi	standard	2		
NONE	ariel-comic	standard	6		
NONE	ariel-comic	standard	7		
NONE	shoichi	standard	8		
NONE	nee-try-shite	standard	2		
NONE	doragonkuesuto-4-koma-manga-gekijou	standard	4		
NONE	power-bomb-theater	standard	2		
NONE	power-bomb-theater	standard	3		
NONE	kenrou-densetsu	standard	2		
NONE	seiden-rg-veeda	standard	7		
NONE	seiden-rg-veeda	standard	9		
NONE	shamo-1990	standard	2		
NONE	shamo-1990	standard	4		
NONE	shamo-1990	standard	6		
NONE	shamo-1990	standard	7		
NONE	shamo-1990	standard	8		
NONE	seishun	standard	3		
NONE	seishun	standard	5		
NONE	seishun	standard	6		
NONE	seishun	standard	8		
NONE	seishun	standard	9		
NONE	seishun	standard	10		
NONE	seishun	standard	11		
NONE	seishun	standard	12		
NONE	seishun	standard	13		
NONE	seishun	standard	14		
NONE	seishun	standard	15		
NONE	seishun	standard	16		
NONE	seishun	standard	17		
NONE	seishun	standard	18		
NONE	seishun	standard	21		
NONE	seishun	standard	24		
NONE	seishun	standard	26		
NONE	seishun	standard	33		
NONE	seishun	standard	36		
NONE	mameda-sensei	standard	2		
NONE	manga-girishia-shinwa-1991	standard	2		
NONE	manga-girishia-shinwa-1991	standard	4		
NONE	manga-girishia-shinwa-1991	standard	5		
NONE	manga-girishia-shinwa-1991	standard	7		
NONE	image	standard	14		
NONE	image	standard	15		
NONE	jiimago-rhapsody	standard	3		
NONE	jiimago-rhapsody	standard	4		
NONE	waibaan-no-kodomotachi	standard	3		
NONE	waibaan-no-kodomotachi	standard	4		
NONE	oedo-hankachou-tansakuya-gai	standard	2		
NONE	intron-depot	standard	2		
NONE	oruchuban-ebichu	standard	5		
NONE	oruchuban-ebichu	standard	6		
NONE	oruchuban-ebichu	standard	7		
NONE	oruchuban-ebichu	standard	8		
NONE	oruchuban-ebichu	standard	9		
NONE	oruchuban-ebichu	standard	10		
NONE	oruchuban-ebichu	standard	11		
NONE	oruchuban-ebichu	standard	12		
NONE	pose-file	standard	2		
NONE	pose-file	standard	7		
NONE	zenkan-shutsugeki	standard	2		
NONE	shouta-no-sushi	standard	28		
NONE	sora-no-ue-no-aren	standard	3		
NONE	hashire-merosu	standard	2		
NONE	janrou-densetsu-aoki-ookamitachi	standard	3		
NONE	janrou-densetsu-aoki-ookamitachi	standard	5		
NONE	umanari-1-haron-theater	standard	25		
NONE	umanari-1-haron-theater	standard	26		
NONE	umanari-1-haron-theater	standard	27		
NONE	umanari-1-haron-theater	standard	28		
NONE	umanari-1-haron-theater	standard	29		
NONE	umanari-1-haron-theater	standard	30		
NONE	umanari-1-haron-theater	standard	31		
NONE	umanari-1-haron-theater	standard	32		
NONE	umanari-1-haron-theater	standard	33		
NONE	1-yamamoto-1993	standard	2		
NONE	1-yamamoto-1993	standard	3		
NONE	1-yamamoto-1993	standard	5		
NONE	kuooto-ando-half	standard	3		
NONE	kuooto-ando-half	standard	4		
NONE	joker	standard	2		
NONE	sleeping-beauty-clinic	standard	2		
NONE	bokutachi-no-kichijouji-koimonogatari	standard	5		
NONE	alice-no-ochakai	standard	5		
NONE	takeru-1997-2	standard	3		
NONE	takeru-1997-2	standard	4		
NONE	pink-chan-v	standard	2		
NONE	platonic	standard	2		
NONE	hana	standard	4		
NONE	hana	standard	6		
NONE	hana	standard	9		
NONE	hana	standard	11		
NONE	hana	standard	12		
NONE	hana	standard	13		
NONE	hana	standard	15		
NONE	hana	standard	16		
NONE	hana	standard	18		
NONE	hana	standard	19		
NONE	hana	standard	20		
NONE	chou-diienuei-suit-furogguman	standard	2		
NONE	ryoushuu	standard	7		
NONE	cobra-1995	standard	13		
NONE	cobra-1995	standard	14		
NONE	crew-1994	standard	8		
NONE	omega-7	standard	6		
NONE	x-men	standard	4		
NONE	x-men	standard	5		
NONE	x-men	standard	7		
NONE	x-men	standard	8		
NONE	x-men	standard	10		
NONE	x-men	standard	11		
NONE	chotto-dake-kaettekita-dokutaa-slump	standard	2		
NONE	piasu-club	standard	3		
NONE	piasu-club	standard	4		
NONE	piasu-club	standard	5		
NONE	piasu-club	standard	6		
NONE	piasu-club	standard	7		
NONE	piasu-club	standard	8		
NONE	piasu-club	standard	9		
NONE	piasu-club	standard	10		
NONE	piasu-club	standard	11		
NONE	piasu-club	standard	12		
NONE	piasu-club	standard	14		
NONE	piasu-club	standard	15		
NONE	piasu-club	standard	17		
NONE	piasu-club	standard	18		
NONE	piasu-club	standard	19		
NONE	piasu-club	standard	20		
NONE	piasu-club	standard	21		
NONE	piasu-club	standard	22		
NONE	piasu-club	standard	23		
NONE	fire-emblem-4-koma-manga-gekijou	standard	3		
NONE	yume-ha-taafu-o-kakemeguru	standard	5		
NONE	yume-ha-taafu-o-kakemeguru	standard	7		
NONE	haou-taikei-ryuunaito-collectors-edition	standard	2		
NONE	canon-1995	standard	7		
NONE	atagoul	standard	5		
NONE	atagoul	standard	6		
NONE	atagoul	standard	7		
NONE	atagoul	standard	8		
NONE	doragonkuesuto-1p-comic-gekijou	standard	3		
NONE	macross-7-trash-2009	standard	5		
NONE	macross-7-trash-2009	standard	6		
NONE	megami	standard	2		
NONE	megami	standard	4		
NONE	shousetsu-fajji	standard	5		
NONE	shousetsu-fajji	standard	6		
NONE	shousetsu-fajji	standard	7		
NONE	shousetsu-fajji	standard	9		
NONE	shousetsu-fajji	standard	10		
NONE	gensou-tairiku	standard	3		
NONE	gensou-tairiku	standard	4		
NONE	gensou-tairiku	standard	5		
NONE	mobile-suit-gundam-moon-crisis	standard	2		
NONE	dr-typhoon-1996	standard	4		
NONE	dr-typhoon-1996	standard	7		
NONE	perfect-angel-lip	standard	3		
NONE	aan-kremlin-iq200-no-soap-story	standard	2		
NONE	aan-kremlin-iq200-no-soap-story	standard	4		
NONE	yatteranneeze	standard	2		
NONE	yatteranneeze	standard	3		
NONE	yatteranneeze	standard	5		
NONE	evangelion-anthology-comic	standard	3		
NONE	charenjaazu	standard	3		
NONE	purodeyuusaa-ni-naritai	standard	2		
NONE	ring-1996	standard	2		
NONE	shitsurakuen-1996	standard	3		
NONE	shitsurakuen-1996	standard	4		
NONE	hontou-ni-atta-yukai-na-hanashi	standard	2		
NONE	hana-1996	standard	4		
NONE	hana-1996	standard	6		
NONE	hana-1996	standard	9		
NONE	hana-1996	standard	11		
NONE	hana-1996	standard	12		
NONE	hana-1996	standard	13		
NONE	hana-1996	standard	15		
NONE	hana-1996	standard	16		
NONE	hana-1996	standard	18		
NONE	hana-1996	standard	19		
NONE	hana-1996	standard	20		
NONE	botsu-chan-no-jidai	standard	4		
NONE	hajime-ningen-gon	standard	6		
NONE	anata-ni-mo-angel	standard	3		
NONE	jinjuu-houretsuden	standard	11		
NONE	meitantei-conan-2005	standard	45		
NONE	meitantei-conan-2005	standard	46		
NONE	meitantei-conan-2005	standard	47		
NONE	meitantei-conan-2005	standard	48		
NONE	meitantei-conan-2005	standard	49		
NONE	mazin-saga-nagai	standard	3		
NONE	mazin-saga-nagai	standard	4		
NONE	generous-kiss	standard	3		
NONE	generous-kiss	standard	5		
NONE	kirikiritei-no-buraun-sensei	standard	3		
NONE	kirikiritei-no-buraun-sensei	standard	4		
NONE	kirikiritei-no-buraun-sensei	standard	5		
NONE	dekirukana	standard	2		
NONE	comic-inagawa-junji-no-sugooku-kowai-hanashi	standard	2		
NONE	bolt-and-nut	standard	3		
NONE	shiro-no-fiorenteiina	bunkobon	3		
NONE	shiro-no-fiorenteiina	bunkobon	4		
NONE	shiro-no-fiorenteiina	bunkobon	5		
NONE	shiro-no-fiorenteiina	bunkobon	6		
NONE	shiro-no-fiorenteiina	bunkobon	7		
NONE	shiro-no-fiorenteiina	bunkobon	8		
NONE	duel-masters	standard	16		
NONE	niigata-manga-taishou-sakuhinshuu	standard	4		
NONE	niigata-manga-taishou-sakuhinshuu	standard	5		
NONE	niigata-manga-taishou-sakuhinshuu	standard	6		
NONE	niigata-manga-taishou-sakuhinshuu	standard	8		
NONE	kinshin-soukan-ando-esuemu-taiken	standard	2		
NONE	kinshin-soukan-ando-esuemu-taiken	standard	3		
NONE	kinshin-soukan-ando-esuemu-taiken	standard	4		
NONE	kinshin-soukan-ando-esuemu-taiken	standard	5		
NONE	kinshin-soukan-ando-esuemu-taiken	standard	6		
NONE	kinshin-soukan-ando-esuemu-taiken	standard	7		
NONE	kinshin-soukan-ando-esuemu-taiken	standard	8		
NONE	kinshin-soukan-ando-esuemu-taiken	standard	9		
NONE	kinshin-soukan-ando-esuemu-taiken	standard	10		
NONE	kanon	standard	3		
NONE	kanon	standard	4		
NONE	kanon	standard	5		
NONE	kanon	standard	6		
NONE	kanon	standard	7		
NONE	valkyrie-profile-2000	standard	3		
NONE	valkyrie-profile-2000	standard	5		
NONE	valkyrie-profile-2000	standard	6		
NONE	valkyrie-profile-2001-2	standard	5		
NONE	valkyrie-profile-2001	standard	6		
NONE	taiyou-no-romance	standard	2		
NONE	taiyou-no-romance	standard	3		
NONE	matenrou	standard	9		
NONE	bishou-hari	standard	4		
NONE	ginga-densetsu-weed	standard	40		
NONE	ginga-densetsu-weed	standard	44		
NONE	best-of-naka-tomoko	standard	2		
NONE	denkou-sekka-boys	standard	2		
NONE	kuroi-kizuato-no-otoko	standard	4		
NONE	kuroi-kizuato-no-otoko	standard	5		
NONE	kuroi-kizuato-no-otoko	standard	6		
NONE	kuroi-kizuato-no-otoko	standard	7		
NONE	dogs	standard	2		
NONE	dogs	standard	3		
NONE	dogs	standard	4		
NONE	dogs	standard	5		
NONE	dogs	standard	6		
NONE	the-mad-pachi-slot-brother-s	standard	2		
NONE	kanon-usami-2003	standard	2		
NONE	kanon-usami-2003	standard	3		
NONE	kanon-usami-2003	standard	4		
NONE	kanon-usami-2003	standard	5		
NONE	kanon-usami-2003	standard	6		
NONE	kanon-usami-2003	standard	7		
NONE	sky-high	standard	3		
NONE	nippon-banashi	standard	2		
NONE	pachisuro-yancha-bugi	standard	3		
NONE	pachisuro-yancha-bugi	standard	4		
NONE	pachisuro-yancha-bugi	standard	7		
NONE	pachisuro-yancha-bugi	standard	10		
NONE	pachisuro-yancha-bugi	standard	11		
NONE	pachisuro-yancha-bugi	standard	13		
NONE	pachisuro-yancha-bugi	standard	15		
NONE	pachisuro-yancha-bugi	standard	18		
NONE	shin-kaiketsu-jouki-tanteidan	standard	8		
NONE	majutsushi-oofen-haguretabi	standard	2		
NONE	majutsushi-oofen-haguretabi	standard	4		
NONE	majutsushi-oofen-haguretabi	standard	5		
NONE	dr-nekoyanagita-no-kagakuteki-seishun	standard	2		
NONE	nhk-sono-toki-rekishi-ga-ugoita	standard	2		
NONE	valkyrie-profile	standard	5		
NONE	valkyrie-profile	standard	6		
NONE	shota-komi	standard	2		
NONE	shota-komi	standard	3		
NONE	minami-no-teiou-special	standard	4		
NONE	minami-no-teiou-special	standard	5		
NONE	minami-no-teiou-special	standard	6		
NONE	minami-no-teiou-special	standard	7		
NONE	minami-no-teiou-special	standard	8		
NONE	minami-no-teiou-special	standard	9		
NONE	minami-no-teiou-special	standard	10		
NONE	minami-no-teiou-special	standard	11		
NONE	minami-no-teiou-special	standard	12		
NONE	minami-no-teiou-special	standard	13		
NONE	minami-no-teiou-special	standard	14		
NONE	minami-no-teiou-special	standard	15		
NONE	minami-no-teiou-special	standard	16		
NONE	minami-no-teiou-special	standard	17		
NONE	minami-no-teiou-special	standard	18		
NONE	minami-no-teiou-special	standard	19		
NONE	minami-no-teiou-special	standard	20		
NONE	minami-no-teiou-special	standard	21		
NONE	minami-no-teiou-special	standard	22		
NONE	minami-no-teiou-special	standard	23		
NONE	kagemusha-tokugawa-ieyasu-gaiden-sakon	standard	5		
NONE	gamurakan	standard	2		
NONE	hana-matsumoto-2002	standard	3		
NONE	hana-matsumoto-2002	standard	4		
NONE	hana-matsumoto-2002	standard	6		
NONE	hana-matsumoto-2002	standard	9		
NONE	hana-matsumoto-2002	standard	11		
NONE	hana-matsumoto-2002	standard	12		
NONE	hana-matsumoto-2002	standard	13		
NONE	hana-matsumoto-2002	standard	15		
NONE	hana-matsumoto-2002	standard	16		
NONE	hana-matsumoto-2002	standard	18		
NONE	hana-matsumoto-2002	standard	19		
NONE	hana-matsumoto-2002	standard	20		
NONE	clamp-premium-collection-holic	standard	14		
NONE	xxxholic	standard	15		
NONE	xxxholic	standard	16		
NONE	xxxholic	standard	17		
NONE	xxxholic	standard	18		
NONE	guruguru-kakumei	standard	7		
NONE	guruguru-kakumei	standard	8		
NONE	manga-grimm-douwa	standard	2		
NONE	manga-grimm-douwa	standard	3		
NONE	manga-grimm-douwa	standard	4		
NONE	manga-grimm-douwa	standard	5		
NONE	manga-grimm-douwa	standard	6		
NONE	manga-grimm-douwa	standard	7		
NONE	manga-grimm-douwa	standard	8		
NONE	manga-grimm-douwa	standard	9		
NONE	manga-grimm-douwa	standard	10		
NONE	manga-grimm-douwa	standard	11		
NONE	manga-grimm-douwa	standard	12		
NONE	manga-grimm-douwa	standard	13		
NONE	manga-grimm-douwa	standard	14		
NONE	manga-grimm-douwa	standard	15		
NONE	manga-grimm-douwa	standard	16		
NONE	manga-grimm-douwa	standard	17		
NONE	manga-grimm-douwa	standard	18		
NONE	manga-grimm-douwa	standard	19		
NONE	manga-grimm-douwa	standard	20		
NONE	manga-grimm-douwa	standard	21		
NONE	manga-grimm-douwa	standard	22		
NONE	manga-grimm-douwa	standard	23		
NONE	manga-grimm-douwa	standard	24		
NONE	manga-grimm-douwa	standard	25		
NONE	manga-grimm-douwa	standard	26		
NONE	manga-grimm-douwa	standard	27		
NONE	manga-grimm-douwa	standard	28		
NONE	manga-grimm-douwa	standard	29		
NONE	manga-grimm-douwa	standard	30		
NONE	manga-grimm-douwa	standard	31		
NONE	manga-grimm-douwa	standard	32		
NONE	manga-grimm-douwa	standard	33		
NONE	manga-grimm-douwa	standard	34		
NONE	manga-grimm-douwa	standard	35		
NONE	manga-grimm-douwa	standard	36		
NONE	manga-grimm-douwa	standard	37		
NONE	manga-grimm-douwa	standard	38		
NONE	pachisuro-yancha-gaiden	standard	3		
NONE	pachisuro-yancha-gaiden	standard	5		
NONE	pachisuro-yancha-gaiden	standard	6		
NONE	senri-no-michi-mo-dai-sanshou	standard	12		
NONE	kai-riki-ran-shin-quan	standard	3		
NONE	kai-riki-ran-shin-quan	standard	4		
NONE	show-chan-no-bouken	standard	2		
NONE	show-chan-no-bouken	standard	3		
NONE	show-chan-no-bouken	standard	4		
NONE	tokusen-ol-shinkaron	standard	2		
NONE	tokusen-ol-shinkaron	standard	3		
NONE	tokusen-ol-shinkaron	standard	4		
NONE	tokusen-ol-shinkaron	standard	5		
NONE	tokusen-ol-shinkaron	standard	6		
NONE	tokusen-ol-shinkaron	standard	7		
NONE	tokusen-ol-shinkaron	standard	8		
NONE	tokusen-ol-shinkaron	standard	9		
NONE	tokusen-ol-shinkaron	standard	10		
NONE	tokusen-ol-shinkaron	standard	11		
NONE	tokusen-ol-shinkaron	standard	12		
NONE	tokusen-ol-shinkaron	standard	13		
NONE	tokusen-ol-shinkaron	standard	14		
NONE	tokusen-ol-shinkaron	standard	15		
NONE	tokusen-ol-shinkaron	standard	16		
NONE	tokusen-ol-shinkaron	standard	17		
NONE	tokusen-ol-shinkaron	standard	18		
NONE	tokusen-ol-shinkaron	standard	19		
NONE	tokusen-ol-shinkaron	standard	20		
NONE	tokusen-ol-shinkaron	standard	21		
NONE	tokusen-ol-shinkaron	standard	22		
NONE	tokusen-ol-shinkaron	standard	23		
NONE	tokusen-ol-shinkaron	standard	24		
NONE	tokusen-ol-shinkaron	standard	25		
NONE	tokusen-ol-shinkaron	standard	26		
NONE	tokusen-ol-shinkaron	standard	27		
NONE	tokusen-ol-shinkaron	standard	28		
NONE	tokusen-ol-shinkaron	standard	29		
NONE	tokusen-ol-shinkaron	standard	30		
NONE	tokusen-ol-shinkaron	standard	31		
NONE	tokusen-ol-shinkaron	standard	32		
NONE	tokusen-ol-shinkaron	standard	33		
NONE	tokusen-ol-shinkaron	standard	34		
NONE	dare-nimo-ienai-hi	standard	7		
NONE	dare-nimo-ienai-hi	standard	8		
NONE	dare-nimo-ienai-hi	standard	10		
NONE	dare-nimo-ienai-hi	standard	11		
NONE	dare-nimo-ienai-hi	standard	12		
NONE	dare-nimo-ienai-hi	standard	13		
NONE	dare-nimo-ienai-hi	standard	14		
NONE	dare-nimo-ienai-hi	standard	15		
NONE	dare-nimo-ienai-hi	standard	17		
NONE	dare-nimo-ienai-hi	standard	18		
NONE	dare-nimo-ienai-hi	standard	20		
NONE	dare-nimo-ienai-hi	standard	22		
NONE	dare-nimo-ienai-hi	standard	23		
NONE	dare-nimo-ienai-hi	standard	24		
NONE	dare-nimo-ienai-hi	standard	29		
NONE	dare-nimo-ienai-hi	standard	30		
NONE	dare-nimo-ienai-hi	standard	31		
NONE	dare-nimo-ienai-hi	standard	34		
NONE	dare-nimo-ienai-hi	standard	35		
NONE	dare-nimo-ienai-hi	standard	37		
NONE	dare-nimo-ienai-hi	standard	39		
NONE	dare-nimo-ienai-hi	standard	40		
NONE	dare-nimo-ienai-hi	standard	41		
NONE	dare-nimo-ienai-hi	standard	42		
NONE	sugar-spice	standard	17		
NONE	manga-project-ekkusu-chousenshatachi	standard	9		
NONE	manga-project-ekkusu-chousenshatachi	standard	10		
NONE	gang-king	standard	28		
NONE	gang-king	standard	29		
NONE	daiki-no-baka-h-special	standard	3		
NONE	daiki-no-baka-h-special	standard	4		
NONE	daiki-no-baka-h-special	standard	5		
NONE	daiki-no-baka-h-special	standard	6		
NONE	daiki-no-baka-h-special	standard	7		
NONE	daiki-no-baka-h-special	standard	8		
NONE	daiki-no-baka-h-special	standard	9		
NONE	yakushiji-ryouko-no-kaiki-file-kiri-no-houmonsha	standard	7		
NONE	tobaku-datenroku-kaiji	standard	17		
NONE	tobaku-datenroku-kaiji	standard	18		
NONE	tobaku-datenroku-kaiji	standard	19		
NONE	tobaku-datenroku-kaiji	standard	20		
NONE	tobaku-datenroku-kaiji	standard	21		
NONE	tobaku-datenroku-kaiji	standard	22		
NONE	tobaku-datenroku-kaiji	standard	23		
NONE	arasu-kagayakeru-tsubasa	standard	9		
NONE	osaka-geijutsu-daigaku-daigaku-manga	standard	4		
NONE	chousen-shikaku	standard	4		
NONE	chousen-shikaku	standard	5		
NONE	mobile-suit-gundam-seed-destiny-2005	standard	5		
NONE	mobile-suit-gundam-seed-destiny-2005	standard	6		
NONE	mobile-suit-gundam-seed-destiny-2005	standard	7		
NONE	mobile-suit-gundam-seed-destiny-2005	standard	8		
NONE	mobile-suit-gundam-seed-destiny-2005	standard	9		
NONE	mobile-suit-gundam-seed-destiny-2005	standard	10		
NONE	mobile-suit-gundam-seed-destiny-2005	standard	11		
NONE	mobile-suit-gundam-san	standard	22		
NONE	tokusen-kobo-chan	standard	2		
NONE	tokusen-kobo-chan	standard	3		
NONE	tokusen-kobo-chan	standard	15		
NONE	hana-2005	standard	3		
NONE	hana-2005	standard	4		
NONE	hana-2005	standard	6		
NONE	hana-2005	standard	9		
NONE	hana-2005	standard	11		
NONE	hana-2005	standard	12		
NONE	hana-2005	standard	13		
NONE	hana-2005	standard	15		
NONE	hana-2005	standard	16		
NONE	hana-2005	standard	18		
NONE	hana-2005	standard	19		
NONE	hana-2005	standard	20		
NONE	dokusha-toukou-shinrei-taiken	standard	2		
NONE	dokusha-toukou-shinrei-taiken	standard	3		
NONE	dokusha-toukou-shinrei-taiken	standard	4		
NONE	dokusha-toukou-shinrei-taiken	standard	5		
NONE	dokusha-toukou-shinrei-taiken	standard	6		
NONE	dokusha-toukou-shinrei-taiken	standard	7		
NONE	dokusha-toukou-shinrei-taiken	standard	8		
NONE	dokusha-toukou-shinrei-taiken	standard	9		
NONE	dokusha-toukou-shinrei-taiken	standard	10		
NONE	dokusha-toukou-shinrei-taiken	standard	11		
NONE	dokusha-toukou-shinrei-taiken	standard	12		
NONE	dokusha-toukou-shinrei-taiken	standard	13		
NONE	dokusha-toukou-shinrei-taiken	standard	14		
NONE	dokusha-toukou-shinrei-taiken	standard	15		
NONE	dokusha-toukou-shinrei-taiken	standard	16		
NONE	dokusha-toukou-shinrei-taiken	standard	17		
NONE	dokusha-toukou-shinrei-taiken	standard	18		
NONE	dokusha-toukou-shinrei-taiken	standard	20		
NONE	dokusha-toukou-shinrei-taiken	standard	21		
NONE	dokusha-toukou-shinrei-taiken	standard	23		
NONE	dokusha-toukou-shinrei-taiken	standard	24		
NONE	dokusha-toukou-shinrei-taiken	standard	25		
NONE	dokusha-toukou-shinrei-taiken	standard	26		
NONE	dokusha-toukou-shinrei-taiken	standard	27		
NONE	higurashi-no-nakukoro-ni	standard	7		
NONE	higurashi-no-nakukoro-ni	standard	8		
NONE	higurashi-no-nakukoro-ni	standard	9		
NONE	higurashi-no-naku-koro-ni-himatsubushihen	standard	3		
NONE	atori-show	standard	5		
NONE	kingdom	aizoban	15		
NONE	kingdom	aizoban	16		
NONE	kingdom	aizoban	17		
NONE	kingdom	aizoban	18		
NONE	horikou-hanemono-ranger	standard	2		
NONE	shiritsu-shouei-gakuen-otoko-koutoubu-kurashina-sensei-no-junan	standard	4		
NONE	neko-punch	standard	11		
NONE	neko-punch	standard	18		
NONE	neko-punch	standard	19		
NONE	neko-punch	standard	22		
NONE	neko-punch	standard	24		
NONE	neko-punch	standard	25		
NONE	neko-punch	standard	26		
NONE	neko-punch	standard	27		
NONE	neko-punch	standard	28		
NONE	neko-punch	standard	29		
NONE	guranpuri-tengoku	standard	2		
NONE	papillon	standard	6		
NONE	parabellum	standard	2		
NONE	love-drug	standard	5		
NONE	love-drug	standard	6		
NONE	love-drug	standard	7		
NONE	love-drug	standard	8		
NONE	umimachi-diary	standard	5		
NONE	shirasunamura	standard	4		
NONE	shirasunamura	standard	5		
NONE	shirasunamura	standard	6		
NONE	shirasunamura	standard	7		
NONE	yurihime-wild-rose	standard	2		
NONE	euromanga	standard	2		
NONE	euromanga	standard	3		
NONE	euromanga	standard	4		
NONE	euromanga	standard	5		
NONE	euromanga	standard	6		
NONE	neko-puni	standard	10		
NONE	neko-puni	standard	11		
NONE	neko-puni	standard	12		
NONE	neko-puni	standard	13		
NONE	neko-puni	standard	14		
NONE	neko-puni	standard	15		
NONE	neko-puni	standard	16		
NONE	neko-puni	standard	17		
NONE	neko-puni	standard	18		
NONE	neko-puni	standard	19		
NONE	neko-puni	standard	20		
NONE	neko-puni	standard	21		
NONE	neko-puni	standard	22		
NONE	neko-puni	standard	23		
NONE	neko-puni	standard	24		
NONE	neko-puni	standard	25		
NONE	tales-of-destiny-director-cut-cut-toki-no-rion	standard	3		
NONE	muse-no-gakuen-de-aou	standard	3		
NONE	shima-kousaku-zenshuu	standard	4		
NONE	shima-kousaku-zenshuu	standard	6		
NONE	shima-kousaku-zenshuu	standard	7		
NONE	shima-kousaku-zenshuu	standard	8		
NONE	rikei-kun	standard	3		
NONE	reikan-koumuten-ripea	standard	7		
NONE	onape	standard	3		
NONE	onape	standard	4		
NONE	tales-of-vesperia-4-koma-kings	standard	3		
NONE	yuuutsuna-asa	standard	6		
NONE	yuuutsuna-asa	standard	7		
NONE	tokumorikobo-chan	standard	6		
NONE	tokumorikobo-chan	standard	7		
NONE	tokumorikobo-chan	standard	10		
NONE	tokumorikobo-chan	standard	11		
NONE	uta-no-purinsusamatsu	standard	2		
NONE	hard-nuts	standard	4		
NONE	goshujin-sama-no-oshioki	standard	2		
NONE	saiyaku-wa-boku-o-sukisugiru	standard	5		
NONE	saitou-takao-ikenami-shoutarou-jidai-gekiga-waido-selection	standard	2		
NONE	saitou-takao-ikenami-shoutarou-jidai-gekiga-waido-selection	standard	3		
NONE	saitou-takao-ikenami-shoutarou-jidai-gekiga-waido-selection	standard	4		
NONE	saitou-takao-ikenami-shoutarou-jidai-gekiga-waido-selection	standard	5		
NONE	saitou-takao-ikenami-shoutarou-jidai-gekiga-waido-selection	standard	6		
NONE	saitou-takao-ikenami-shoutarou-jidai-gekiga-waido-selection	standard	7		
NONE	saitou-takao-ikenami-shoutarou-jidai-gekiga-waido-selection	standard	8		
NONE	saitou-takao-ikenami-shoutarou-jidai-gekiga-waido-selection	standard	9		
NONE	soshite-kozure-ookami-shikaku-no-ko	standard	2		
NONE	soshite-kozure-ookami-shikaku-no-ko	standard	3		
NONE	soshite-kozure-ookami-shikaku-no-ko	standard	4		
NONE	rakkiidoggu-1-blast	standard	2		
NONE	gakkou-kachinukisen-jikken-taiketsu	standard	14		
NONE	gakkou-kachinukisen-jikken-taiketsu	standard	15		
NONE	gakkou-kachinukisen-jikken-taiketsu	standard	17		
NONE	shin-kurosagi-kanketsu-hen	standard	5		
NONE	shin-kurosagi-kanketsu-hen	standard	6		
NONE	shin-kurosagi-kanketsu-hen	standard	7		
NONE	shin-kurosagi-kanketsu-hen	standard	8		
NONE	shin-kurosagi-kanketsu-hen	standard	9		
NONE	shin-kurosagi-kanketsu-hen	standard	10		
NONE	shin-kurosagi-kanketsu-hen	standard	11		
NONE	shin-kurosagi-kanketsu-hen	standard	12		
NONE	shin-kurosagi-kanketsu-hen	standard	13		
NONE	shin-kurosagi-kanketsu-hen	standard	15		
NONE	shin-kurosagi-kanketsu-hen	standard	16		
NONE	shin-kurosagi-kanketsu-hen	standard	17		
NONE	bou-kun-vaaderu-no-hanayome	standard	4		
NONE	bou-kun-vaaderu-no-hanayome	standard	5		
NONE	bou-kun-vaaderu-no-hanayome	standard	6		
NONE	bou-kun-vaaderu-no-hanayome	standard	7		
NONE	bou-kun-vaaderu-no-hanayome	standard	8		
NONE	bou-kun-vaaderu-no-hanayome	standard	9		
NONE	bou-kun-vaaderu-no-hanayome	standard	10		
NONE	bou-kun-vaaderu-no-hanayome	standard	11		
NONE	bou-kun-vaaderu-no-hanayome	standard	12		
NONE	kizuato	standard	3		
NONE	kyouka-ayakashi-hichou	standard	2		
NONE	kaitou-lupin-den-aventurier	standard	6		
NONE	kaitou-lupin-den-aventurier	standard	7		
NONE	kaitou-lupin-den-aventurier	standard	8		
NONE	kaitou-lupin-den-aventurier	standard	9		
NONE	kaitou-lupin-den-aventurier	standard	10		
NONE	shin-mimibukuro	standard	2		
NONE	shin-mimibukuro	standard	3		
NONE	shin-mimibukuro	standard	4		
NONE	shachou-to-anan	standard	10		
NONE	ryuutei-no-mon	standard	5		
NONE	kantai-collection-kancolle-4-koma-comic-fubuki-ganbarimasu	standard	3		
NONE	kantai-collection-kancolle-4-koma-comic-fubuki-ganbarimasu	standard	4		
NONE	gurazeni-2014	standard	5		
NONE	gurazeni-2014	standard	6		
NONE	gurazeni-2014	standard	7		
NONE	gurazeni-2014	standard	8		
NONE	gurazeni-2014	standard	9		
NONE	gurazeni-2014	standard	10		
NONE	gurazeni-2014	standard	11		
NONE	gurazeni-2014	standard	12		
NONE	gurazeni-2014	standard	13		
NONE	gurazeni-2014	standard	14		
NONE	gurazeni-2014	standard	15		
NONE	chibi-hontou-ni-atta-waraeru-hanashi	standard	44		
NONE	chibi-hontou-ni-atta-waraeru-hanashi	standard	45		
NONE	chibi-hontou-ni-atta-waraeru-hanashi	standard	46		
NONE	chibi-hontou-ni-atta-waraeru-hanashi	standard	47		
NONE	chibi-hontou-ni-atta-waraeru-hanashi	standard	48		
NONE	chibi-hontou-ni-atta-waraeru-hanashi	standard	49		
NONE	chibi-hontou-ni-atta-waraeru-hanashi	standard	50		
NONE	chibi-hontou-ni-atta-waraeru-hanashi	standard	51		
NONE	chibi-hontou-ni-atta-waraeru-hanashi	standard	52		
NONE	chibi-hontou-ni-atta-waraeru-hanashi	standard	53		
NONE	chibi-hontou-ni-atta-waraeru-hanashi	standard	54		
NONE	chibi-hontou-ni-atta-waraeru-hanashi	standard	55		
NONE	chibi-hontou-ni-atta-waraeru-hanashi	standard	56		
NONE	chibi-hontou-ni-atta-waraeru-hanashi	standard	57		
NONE	chibi-hontou-ni-atta-waraeru-hanashi	standard	58		
NONE	chibi-hontou-ni-atta-waraeru-hanashi	standard	59		
NONE	chibi-hontou-ni-atta-waraeru-hanashi	standard	60		
NONE	chibi-hontou-ni-atta-waraeru-hanashi	standard	61		
NONE	chibi-hontou-ni-atta-waraeru-hanashi	standard	62		
NONE	chibi-hontou-ni-atta-waraeru-hanashi	standard	63		
NONE	chibi-hontou-ni-atta-waraeru-hanashi	standard	64		
NONE	chibi-hontou-ni-atta-waraeru-hanashi	standard	65		
NONE	chibi-hontou-ni-atta-waraeru-hanashi	standard	66		
NONE	chibi-hontou-ni-atta-waraeru-hanashi	standard	67		
NONE	chibi-hontou-ni-atta-waraeru-hanashi	standard	68		
NONE	chibi-hontou-ni-atta-waraeru-hanashi	standard	69		
NONE	chibi-hontou-ni-atta-waraeru-hanashi	standard	70		
NONE	chibi-hontou-ni-atta-waraeru-hanashi	standard	71		
NONE	chibi-hontou-ni-atta-waraeru-hanashi	standard	72		
NONE	chibi-hontou-ni-atta-waraeru-hanashi	standard	73		
NONE	chibi-hontou-ni-atta-waraeru-hanashi	standard	74		
NONE	chibi-hontou-ni-atta-waraeru-hanashi	standard	75		
NONE	chibi-hontou-ni-atta-waraeru-hanashi	standard	76		
NONE	chibi-hontou-ni-atta-waraeru-hanashi	standard	77		
NONE	chibi-hontou-ni-atta-waraeru-hanashi	standard	78		
NONE	chibi-hontou-ni-atta-waraeru-hanashi	standard	79		
NONE	chibi-hontou-ni-atta-waraeru-hanashi	standard	80		
NONE	chibi-hontou-ni-atta-waraeru-hanashi	standard	81		
NONE	chibi-hontou-ni-atta-waraeru-hanashi	standard	82		
NONE	chibi-hontou-ni-atta-waraeru-hanashi	standard	83		
NONE	chibi-hontou-ni-atta-waraeru-hanashi	standard	84		
NONE	chibi-hontou-ni-atta-waraeru-hanashi	standard	85		
NONE	chibi-hontou-ni-atta-waraeru-hanashi	standard	86		
NONE	chibi-hontou-ni-atta-waraeru-hanashi	standard	87		
NONE	chibi-hontou-ni-atta-waraeru-hanashi	standard	88		
NONE	chibi-hontou-ni-atta-waraeru-hanashi	standard	89		
NONE	chibi-hontou-ni-atta-waraeru-hanashi	standard	90		
NONE	chibi-hontou-ni-atta-waraeru-hanashi	standard	91		
NONE	chibi-hontou-ni-atta-waraeru-hanashi	standard	92		
NONE	chibi-hontou-ni-atta-waraeru-hanashi	standard	93		
NONE	chibi-hontou-ni-atta-waraeru-hanashi	standard	94		
NONE	chibi-hontou-ni-atta-waraeru-hanashi	standard	95		
NONE	chibi-hontou-ni-atta-waraeru-hanashi	standard	96		
NONE	chibi-hontou-ni-atta-waraeru-hanashi	standard	97		
NONE	chibi-hontou-ni-atta-waraeru-hanashi	standard	98		
NONE	chibi-hontou-ni-atta-waraeru-hanashi	standard	99		
NONE	chibi-hontou-ni-atta-waraeru-hanashi	standard	100		
NONE	chibi-hontou-ni-atta-waraeru-hanashi	standard	101		
NONE	chibi-hontou-ni-atta-waraeru-hanashi	standard	102		
NONE	chibi-hontou-ni-atta-waraeru-hanashi	standard	103		
NONE	chibi-hontou-ni-atta-waraeru-hanashi	standard	104		
NONE	chibi-hontou-ni-atta-waraeru-hanashi	standard	105		
NONE	chibi-hontou-ni-atta-waraeru-hanashi	standard	106		
NONE	chibi-hontou-ni-atta-waraeru-hanashi	standard	107		
NONE	chibi-hontou-ni-atta-waraeru-hanashi	standard	108		
NONE	chibi-hontou-ni-atta-waraeru-hanashi	standard	110		
NONE	chibi-hontou-ni-atta-waraeru-hanashi	standard	112		
NONE	chibi-hontou-ni-atta-waraeru-hanashi-girls-collection	standard	44		
NONE	chibi-hontou-ni-atta-waraeru-hanashi-girls-collection	standard	45		
NONE	chibi-hontou-ni-atta-waraeru-hanashi-girls-collection	standard	46		
NONE	chibi-hontou-ni-atta-waraeru-hanashi-girls-collection	standard	47		
NONE	chibi-hontou-ni-atta-waraeru-hanashi-girls-collection	standard	48		
NONE	chibi-hontou-ni-atta-waraeru-hanashi-girls-collection	standard	49		
NONE	chibi-hontou-ni-atta-waraeru-hanashi-girls-collection	standard	50		
NONE	chibi-hontou-ni-atta-waraeru-hanashi-girls-collection	standard	51		
NONE	chibi-hontou-ni-atta-waraeru-hanashi-girls-collection	standard	52		
NONE	chibi-hontou-ni-atta-waraeru-hanashi-girls-collection	standard	53		
NONE	chibi-hontou-ni-atta-waraeru-hanashi-girls-collection	standard	54		
NONE	chibi-hontou-ni-atta-waraeru-hanashi-girls-collection	standard	55		
NONE	chibi-hontou-ni-atta-waraeru-hanashi-girls-collection	standard	56		
NONE	chibi-hontou-ni-atta-waraeru-hanashi-girls-collection	standard	57		
NONE	chibi-hontou-ni-atta-waraeru-hanashi-girls-collection	standard	58		
NONE	chibi-hontou-ni-atta-waraeru-hanashi-girls-collection	standard	59		
NONE	chibi-hontou-ni-atta-waraeru-hanashi-girls-collection	standard	60		
NONE	chibi-hontou-ni-atta-waraeru-hanashi-girls-collection	standard	61		
NONE	chibi-hontou-ni-atta-waraeru-hanashi-girls-collection	standard	62		
NONE	chibi-hontou-ni-atta-waraeru-hanashi-girls-collection	standard	63		
NONE	chibi-hontou-ni-atta-waraeru-hanashi-girls-collection	standard	64		
NONE	chibi-hontou-ni-atta-waraeru-hanashi-girls-collection	standard	65		
NONE	chibi-hontou-ni-atta-waraeru-hanashi-girls-collection	standard	66		
NONE	chibi-hontou-ni-atta-waraeru-hanashi-girls-collection	standard	67		
NONE	chibi-hontou-ni-atta-waraeru-hanashi-girls-collection	standard	68		
NONE	chibi-hontou-ni-atta-waraeru-hanashi-girls-collection	standard	69		
NONE	chibi-hontou-ni-atta-waraeru-hanashi-girls-collection	standard	70		
NONE	chibi-hontou-ni-atta-waraeru-hanashi-girls-collection	standard	71		
NONE	chibi-hontou-ni-atta-waraeru-hanashi-girls-collection	standard	72		
NONE	chibi-hontou-ni-atta-waraeru-hanashi-girls-collection	standard	73		
NONE	chibi-hontou-ni-atta-waraeru-hanashi-girls-collection	standard	74		
NONE	chibi-hontou-ni-atta-waraeru-hanashi-girls-collection	standard	75		
NONE	chibi-hontou-ni-atta-waraeru-hanashi-girls-collection	standard	76		
NONE	chibi-hontou-ni-atta-waraeru-hanashi-girls-collection	standard	77		
NONE	chibi-hontou-ni-atta-waraeru-hanashi-girls-collection	standard	78		
NONE	chibi-hontou-ni-atta-waraeru-hanashi-girls-collection	standard	79		
NONE	chibi-hontou-ni-atta-waraeru-hanashi-girls-collection	standard	80		
NONE	chibi-hontou-ni-atta-waraeru-hanashi-girls-collection	standard	81		
NONE	chibi-hontou-ni-atta-waraeru-hanashi-girls-collection	standard	82		
NONE	chibi-hontou-ni-atta-waraeru-hanashi-girls-collection	standard	83		
NONE	chibi-hontou-ni-atta-waraeru-hanashi-girls-collection	standard	84		
NONE	chibi-hontou-ni-atta-waraeru-hanashi-girls-collection	standard	85		
NONE	chibi-hontou-ni-atta-waraeru-hanashi-girls-collection	standard	86		
NONE	chibi-hontou-ni-atta-waraeru-hanashi-girls-collection	standard	87		
NONE	chibi-hontou-ni-atta-waraeru-hanashi-girls-collection	standard	88		
NONE	chibi-hontou-ni-atta-waraeru-hanashi-girls-collection	standard	89		
NONE	chibi-hontou-ni-atta-waraeru-hanashi-girls-collection	standard	90		
NONE	chibi-hontou-ni-atta-waraeru-hanashi-girls-collection	standard	91		
NONE	chibi-hontou-ni-atta-waraeru-hanashi-girls-collection	standard	92		
NONE	chibi-hontou-ni-atta-waraeru-hanashi-girls-collection	standard	93		
NONE	chibi-hontou-ni-atta-waraeru-hanashi-girls-collection	standard	94		
NONE	chibi-hontou-ni-atta-waraeru-hanashi-girls-collection	standard	95		
NONE	chibi-hontou-ni-atta-waraeru-hanashi-girls-collection	standard	96		
NONE	chibi-hontou-ni-atta-waraeru-hanashi-girls-collection	standard	97		
NONE	chibi-hontou-ni-atta-waraeru-hanashi-girls-collection	standard	98		
NONE	chibi-hontou-ni-atta-waraeru-hanashi-girls-collection	standard	99		
NONE	chibi-hontou-ni-atta-waraeru-hanashi-girls-collection	standard	100		
NONE	chibi-hontou-ni-atta-waraeru-hanashi-girls-collection	standard	101		
NONE	chibi-hontou-ni-atta-waraeru-hanashi-girls-collection	standard	102		
NONE	chibi-hontou-ni-atta-waraeru-hanashi-girls-collection	standard	103		
NONE	chibi-hontou-ni-atta-waraeru-hanashi-girls-collection	standard	104		
NONE	chibi-hontou-ni-atta-waraeru-hanashi-girls-collection	standard	105		
NONE	chibi-hontou-ni-atta-waraeru-hanashi-girls-collection	standard	106		
NONE	chibi-hontou-ni-atta-waraeru-hanashi-girls-collection	standard	107		
NONE	chibi-hontou-ni-atta-waraeru-hanashi-girls-collection	standard	108		
NONE	chibi-hontou-ni-atta-waraeru-hanashi-girls-collection	standard	110		
NONE	chibi-hontou-ni-atta-waraeru-hanashi-girls-collection	standard	112		
NONE	chibi-hontou-ni-atta-waraeru-hanashi-girls-collection	standard	153		
NONE	chibi-hontou-ni-atta-waraeru-hanashi-girls-collection	standard	204		
NONE	chibi-hontou-ni-atta-waraeru-hanashi-girls-collection	standard	205		
NONE	chibi-hontou-ni-atta-waraeru-hanashi-girls-collection	standard	207		
NONE	chibi-hontou-ni-atta-waraeru-hanashi-girls-collection	standard	208		
NONE	chibi-hontou-ni-atta-waraeru-hanashi-girls-collection	standard	220		
NONE	chibi-hontou-ni-atta-waraeru-hanashi-girls-collection	standard	221		
NONE	chibi-hontou-ni-atta-waraeru-hanashi-girls-collection	standard	222		
NONE	kaitou-lupin-den-abanchurie-toujou-hen	standard	2		
NONE	kaitou-lupin-den-abanchurie-toujou-hen	standard	4		
NONE	kaitou-lupin-den-abanchurie-toujou-hen	standard	5		
NONE	kaitou-lupin-den-abanchurie-toujou-hen	standard	6		
NONE	kaitou-lupin-den-abanchurie-toujou-hen	standard	7		
NONE	kaitou-lupin-den-abanchurie-toujou-hen	standard	8		
NONE	kaitou-lupin-den-abanchurie-toujou-hen	standard	9		
NONE	kaitou-lupin-den-abanchurie-toujou-hen	standard	10		
NONE	esudii-gundam-gaiden-kishi-gundam-monogatari-seikihei-monogatari-hen	standard	2		
NONE	itadakimasu-uekan-2015	standard	3		
NONE	itadakimasu-uekan-2015	standard	4		
NONE	itadakimasu-uekan-2015	standard	5		
NONE	itadakimasu-uekan-2015	standard	6		
NONE	itadakimasu-uekan-2015	standard	7		
NONE	itadakimasu-uekan-2015	standard	8		
NONE	itadakimasu-uekan-2015	standard	9		
NONE	itadakimasu-uekan-2015	standard	10		
NONE	itadakimasu-uekan-2015	standard	11		
NONE	itadakimasu-uekan-2015	standard	12		
NONE	itadakimasu-uekan-2015	standard	13		
NONE	itadakimasu-uekan-2015	standard	14		
NONE	itadakimasu-uekan-2015	standard	15		
NONE	itadakimasu-uekan-2015	standard	16		
NONE	itadakimasu-uekan-2015	standard	17		
NONE	itadakimasu-uekan-2015	standard	18		
NONE	itadakimasu-uekan-2015	standard	19		
NONE	itadakimasu-uekan-2015	standard	20		
NONE	itadakimasu-uekan-2015	standard	21		
NONE	itadakimasu-uekan-2015	standard	22		
NONE	itadakimasu-uekan-2015	standard	23		
NONE	itadakimasu-uekan-2015	standard	24		
NONE	itadakimasu-uekan-2015	standard	25		
NONE	itadakimasu-uekan-2015	standard	26		
NONE	itadakimasu-uekan-2015	standard	27		
NONE	itadakimasu-uekan-2015	standard	28		
NONE	itadakimasu-uekan-2015	standard	29		
NONE	itadakimasu-uekan-2015	standard	30		
NONE	itadakimasu-uekan-2015	standard	31		
NONE	itadakimasu-uekan-2015	standard	32		
NONE	itadakimasu-uekan-2015	standard	33		
NONE	itadakimasu-uekan-2015	standard	34		
NONE	itadakimasu-uekan-2015	standard	35		
NONE	itadakimasu-uekan-2015	standard	36		
NONE	itadakimasu-uekan-2015	standard	37		
NONE	itadakimasu-uekan-2015	standard	38		
NONE	itadakimasu-uekan-2015	standard	39		
NONE	itadakimasu-uekan-2015	standard	40		
NONE	itadakimasu-uekan-2015	standard	41		
NONE	itadakimasu-uekan-2015	standard	42		
NONE	itadakimasu-uekan-2015	standard	43		
NONE	itadakimasu-uekan-2015	standard	44		
NONE	itadakimasu-uekan-2015	standard	45		
NONE	itadakimasu-uekan-2015	standard	46		
NONE	itadakimasu-uekan-2015	standard	47		
NONE	itadakimasu-uekan-2015	standard	48		
NONE	itadakimasu-uekan-2015	standard	49		
NONE	itadakimasu-uekan-2015	standard	50		
NONE	otokuyou-mainichi-kaa-san	standard	2		
NONE	otokuyou-mainichi-kaa-san	standard	4		
NONE	otokuyou-mainichi-kaa-san	standard	6		
NONE	oogata-shinjin-no-kyouikugakari	standard	2		
NONE	crew-de-gozaimasu	standard	2		
NONE	dogs-sato-2023	standard	2		
NONE	sherlock-berugureebia-no-shuubun	standard	2		
NONE	sherlock-ooinaru-game	standard	2		
NONE	sayonara-jitensha	standard	2		
NONE	zootopia	standard	2		
NONE	dragless-sex	standard	2		
NONE	finding-dory	standard	2		
NONE	final-fantasy-lost-stranger-2021	standard	5		
NONE	guresanpo	standard	2		
NONE	honda-kanoko-no-hondana	standard	3		
NONE	honda-kanoko-no-hondana	standard	4		
NONE	honda-kanoko-no-hondana	standard	5		
NONE	honda-kanoko-no-hondana	standard	6		
NONE	honda-kanoko-no-hondana	standard	7		
NONE	honda-kanoko-no-hondana	standard	8		
NONE	honda-kanoko-no-hondana	standard	9		
NONE	honda-kanoko-no-hondana	standard	10		
NONE	honda-kanoko-no-hondana	standard	11		
NONE	honda-kanoko-no-hondana	standard	12		
NONE	honda-kanoko-no-hondana	standard	13		
NONE	honda-kanoko-no-hondana	standard	14		
NONE	honda-kanoko-no-hondana	standard	15		
NONE	honda-kanoko-no-hondana	standard	16		
NONE	honda-kanoko-no-hondana	standard	17		
NONE	honda-kanoko-no-hondana	standard	18		
NONE	honda-kanoko-no-hondana	standard	19		
NONE	honda-kanoko-no-hondana	standard	20		
NONE	honda-kanoko-no-hondana	standard	21		
NONE	honda-kanoko-no-hondana	standard	22		
NONE	honda-kanoko-no-hondana	standard	23		
NONE	honda-kanoko-no-hondana	standard	24		
NONE	honda-kanoko-no-hondana	standard	25		
NONE	honda-kanoko-no-hondana	standard	26		
NONE	honda-kanoko-no-hondana	standard	27		
NONE	honda-kanoko-no-hondana	standard	28		
NONE	honda-kanoko-no-hondana	standard	29		
NONE	honda-kanoko-no-hondana	standard	30		
NONE	honda-kanoko-no-hondana	standard	31		
NONE	honda-kanoko-no-hondana	standard	32		
NONE	honda-kanoko-no-hondana	standard	33		
NONE	honda-kanoko-no-hondana	standard	34		
NONE	honda-kanoko-no-hondana	standard	35		
NONE	honda-kanoko-no-hondana	standard	36		
NONE	honda-kanoko-no-hondana	standard	37		
NONE	honda-kanoko-no-hondana	standard	38		
NONE	honda-kanoko-no-hondana	standard	39		
NONE	honda-kanoko-no-hondana	standard	40		
NONE	honda-kanoko-no-hondana	standard	41		
NONE	honda-kanoko-no-hondana	standard	42		
NONE	honda-kanoko-no-hondana	standard	43		
NONE	honda-kanoko-no-hondana	standard	44		
NONE	honda-kanoko-no-hondana	standard	45		
NONE	fate-grand-order-turas-r-alta	standard	3		
NONE	fate-grand-order-turas-r-alta	standard	4		
NONE	fate-grand-order-turas-r-alta	standard	18		
NONE	fate-grand-order-turas-r-alta	standard	19		
NONE	neko-youkai	standard	2		
NONE	neko-youkai	standard	3		
NONE	neko-youkai	standard	4		
NONE	neko-youkai	standard	5		
NONE	neko-youkai	standard	6		
NONE	neko-youkai	standard	7		
NONE	neko-youkai	standard	8		
NONE	neko-youkai-gorogoro	standard	2		
NONE	neko-youkai-gorogoro	standard	3		
NONE	neko-youkai-gorogoro	standard	4		
NONE	neko-youkai-gorogoro	standard	5		
NONE	neko-youkai-gorogoro	standard	6		
NONE	neko-youkai-gorogoro	standard	7		
NONE	neko-youkai-gorogoro	standard	8		
NONE	neko-youkai-mugyutsu	standard	2		
NONE	neko-youkai-mugyutsu	standard	3		
NONE	neko-youkai-mugyutsu	standard	4		
NONE	neko-youkai-mugyutsu	standard	5		
NONE	neko-youkai-mugyutsu	standard	6		
NONE	neko-youkai-mugyutsu	standard	7		
NONE	neko-youkai-mugyutsu	standard	8		
NONE	series-atarimae-no-zeitaku	standard	2		
NONE	chibikasu-kun	standard	3		
NONE	chibikasu-kun	standard	4		
NONE	chibikasu-kun	standard	5		
NONE	chibikasu-kun	standard	6		
NONE	chibikasu-kun	standard	7		
NONE	chibikasu-kun	standard	8		
NONE	chibikasu-kun	standard	9		
NONE	chibikasu-kun	standard	10		
NONE	chibikasu-kun	standard	11		
NONE	chibikasu-kun	standard	12		
NONE	chibikasu-kun	standard	13		
NONE	chibikasu-kun	standard	14		
NONE	chibikasu-kun	standard	15		
NONE	chibikasu-kun	standard	16		
NONE	chibikasu-kun	standard	17		
NONE	chibikasu-kun	standard	18		
NONE	chibikasu-kun	standard	19		
NONE	chibikasu-kun	standard	20		
NONE	chibikasu-kun	standard	21		
NONE	chibikasu-kun	standard	22		
NONE	chibikasu-kun	standard	23		
NONE	chibikasu-kun	standard	24		
NONE	chibikasu-kun	standard	25		
NONE	chibikasu-kun	standard	26		
NONE	chibikasu-kun	standard	27		
NONE	chibikasu-kun	standard	28		
NONE	chibikasu-kun	standard	29		
NONE	chibikasu-kun	standard	30		
NONE	chibikasu-kun	standard	31		
NONE	chibikasu-kun	standard	32		
NONE	chibikasu-kun	standard	33		
NONE	chibikasu-kun	standard	34		
NONE	chibikasu-kun	standard	35		
NONE	chibikasu-kun	standard	36		
NONE	chibikasu-kun	standard	37		
NONE	chibikasu-kun	standard	38		
NONE	chibikasu-kun	standard	39		
NONE	chibikasu-kun	standard	40		
NONE	chibikasu-kun	standard	41		
NONE	chibikasu-kun	standard	42		
NONE	chibikasu-kun	standard	43		
NONE	chibikasu-kun	standard	44		
NONE	chibikasu-kun	standard	45		
NONE	chibikasu-kun	standard	46		
NONE	chibikasu-kun	standard	47		
NONE	chibikasu-kun	standard	48		
NONE	chibikasu-kun	standard	49		
NONE	mashou-no-ahosuta-san	standard	2		
NONE	in-hand-2019	standard	3		
NONE	in-hand-2019	standard	4		
NONE	in-hand-2019	standard	5		
NONE	magia-record-2025	standard	5		
NONE	afurete-koborete-gaman-dekinai	standard	2		
NONE	imootaru-princess-hajimemashita	standard	13		
NONE	suki-ni-sasete-miseru-kara	standard	2		
NONE	nichi-nichi-sora-no-tayori	standard	8		
NONE	shiori-experience-2021	standard	2		
NONE	shiori-experience-2021	standard	3		
NONE	shiori-experience-2021	standard	4		
NONE	shiori-experience-2021	standard	5		
NONE	shiori-experience-2021	standard	6		
NONE	shiori-experience-2021	standard	7		
NONE	shiori-experience-2021	standard	8		
NONE	shiori-experience-2021	standard	9		
NONE	shiori-experience-2021	standard	10		
NONE	shiori-experience-2021	standard	11		
NONE	shiori-experience-2021	standard	12		
NONE	shiori-experience-2021	standard	13		
NONE	shiori-experience-2021	standard	14		
NONE	shiori-experience-2021	standard	15		
NONE	pachinko	standard	6		
NONE	new-normal	standard	6		
NONE	himekishi-wa-barubaroi-no-yome	standard	8		
NONE	himekishi-wa-barubaroi-no-yome	standard	9		
NONE	heisei-kochikame-13-nen	standard	2		
NONE	heisei-kochikame-13-nen	standard	3		
NONE	heisei-kochikame-13-nen	standard	4		
NONE	heisei-kochikame-13-nen	standard	5		
NONE	heisei-kochikame-13-nen	standard	6		
NONE	heisei-kochikame-14-nen	standard	2		
NONE	heisei-kochikame-14-nen	standard	3		
NONE	heisei-kochikame-14-nen	standard	4		
NONE	heisei-kochikame-14-nen	standard	5		
NONE	heisei-kochikame-14-nen	standard	6		
NONE	heisei-kochikame-15-nen	standard	2		
NONE	heisei-kochikame-15-nen	standard	3		
NONE	heisei-kochikame-15-nen	standard	4		
NONE	heisei-kochikame-15-nen	standard	5		
NONE	heisei-kochikame-15-nen	standard	6		
NONE	heisei-kochikame-16-nen	standard	2		
NONE	heisei-kochikame-16-nen	standard	3		
NONE	heisei-kochikame-16-nen	standard	4		
NONE	heisei-kochikame-16-nen	standard	5		
NONE	heisei-kochikame-16-nen	standard	6		
NONE	heisei-kochikame-17-nen	standard	2		
NONE	heisei-kochikame-17-nen	standard	3		
NONE	heisei-kochikame-17-nen	standard	4		
NONE	heisei-kochikame-17-nen	standard	5		
NONE	heisei-kochikame-17-nen	standard	6		
NONE	heisei-kochikame-18-nen	standard	2		
NONE	heisei-kochikame-18-nen	standard	3		
NONE	heisei-kochikame-18-nen	standard	4		
NONE	heisei-kochikame-18-nen	standard	5		
NONE	heisei-kochikame-18-nen	standard	6		
NONE	heisei-kochikame-19-nen	standard	2		
NONE	heisei-kochikame-19-nen	standard	3		
NONE	heisei-kochikame-19-nen	standard	4		
NONE	heisei-kochikame-19-nen	standard	5		
NONE	heisei-kochikame-19-nen	standard	6		
NONE	netoraretemo-anata-no-kanojo	standard	2		
NONE	netoraretemo-anata-no-kanojo	standard	3		
NONE	heisei-kochikame-20-nen	standard	2		
NONE	heisei-kochikame-20-nen	standard	3		
NONE	heisei-kochikame-20-nen	standard	4		
NONE	heisei-kochikame-20-nen	standard	5		
NONE	heisei-kochikame-20-nen	standard	6		
NONE	heisei-kochikame-21-nen	standard	2		
NONE	heisei-kochikame-21-nen	standard	3		
NONE	heisei-kochikame-21-nen	standard	4		
NONE	heisei-kochikame-21-nen	standard	5		
NONE	heisei-kochikame-21-nen	standard	6		
NONE	heisei-kochikame-22-nen	standard	2		
NONE	heisei-kochikame-22-nen	standard	3		
NONE	heisei-kochikame-22-nen	standard	4		
NONE	heisei-kochikame-22-nen	standard	5		
NONE	heisei-kochikame-22-nen	standard	6		
NONE	heisei-kochikame-23-nen	standard	2		
NONE	heisei-kochikame-23-nen	standard	3		
NONE	heisei-kochikame-23-nen	standard	4		
NONE	heisei-kochikame-23-nen	standard	5		
NONE	heisei-kochikame-23-nen	standard	6		
NONE	heisei-kochikame-24-nen	standard	2		
NONE	heisei-kochikame-24-nen	standard	3		
NONE	heisei-kochikame-24-nen	standard	4		
NONE	heisei-kochikame-24-nen	standard	5		
NONE	heisei-kochikame-24-nen	standard	6		
NONE	heisei-kochikame-25-nen	standard	2		
NONE	heisei-kochikame-25-nen	standard	3		
NONE	heisei-kochikame-25-nen	standard	4		
NONE	heisei-kochikame-25-nen	standard	5		
NONE	heisei-kochikame-25-nen	standard	6		
NONE	skill-rendaa-no-torikaeshi	standard	8		
NONE	hontou-ni-atta-chibi-waraeru-hanashi	standard	206		
NONE	kusattemo-neko-nanode	standard	2		
NONE	heisei-kochikame-26-nen	standard	2		
NONE	heisei-kochikame-26-nen	standard	3		
NONE	heisei-kochikame-26-nen	standard	4		
NONE	heisei-kochikame-26-nen	standard	5		
NONE	heisei-kochikame-26-nen	standard	6		
NONE	heisei-kochikame-27-nen	standard	2		
NONE	heisei-kochikame-27-nen	standard	3		
NONE	heisei-kochikame-27-nen	standard	4		
NONE	heisei-kochikame-27-nen	standard	5		
NONE	heisei-kochikame-27-nen	standard	6		
NONE	heisei-kochikame-28-nen	standard	2		
NONE	heisei-kochikame-28-nen	standard	3		
NONE	heisei-kochikame-28-nen	standard	4		
NONE	1-tai-2-kousai-wa-rabukome-ni-hairimasuka	standard	2		
NONE	jiiteiiyuu-ikari-no-desu-yamada	standard	2		
