key	hole	num	isbn13	title
tezuka	no_cover		9784061907119	海のトリトン
tezuka	no_cover		9784061012547	怪植物ボルボック編
tezuka	no_cover		9784061012530	グリーブの秘密編
tezuka	no_cover		9784061907126	悟空の大冒険. 1
tezuka	no_cover		9784061907133	悟空の大冒険. 2
tezuka	no_cover		9784061907102	新宝島
tezuka	no_cover		9784061907065	ジャングル大帝. 1
tezuka	no_cover		9784061907072	ジャングル大帝. 2
tezuka	no_cover		9784061012578	地下の都編
tezuka	no_cover		9784062561907	手塚治虫昆虫図鑑
tezuka	no_cover		9784062051552	手塚治虫漫画の奥義
tezuka	no_cover		9784061013056	鉄腕アトム 第1集
tezuka	no_cover		9784061013063	鉄腕アトム 第2集
tezuka	no_cover		9784061013070	鉄腕アトム 第3集
tezuka	no_cover		9784061013087	鉄腕アトム 第4集
tezuka	no_cover		9784061013094	鉄腕アトム 第5集
tezuka	no_cover		9784061013100	鉄腕アトム 第6集
tezuka	no_cover		9784061013117	鉄腕アトム 第7集
tezuka	no_cover		9784061907010	鉄腕アトム. 1
tezuka	no_cover		9784061907027	鉄腕アトム. 2
tezuka	no_cover		9784061907034	鉄腕アトム. 3
tezuka	no_cover		9784062076180	火の鳥 : 懸命に生きる
tezuka	no_cover		9784063304015	火の鳥2772
tezuka	no_cover		9784845630523	手塚治虫エッセイ集成映画・アニメ観てある記
tezuka	no_cover		9784845630516	手塚治虫エッセイ集成私的作家考
tezuka	no_cover		9784845631575	手塚治虫エッセイ集成ぼくの旅行記
tezuka	no_cover		9784845631568	手塚治虫エッセイ集成ルーツと音楽
tezuka	no_cover		9784845631902	手塚治虫エッセイ集成わが想い出の記
tezuka	no_cover		9784267013737	手塚治虫対談集 続
tezuka	no_cover	384	9784845628223	手塚治虫小説集成
tezuka	no_cover		9784480036599	手塚治虫小説集
tezuka	no_cover		9787559659446	那个世界的终结　：　手冢治虫小说集成
tezuka	no_cover	386	9784845629893	手塚治虫シナリオ集成1970-1980
tezuka	no_cover		9784845630080	手塚治虫シナリオ集成1981-1989
fujiko-f	no_cover		9789865123413	奇天烈大百科 1
fujiko-f	no_cover		9789865125479	奇天烈大百科 2
fujiko-f	no_cover		9789862569160	哆啦A夢 1
fujiko-f	no_cover		9789863105541	哆啦A夢 10
fujiko-f	no_cover		9789863106517	哆啦A夢 11
fujiko-f	no_cover		9789863106562	哆啦A夢 12
fujiko-f	no_cover		9789863107224	哆啦A夢 13
fujiko-f	no_cover		9789863107422	哆啦A夢 14
fujiko-f	no_cover		9789863108139	哆啦A夢 15
fujiko-f	no_cover		9789863108702	哆啦A夢 16
fujiko-f	no_cover		9789863109815	哆啦A夢 17
fujiko-f	no_cover		9789863560456	哆啦A夢 18
fujiko-f	no_cover		9789862569757	哆啦A夢 2
fujiko-f	no_cover		9789863100782	哆啦A夢 3
fujiko-f	no_cover		9789863101475	哆啦A夢 4
fujiko-f	no_cover		9789863102113	哆啦A夢 5
fujiko-f	no_cover		9789863102977	哆啦A夢 6
fujiko-f	no_cover		9789863103585	哆啦A夢 7
fujiko-f	no_cover		9789863104544	哆啦A夢 8
fujiko-f	no_cover		9789863104940	哆啦A夢 9
fujiko-f	no_cover		9788016016833	藤子・Ｆ・不二雄大全集 哆啦Ａ夢大長篇 1
fujiko-f	no_cover		9788016018387	藤子・F・不二雄大全集 哆啦Ａ夢大長篇 2
fujiko-f	no_cover		9788016018882	藤子・F・不二雄大全集 哆啦Ａ夢大長篇 3
fujiko-f	no_cover		9788016019667	藤子・F・不二雄大全集 哆啦Ａ夢大長篇 4
fujiko-f	no_cover		9788016020823	藤子・F・不二雄大全集 哆啦Ａ夢大長篇 5
mizuki	no_date		9784069397738	水木しげる漫画大全集第1期B（10冊セット）
mizuki	no_date		9784069397745	水木しげる漫画大全集第1期C（13冊セット）
fujiko-land	no_cover	247	9784124102475	アン子大いに怒る : 少年SF短篇6
fujiko-land	no_cover	296	9784124102963	異色SF短篇. 3 (一千年後の再会)
fujiko-land	no_cover	292	9784124102925	異色SF短篇. 1 (夢カメラ)
fujiko-land	no_cover	294	9784124102949	異色SF短篇. 2 (あのバカは荒野をめざす)
fujiko-land	no_cover		9784124102239	宇宙人 : 少年SF短篇1
fujiko-land	no_cover		9784124101911	宇宙生物モジャ公. 1
fujiko-land	no_cover		9784124101959	宇宙生物モジャ公. 2
fujiko-land	no_cover		9784124101997	宇宙生物モジャ公 3
fujiko-land	no_cover		9784124100099	海の王子. 3
fujiko-land	no_cover		9784124100136	海の王子. 4
fujiko-land	no_cover		9784124100174	海の王子. 5
fujiko-land	no_cover	270	9784124102703	オヤジ坊太郎. 1
fujiko-land	no_cover	274	9784124102741	オヤジ坊太郎. 2
fujiko-land	no_cover	239	9784124102390	おれ、夕子 : 少年SF短篇4
fujiko-land	no_cover	240	9784124102406	快人わかとの
fujiko-land	no_cover	266	9784124102666	仮面太郎
fujiko-land	no_cover	241	9784124102413	きえる快速車 2
fujiko-land	no_cover		9784124100594	キテレツ大百科. 1
fujiko-land	no_cover		9784124100631	キテレツ大百科. 2
fujiko-land	no_cover		9784124100679	キテレツ大百科. 3
fujiko-land	no_cover		9784124100716	キテレツ大百科. 4
fujiko-land	no_cover	249	9784124102499	くまんばち作戦
fujiko-land	no_cover		9784124101447	黒ベエ. 3
fujiko-land	no_cover		9784124102437	少年SF短篇 5
fujiko-land	no_cover		9784124102307	新オバケのQ太郎. 1
fujiko-land	no_cover	234	9784124102345	新オバケのQ太郎. 2
fujiko-land	no_cover	238	9784124102383	新オバケのQ太郎. 3
fujiko-land	no_cover	242	9784124102420	新オバケのQ太郎. 4
fujiko-land	no_cover	246	9784124102468	新オバケのQ太郎. 5
fujiko-land	no_cover	250	9784124102505	新オバケのQ太郎. 6
fujiko-land	no_cover	254	9784124102543	新オバケのQ太郎. 7
fujiko-land	no_cover	252	9784124102529	新プロゴルファー猿. 1
fujiko-land	no_cover	256	9784124102567	新プロゴルファー猿. 2
fujiko-land	no_cover	260	9784124102604	新プロゴルファー猿. 3
fujiko-land	no_cover	264	9784124102642	新プロゴルファー猿. 4
fujiko-land	no_cover	268	9784124102680	新プロゴルファー猿. 5
fujiko-land	no_cover	272	9784124102727	新プロゴルファー猿. 6
fujiko-land	no_cover	276	9784124102765	新プロゴルファー猿. 7
fujiko-land	no_cover	280	9784124102802	新プロゴルファー猿. 8
fujiko-land	no_cover	291	9784124102918	新プロゴルファー猿. 9
fujiko-land	no_cover		9784124101553	新編集ウメ星デンカ. 1
fujiko-land	no_cover		9784124101591	新編集ウメ星デンカ. 2
fujiko-land	no_cover		9784124101638	新編集ウメ星デンカ. 3
fujiko-land	no_cover		9784124101713	新編集ウメ星デンカ. 5
fujiko-land	no_cover		9784124100754	新編集オバケのQ太郎. 1
fujiko-land	no_cover		9784124101119	新編集オバケのQ太郎. 10
fujiko-land	no_cover		9784124101157	新編集オバケのQ太郎. 11
fujiko-land	no_cover		9784124101195	新編集オバケのQ太郎. 12
fujiko-land	no_cover		9784124101232	新編集オバケのQ太郎. 13
fujiko-land	no_cover		9784124101270	新編集オバケのQ太郎. 14
fujiko-land	no_cover		9784124101317	新編集オバケのQ太郎. 15
fujiko-land	no_cover		9784124101355	新編集オバケのQ太郎. 16
fujiko-land	no_cover		9784124101393	新編集オバケのQ太郎. 17
fujiko-land	no_cover		9784124101430	新編集オバケのQ太郎. 18
fujiko-land	no_cover		9784124101478	新編集オバケのQ太郎. 19
fujiko-land	no_cover		9784124100792	新編集オバケのQ太郎. 2
fujiko-land	no_cover		9784124101515	新編集オバケのQ太郎. 20
fujiko-land	no_cover		9784124100839	新編集オバケのQ太郎. 3
fujiko-land	no_cover		9784124100877	新編集オバケのQ太郎. 4
fujiko-land	no_cover		9784124100914	新編集オバケのQ太郎. 5
fujiko-land	no_cover		9784124100952	新編集オバケのQ太郎. 6
fujiko-land	no_cover		9784124100990	新編集オバケのQ太郎. 7
fujiko-land	no_cover		9784124101034	新編集オバケのQ太郎. 8
fujiko-land	no_cover		9784124101072	新編集オバケのQ太郎. 9
fujiko-land	no_cover		9784124101454	新編集怪物くん. 1
fujiko-land	no_cover		9784124101812	新編集怪物くん. 10
fujiko-land	no_cover		9784124101850	新編集怪物くん. 11
fujiko-land	no_cover		9784124101898	新編集怪物くん. 12
fujiko-land	no_cover		9784124101935	新編集怪物くん. 13
fujiko-land	no_cover		9784124101973	新編集怪物くん 14
fujiko-land	no_cover		9784124101492	新編集怪物くん. 2
fujiko-land	no_cover		9784124101539	新編集怪物くん. 3
fujiko-land	no_cover		9784124101577	新編集怪物くん. 4
fujiko-land	no_cover		9784124101614	新編集怪物くん. 5
fujiko-land	no_cover		9784124101652	新編集怪物くん. 6
fujiko-land	no_cover		9784124101690	新編集怪物くん. 7
fujiko-land	no_cover		9784124101737	新編集怪物くん. 8
fujiko-land	no_cover		9784124101775	新編集怪物くん. 9
fujiko-land	no_cover		9784124101294	新編集忍者ハットリくん. 1
fujiko-land	no_cover		9784124101331	新編集忍者ハットリくん. 2
fujiko-land	no_cover		9784124101379	新編集忍者ハットリくん. 3
fujiko-land	no_cover		9784124101416	新編集忍者ハットリくん. 4
fujiko-land	no_cover		9784124101942	新編集パーマン. 10
fujiko-land	no_cover		9784124102024	新編集パーマン. 11
fujiko-land	no_cover		9784124102062	新編集パーマン. 12
fujiko-land	no_cover		9784124101904	新編集パーマン 9
fujiko-land	no_cover		9784124101751	ジャングル黒べえ
fujiko-land	no_cover		9784124102031	星人ドビンソン漂流記. 1
fujiko-land	no_cover		9784124102079	星人ドビンソン漂流記. 2
fujiko-land	no_cover		9784124102277	創世日記 : 少年SF短篇2
fujiko-land	no_cover		9784124102147	T・Pぼん. 1
fujiko-land	no_cover		9784124102222	T・Pぼん. 2
fujiko-land	no_cover		9784124102260	T・Pぼん. 3
fujiko-land	no_cover	298	9784124102987	T・Pぼん. 4
fujiko-land	no_cover	300	9784124103007	T・Pぼん. 5
fujiko-land	no_cover		9784124101423	大長編ドラえもん : 映画原作. 1 (のび太の恐竜)
fujiko-land	no_cover		9784124101546	大長編ドラえもん : 映画原作. 2 (のび太の宇宙開拓史)
fujiko-land	no_cover		9784124101706	大長編ドラえもん : 映画原作. 3 (のび太の大魔境)
fujiko-land	no_cover		9784124101867	大長編ドラえもん : 映画原作. 4 (のび太の海底鬼岩城)
fujiko-land	no_cover		9784124102109	大長編ドラえもん : 映画原作. 6 (のび太の宇宙小戦争)
fujiko-land	no_cover		9784124102185	大長編ドラえもん : 映画原作. 7 (のび太と鉄人兵団)
fujiko-land	no_cover		9784124102314	大長編ドラえもん : 映画原作. 8 (のび太と竜の騎士)
fujiko-land	no_cover	282	9784124102826	大長編ドラえもん : 映画原作. 9 (のび太の日本誕生)
fujiko-land	no_cover	262	9784124102628	宙犬トッピ
fujiko-land	no_cover	2	9784124100020	ドラえもん 1
fujiko-land	no_cover		9784124100389	ドラえもん. 10
fujiko-land	no_cover		9784124100426	ドラえもん. 11
fujiko-land	no_cover		9784124100464	ドラえもん. 12
fujiko-land	no_cover		9784124100501	ドラえもん. 13
fujiko-land	no_cover		9784124100549	ドラえもん. 14
fujiko-land	no_cover		9784124100587	ドラえもん. 15
fujiko-land	no_cover		9784124100624	ドラえもん. 16
fujiko-land	no_cover		9784124100662	ドラえもん. 17
fujiko-land	no_cover		9784124100709	ドラえもん. 18
fujiko-land	no_cover		9784124100747	ドラえもん. 19
fujiko-land	no_cover		9784124100068	ドラえもん ２
fujiko-land	no_cover		9784124100785	ドラえもん. 20
fujiko-land	no_cover		9784124100822	ドラえもん. 21
fujiko-land	no_cover		9784124100860	ドラえもん. 22
fujiko-land	no_cover		9784124100907	ドラえもん. 23
fujiko-land	no_cover		9784124100945	ドラえもん. 24
fujiko-land	no_cover		9784124100983	ドラえもん. 25
fujiko-land	no_cover		9784124101027	ドラえもん. 26
fujiko-land	no_cover		9784124101065	ドラえもん. 27
fujiko-land	no_cover		9784124101102	ドラえもん. 28
fujiko-land	no_cover		9784124101140	ドラえもん. 29
fujiko-land	no_cover		9784124100105	ドラえもん. 3
fujiko-land	no_cover		9784124101188	ドラえもん. 30
fujiko-land	no_cover		9784124101225	ドラえもん. 31
fujiko-land	no_cover		9784124101263	ドラえもん. 32
fujiko-land	no_cover		9784124101300	ドラえもん. 33
fujiko-land	no_cover		9784124101348	ドラえもん. 34
fujiko-land	no_cover		9784124101386	ドラえもん. 35
fujiko-land	no_cover	251	9784124102512	ドラえもん. 36
fujiko-land	no_cover	255	9784124102550	ドラえもん. 37
fujiko-land	no_cover	259	9784124102598	ドラえもん. 38
fujiko-land	no_cover	263	9784124102635	ドラえもん. 39
fujiko-land	no_cover		9784124100143	ドラえもん. 4
fujiko-land	no_cover	267	9784124102673	ドラえもん. 40
fujiko-land	no_cover	271	9784124102710	ドラえもん. 41
fujiko-land	no_cover	275	9784124102758	ドラえもん. 42
fujiko-land	no_cover	279	9784124102796	ドラえもん. 43
fujiko-land	no_cover	284	9784124102840	ドラえもん. 44
fujiko-land	no_cover	286	9784124102864	ドラえもん. 45
fujiko-land	no_cover		9784124100181	ドラえもん. 5
fujiko-land	no_cover		9784124100228	ドラえもん. 6
fujiko-land	no_cover		9784124100266	ドラえもん. 7
fujiko-land	no_cover		9784124100303	ドラえもん. 8
fujiko-land	no_cover		9784124100341	ドラえもん. 9
fujiko-land	no_cover		9784124100037	21エモン. 1
fujiko-land	no_cover		9784124100075	21エモン. 2
fujiko-land	no_cover		9784124100112	21エモン. 3
fujiko-land	no_cover		9784124100150	21エモン. 4
fujiko-land	no_cover		9784124100198	21エモン. 5
fujiko-land	no_cover		9784124101980	のび太の魔界大冒険
fujiko-land	no_cover	290	9784124102901	バウバウ大臣
fujiko-land	no_cover		9784124101799	バケルくん. 1
fujiko-land	no_cover		9784124101836	バケルくん. 2
fujiko-land	no_cover		9784124101874	バケルくん. 3
fujiko-land	no_cover		9784124100211	ビッグ・1. 1
fujiko-land	no_cover	299	9784124102994	ビリ犬
fujiko-land	no_cover	278	9784124102789	フータくんnow!
fujiko-land	no_cover		9784124103168	藤子不二雄ランド遊びカタログ
fujiko-land	no_cover		9784124103113	藤子不二雄ランドひみつ500大探検
fujiko-land	no_cover		9784124103120	藤子不二雄ランドひみつ500大探検. part 2
fujiko-land	no_cover		9784124102154	ポコニャン. 1
fujiko-land	no_cover		9784124102192	ポコニャン. 2
fujiko-land	no_cover	235	9784124102352	マイロボット : 少年SF短篇3
fujiko-land	no_cover		9784124101089	マネー・ハンターフータくん. 1
fujiko-land	no_cover		9784124101126	マネー・ハンターフータくん. 2
fujiko-land	no_cover		9784124101164	マネー・ハンターフータくん. 3
fujiko-land	no_cover		9784124101201	マネー・ハンターフータくん. 4
fujiko-land	no_cover		9784124101249	マネー・ハンターフータくん. 5
fujiko-land	no_cover		9784124101287	マネー・ハンターフータくん. 6
fujiko-land	no_cover		9784124101324	マネー・ハンターフータくん. 7
fujiko-land	no_cover	244	9784124102444	マボロシ変太夫 1
fujiko-land	no_cover	248	9784124102482	マボロシ変太夫. 2
fujiko-land	no_cover		9784124100044	まんが道. 1
fujiko-land	no_cover		9784124100488	まんが道. 12
fujiko-land	no_cover		9784124100600	まんが道. 15
fujiko-land	no_cover		9784124100686	まんが道. 17
fujiko-land	no_cover		9784124100082	まんが道. 2
fujiko-land	no_cover		9784124100129	まんが道. 3
fujiko-land	no_cover		9784124100167	まんが道. 4
fujiko-land	no_cover		9784124100204	まんが道. 5
fujiko-land	no_cover		9784124100242	まんが道. 6
fujiko-land	no_cover		9784124100327	まんが道. 8
fujiko-land	no_cover		9784124100365	まんが道. 9
fujiko-land	no_cover		9784124102116	みきおとミキオ
fujiko-land	no_cover	258	9784124102581	ミラ・クル・1
fujiko-land	no_cover	301	9784124103632	Utopia最後の世界大戦
tsuge	num_missing	9		
tsuge	no_cover		9784480701695	苦節十年記 ; 旅篭の思い出 別巻 (苦節十年記・旅籠の思い出)
tsuge	no_cover		9784480818652	つげ義春が語る○マンガと貧乏
