slug	vol	found	cand_isbn	release_date	publisher	n_cand	rakuten_raw
1-yamamoto-1993	2	Y	9784063522662	2009-05	講談社	4	ICHI(2)
1-yamamoto-1993	3	Y	9784063522945	2009-12	講談社	4	ICHI(3)
1-yamamoto-1993	4	Y	9784063523164	2010-06	講談社	3	ICHI(4)
1-yamamoto-1993	5	Y	9784063523386	2010-12	講談社	3	ICHI(5)
12-no-kekkon-monogatari	1	Y	9784063197631	1997-02-13	講談社	2	12の結婚物語(1)
12-no-kekkon-monogatari	4	Y	9784063198225	1997-07-11	コミックス	2	12の結婚物語(4)
adachi-to-shimamura-mani-2016	4	Y	9784049142655	2022-02-26	KADOKAWA	3	安達としまむら(4)
adachi-to-shimamura-mani-2016	5	Y	9784049151039	2023-06-27	KADOKAWA	3	安達としまむら(5)
adachi-to-shimamura-mani-2016	6	Y	9784049158427	2024-07-26	KADOKAWA	3	安達としまむら(6)
adachi-to-shimamura-mani-2016	7	Y	9784049164503	2025-06-27	KADOKAWA	3	安達としまむら(7)
aio-ageyou	3	Y	9784796244152	1997-05-29	スコラ	4	愛をあげよう(3)
aio-ageyou	4	Y	9784796244299	1997-11-29	スコラ	4	愛をあげよう(4)
aio-ageyou	5	Y	9784796244442	1998-06-29	スコラ	4	愛をあげよう(5)
aio-ageyou	6	Y	9784796244596	1998-12-15	スコラ	4	愛をあげよう(6)
air-gear-unlimited	1	Y	9784063770049	2014-07-17	講談社	2	エア・ギアUNLIMITED(1)
air-gear-unlimited	2	Y	9784063770438	2014-08-16	講談社	2	エア・ギアUNLIMITED(2)
air-gear-unlimited	3	Y	9784063770636	2014-09-17	講談社	2	エア・ギアUNLIMITED(3)
air-gear-unlimited	4	Y	9784063770780	2014-10-17	講談社	2	エア・ギアUNLIMITED(4)
air-gear-unlimited	5	Y	9784063770872	2014-11-17	講談社	2	エア・ギアUNLIMITED(5)
air-gear-unlimited	6	Y	9784063771053	2014-12-17	講談社	2	エア・ギア UNLIMITED(6)
akagawa-jirou-mystery-mikeneko-holmes-to-meitanteitachi	1	Y	9784253242110	2006-08-31	秋田書店	1	赤川次郎ミステリー三毛猫ホームズと名探偵たち
akagawa-jirou-mystery-mikeneko-holmes-to-meitanteitachi	2	Y	9784253242127	2007-03-13	秋田書店	1	赤川次郎ミステリー三毛猫ホームズと名探偵たち(2)
akumade-majo-no-yuuwaku-desu-kara	1	Y	9784801984332	2024-09-17	竹書房	1	あくまで魔女の誘惑ですから(1)
akuyaku-reijou-koukyuu-monogatari-oukoku-gekidouhen	5	Y	9784866578514	2025-05-12	フロンティアワークス	3	悪役令嬢後宮物語 〜王国激動編〜 5
akuyaku-reijou-koukyuu-monogatari-oukoku-gekidouhen	6	Y	9784866579184	2026-04-11	フロンティアワークス	3	悪役令嬢後宮物語 〜王国激動編〜 6
ame-no-hi-wa-koi-o-suru	1	Y	9784088640983	1992-03-19	集英社	3	雨の日は恋をする(1)
another-furonteia-online-seisankei-skill-o-kiwametara-cheat-na-enupiishii-o-yatoeru-youni	8	Y	9784867943892	2024-12-14	TOブックス	2	アナザー・フロンティア・オンライン〜生産系スキルを極めたらチートなNPCを雇えるようになりました〜@COMIC 第8巻
api	4	Y	9784832290761	2018-11-29	芳文社	1	Api 4
asami-mitsuhiko-mystery-ando-ryoshuu-sasupensu	2	Y	9784253247962	2019-04-25	秋田書店	1	浅見光彦ミステリー&旅愁サスペンス(2)
asami-mitsuhiko-mystery-ando-ryoshuu-sasupensu	3	Y	9784253247979	2019-05-30	秋田書店	1	浅見光彦ミステリー&旅愁サスペンス(3)
asami-mitsuhiko-mystery-special	20	Y	9784408175140	2014-10	実業之日本社	1	浅見光彦ミステリースペシャル(20)
atagoul	4	Y	9784796204644	1997-12	スコラ	2	アタゴオル(4)
atagoul	5	Y	9784796204712	1998-01	スコラ	2	アタゴオル(5)
atagoul	6	Y	9784796204750	1998-02	スコラ	2	アタゴオル(6)
atagoul	7	Y	9784796204798	1998-03	スコラ	2	アタゴオル(7)
atagoul	8	Y	9784796204897	1998-04	スコラ	2	アタゴオル(8)
b-t-x	13	Y	9784047132696	1999-03	角川書店	2	ビート・エックス(13)
b-t-x	14	Y	9784047132849	1999-07	角川書店	2	ビート・エックス(14)
b-t-x	15	Y	9784047133020	1999-11	角川書店	2	ビート・エックス(15)
baito-kun	1	Y	9784575712704	2003-12	双葉社	3	バイトくん
bar-lemon-heart-2014	2	Y	9784575812541	1986-10-14	双葉社	5	BARレモン・ハート(2)
bar-lemon-heart-2014	3	Y	9784575813906	1987-07-17	双葉社	5	BARレモン・ハート(3)
bar-lemon-heart-2014	4	Y	9784575814347	1988-01-14	双葉社	5	BARレモン・ハート(4)
bar-lemon-heart-2014	6	Y	9784575815153	1988-12-16	双葉社	5	BARレモン・ハート(6)
bar-lemon-heart-2014	7	Y	9784575815597	1989-07-19	双葉社	5	BARレモン・ハート(7)
bar-lemon-heart-2014	8	Y	9784575816419	1990-05-29	双葉社	5	BARレモン・ハート(8)
bar-lemon-heart-2014	17	Y	9784575825848	2001-07-09	双葉社	5	BARレモン・ハート(17)
bar-lemon-heart-2014	19	Y	9784575828948	2003-10	双葉社	7	BARレモン・ハート(19)
bar-lemon-heart-2014	20	Y	9784575829709	2004-05	双葉社	7	BARレモン・ハート(20)
bar-lemon-heart-2014	21	Y	9784575831030	2005-06	双葉社	7	BARレモン・ハート(21)
bar-lemon-heart-2014	22	Y	9784575832365	2006-05	双葉社	7	BARレモン・ハート(22)
bar-lemon-heart-2014	26	Y	9784575838275	2010-10-28	双葉社	6	BARレモン・ハート(26)
bartender	2	Y	9784088594958	2005-05	集英社	3	Bartender(2)
bartender	3	Y	9784088595283	2005-09	集英社	3	Bartender(3)
bartender	4	Y	9784088595535	2006-01	集英社	3	Bartender(4)
bartender	5	Y	9784088595757	2006-05	集英社	3	Bartender(5)
bartender	6	Y	9784088595993	2006-10	集英社	3	Bartender(6)
bartender	7	Y	9784088596167	2007-01	集英社	3	Bartender(7)
bartender	8	Y	9784088596389	2007-05	集英社	3	Bartender(8)
bartender	9	Y	9784088596662	2007-09	集英社	3	Bartender(9)
bartender	10	Y	9784088596884	2008-02	集英社	3	Bartender(10)
bartender	11	Y	9784088597072	2008-05	集英社	3	Bartender(11)
bartender	12	Y	9784088597324	2008-10	集英社	3	Bartender(12)
bartender	13	Y	9784088597584	2009-02	集英社	3	Bartender(13)
bartender	14	Y	9784088597867	2009-07	集英社	3	Bartender(14)
bartender	15	Y	9784088597997	2009-11	集英社	3	Bartender(15)
basutaado	2	Y	9784088710648	1988-11-10	集英社	4	BASTARD!! 2
basutaado	3	Y	9784088710655	1989-01-10	集英社	4	BASTARD!! 3
basutaado	4	Y	9784088710662	1989-03-10	集英社	4	BASTARD!! 4
basutaado	5	Y	9784088710679	1989-05-10	集英社	4	BASTARD!! 5
basutaado	6	Y	9784088710686	1989-09-08	集英社	4	BASTARD!! 6
basutaado	7	Y	9784088710693	1989-11-10	集英社	4	BASTARD!! 7
basutaado	8	Y	9784088710709	1990-06-08	集英社	4	BASTARD!! 8
basutaado	9	Y	9784088718316	1990-11-09	集英社	4	BASTARD!! 9
basutaado	14	Y	9784088718361	1993-10-04	集英社	2	BASTARD!! 14
bikkuriman-omoshirorando	4	Y	9784253099325	1988-05-20	秋田書店	3	ビックリマンおもしろランド(4)
bird	2	Y	9784575819694	1994-06-28	双葉社	3	Bird(2)
bird-black-maaketto	1	Y	9784812454282	2000-09-07	竹書房	1	バード(1)
bird-black-maaketto	2	Y	9784812454572	2000-11-17	竹書房	1	バード(2)
bocchi-za-rock-gaiden-hiroi-kikuri-no-fukazake-nikki	3	Y	9784832204492	2024-10-25	芳文社	3	ぼっち・ざ・ろっく!外伝 廣井きくりの深酒日記 3
bocchi-za-rock-gaiden-hiroi-kikuri-no-fukazake-nikki	4	Y	9784832204812	2025-02-27	芳文社	3	ぼっち・ざ・ろっく!外伝 廣井きくりの深酒日記 4
bonbaaman-4-koma-manga-oukoku	2	Y	9784575933949	1995-04	双葉社	3	ボンバーマン4コマまんが王国(2)
botsu-chan-no-jidai	1	Y	9784575930597	1987-06	双葉社	3	『坊っちゃん』の時代
bou-kun-vaaderu-no-hanayome-shoya-hen	13	Y	9784776747369	2018-07	宙出版	3	暴君ヴァーデルの花嫁初夜編(13)
bou-kun-vaaderu-no-hanayome-shoya-hen	14	Y	9784776748205	2018-11-01	宙出版	3	暴君ヴァーデルの花嫁初夜編(14)
bou-kun-vaaderu-no-hanayome-shoya-hen	15	Y	9784776748984	2019-03-01	宙出版	3	暴君ヴァーデルの花嫁初夜編(15)
bou-kun-vaaderu-no-hanayome-shoya-hen	16	Y	9784776750093	2019-09-02	宙出版	3	暴君ヴァーデルの花嫁 初夜編(16)
canon-1995	5	Y	9784872875430	2001-08	宙出版	1	Kanon(5)
canon-1995	6	Y	9784872875546	2001-09	宙出版	1	Kanon(6)
capeta	25	Y	9784063760880	2011-07-15	講談社	2	capeta(25)
capeta	26	Y	9784063761412	2011-11-17	講談社	2	capeta(26)
capeta	27	Y	9784063761955	2012-02-17	講談社	2	capeta(27)
capeta	28	Y	9784063766370	2012-05-17	講談社	2	capeta(28)
capeta	29	Y	9784063766851	2012-08-17	講談社	2	capeta(29)
capeta	30	Y	9784063767261	2012-11-16	講談社	2	capeta(30)
capeta	31	Y	9784063767827	2013-02-15	講談社	2	capeta(31)
chicken-iguchi-2024	1	Y	9784408164793	1999-01-29	実業之日本社	2	チキン!(第1巻)
chicken-iguchi-2024	2	Y	9784408165035	1999-07-29	実業之日本社	2	チキン!(第2巻)
chicken-iguchi-2024	3	Y	9784408165202	1999-11-29	実業之日本社	2	チキン!(第3巻)
chicken-iguchi-2024	4	Y	9784408165479	2000-06-29	実業之日本社	2	チキン!(第4巻)
chinpira	22	Y	9784537103595	2004-12	日本文芸社	2	弱虫(22)
chou-diienuei-suit-furogguman	2	Y	9784883324125	1996-03	シュベール出版	2	超DNA戦士フロッグマン(2)
cinema	3	Y	9784091845856	1999-06-30	小学館	1	シネマ(3)
comic-chuurippu	14	Y	9784803313185	1988-01	大陸書房	1	コミック チューリップ 14
comic-chuurippu-1988	1	Y	9784803310436	1986-10	大陸書房	1	コミック チューリップ 1
comic-tulip	1	Y	9784803310436	1986-10	大陸書房	1	コミック チューリップ 1
comic-tulip	14	Y	9784803313185	1988-01	大陸書房	1	コミック チューリップ 14
conde-koma	10	Y	9784091521002	1999-04-05	小学館	2	コンデ・コマ(10)
conde-koma	11	Y	9784091523815	1999-07-05	小学館	2	コンデ・コマ(11)
conde-koma	12	Y	9784091523822	1999-10-05	小学館	2	コンデ・コマ(12)
conde-koma	13	Y	9784091523839	2000-01-11	小学館	2	コンデ・コマ(13)
conde-koma	14	Y	9784091523846	2000-04-05	小学館	2	コンデ・コマ(14)
daikaijuu-geaachima	4	Y	9784065375983	2024-11-20	講談社	2	大怪獣ゲァーチマ(4)
daikaijuu-geaachima	5	Y	9784065389300	2025-03-18	講談社	2	大怪獣ゲァーチマ(5)
dakareta-akuyaku-reijou-wa-gekihen-ouji-no-dekiai-route-ni-totsunyuuchuu	3	Y	9784596718075	2024-12-24	ハーパーコリンズ・ジャパン	1	抱かれた悪役令嬢は、激変王子の溺愛ルートに突入中!? 3
damenzu-walker	9	Y	9784594050665	2005-11-30	扶桑社	2	だめんず・うぉ〜か〜(9)
damenzu-walker	10	Y	9784594051464	2006-04	扶桑社	2	だめんず・うぉ?か?(10)
damenzu-walker	11	Y	9784594052201	2006-09-30	扶桑社	2	だめんず・うぉ〜か〜(11)
damenzu-walker	12	Y	9784594054113	2007-07-30	扶桑社	2	だめんず・うぉ〜か〜(12)
damenzu-walker	13	Y	9784594055943	2008-02	扶桑社	2	だめんず・うぉ〜か〜(13)
damenzu-walker	14	Y	9784594057763	2008-09	扶桑社	2	だめんず・うぉ〜か〜(14)
damenzu-walker	15	Y	9784594059316	2009-04	扶桑社	2	だめんず・うぉ〜か〜(15)
darashinai-desu-hotta-sensei	5	Y	9784575860108	2024-09-26	双葉社	1	だらしないです 堀田先生!(5)
darashinai-desu-hotta-sensei	6	Y	9784575860603	2025-02-27	双葉社	1	だらしないです 堀田先生!(6)
deadpool-samurai-sano-2021	3	Y	9784088843476	2024-12-04	集英社	1	デッドプール:SAMURAI 3
dear-boys-act-3	1	Y	9784063712018	2009-06-17	講談社	2	DEAR BOYS ACT3(1)
dear-boys-act-3	2	Y	9784063712124	2009-10-16	講談社	2	DEAR BOYS ACT3(2)
dear-boys-act-3	4	Y	9784063712490	2010-06-17	講談社	2	DEAR BOYS ACT3(4)
dear-boys-act-3	5	Y	9784063712605	2010-10-15	講談社	2	DEAR BOYS ACT3(5)
dear-boys-act-3	6	Y	9784063712759	2011-02-17	講談社	2	DEAR BOYS ACT3(6)
densetsu-no-yarichin-vs-teppeki-no-shiriana	2	Y	9784799761212	2023-02-09	リブレ	2	伝説のヤリチンVS鉄壁の尻穴(2)
densetsu-no-yarichin-vs-teppeki-no-shiriana	3	Y	9784799765043	2023-12-08	リブレ	2	伝説のヤリチンVS鉄壁の尻穴 3
dokudane-tokuhain-kasuga	3	Y	9784643930276	1993-04-15	読売新聞社	2	毒ダネ特派員・カスガ(vol.3)
dokudane-tokuhain-kasuga	5	Y	9784643930689	1993-08-20	読売新聞社	2	毒ダネ特派員・カスガ(vol.5)
doraemon	19	Y	9784091401090	1980-06-28	小学館	3	ドラえもん(19)
doraemon	20	Y	9784091401106	1980-12-20	小学館	3	ドラえもん(20)
doraemon	21	Y	9784091405012	1981-04-25	小学館	2	ドラえもん(21)
doraemon	22	Y	9784091405029	1981-07-25	小学館	3	ドラえもん(22)
doraemon	23	Y	9784091405036	1981-12-19	小学館	2	ドラえもん(23)
doraemon	24	Y	9784091405043	1982-03-27	小学館	3	ドラえもん(24)
doraemon	25	Y	9784091405050	1982-07-28	小学館	3	ドラえもん(25)
doraemon	26	Y	9784091405067	1982-12-20	小学館	3	ドラえもん(26)
doraemon	27	Y	9784091405074	1983-03-28	小学館	5	ドラえもん(27)
doraemon	28	Y	9784091405081	1983-07-28	小学館	5	ドラえもん(28)
doraemon	29	Y	9784091405098	1983-12-16	小学館	5	ドラえもん(29)
doraemon	30	Y	9784091405104	1984-03-28	小学館	5	ドラえもん(30)
doraemon	31	Y	9784091408013	1984-07-28	小学館	3	ドラえもん(31)
doraemon	32	Y	9784091408020	1984-12-15	小学館	3	ドラえもん(32)
douyara-watashi-no-karada-wa-kanzen-muteki-no-youdesune	2	Y	9784040730387	2019-02-08	KADOKAWA	4	どうやら私の身体は完全無敵のようですね 2
douyara-watashi-no-karada-wa-kanzen-muteki-no-youdesune	3	Y	9784040733579	2019-10-09	KADOKAWA	4	どうやら私の身体は完全無敵のようですね 3
doyoubinoehon	3	Y	9784086170499	2002-06	集英社	2	土曜日の絵本(3)
ekiben-hitoritabi	9	Y	9784575837513	2010-04	双葉社	4	駅弁ひとり旅(9)
ekiben-hitoritabi	10	Y	9784575837865	2010-07	双葉社	4	駅弁ひとり旅(10)
ekiben-hitoritabi	11	Y	9784575838558	2011-01	双葉社	4	駅弁ひとり旅(11)
ekiben-hitoritabi	12	Y	9784575838985	2011-04	双葉社	4	駅弁ひとり旅(12)
ekiben-hitoritabi	13	Y	9784575839326	2011-07	双葉社	4	駅弁ひとり旅(13)
esper-mami-1996-2	1	Y	9784091415011	1978-01-13	小学館	3	エスパー魔美(1)
esper-mami-1996-2	2	Y	9784091415028	1978-03-04	小学館	3	エスパー魔美(2)
esper-mami-1996-2	3	Y	9784124100310	1985-01	中央公論新社	3	エスパー魔美(3)
esper-mami-1996-2	8	Y	9784091415080	1981-10-05	小学館	3	エスパー魔美(8)
fate-grand-order	1	Y	9784758033282	2018-01	一迅社	3	Fate/Grand Order -mortalis:stella-(1)
fate-strange-fake-2019	2	Y	9784047309890	2016-01-12	ノーツ	3	Fate/strange Fake vol.2
final-fantasy-lost-stranger-2021	6	Y	9784757568914	2020-11-12	スクウェア・エニックス	2	FINAL FANTASY LOST STRANGER(6)
final-fantasy-lost-stranger-2021	7	Y	9784757571495	2021-05-12	スクウェア・エニックス	2	FINAL FANTASY LOST STRANGER(7)
final-fantasy-lost-stranger-2021	11	Y	9784757590021	2024-01-12	スクウェア・エニックス	2	FINAL FANTASY LOST STRANGER(11)
fire-emblem-seisen-no-keifu	2	Y	9784870253179	1998-06-12	スクウェア・エニックス	4	ファイアーエムブレム聖戦の系譜(2)
fire-emblem-seisen-no-keifu	3	Y	9784870254466	1999-01-12	スクウェア・エニックス	4	ファイアーエムブレム聖戦の系譜(3)
fire-emblem-seisen-no-keifu	4	Y	9784757501539	1999-12-18	スクウェア・エニックス	4	ファイアーエムブレム聖戦の系譜(4)
fire-emblem-seisen-no-keifu	5	Y	9784757504691	2001-06-27	スクウェア・エニックス	4	ファイアーエムブレム聖戦の系譜(5)
fire-emblem-seisen-no-keifu	6	Y	9784757505780	2001-11	スクウェア・エニックス	4	ファイアーエムブレム聖戦の系譜(6)
fire-emblem-seisen-no-keifu	9	Y	9784840111935	2005-01	メディアファクトリー	1	ファイアーエムブレム聖戦の系譜(9)
fire-emblem-seisen-no-keifu	10	Y	9784840112123	2005-02	メディアファクトリー	1	ファイアーエムブレム聖戦の系譜(10)
fire-emblem-seisen-no-keifu	11	Y	9784840112277	2005-03	メディアファクトリー	1	ファイアーエムブレム聖戦の系譜(11)
fire-emblem-watanabe-1992	4	Y	9784870255340	1995-02-27	スクウェア・エニックス	12	ファイアーエムブレム(4)
fuchin-senkan-kii	3	Y	9784056021325	2000-06-28	Gakken	1	不沈戦艦紀伊(3)
fuchin-senkan-kii	4	Y	9784056023695	2001-02-26	Gakken	1	不沈戦艦紀伊(4)
fuchin-senkan-kii	6	Y	9784056027600	2002-08-28	Gakken	1	不沈戦艦紀伊(6)
furusato	4	Y	9784575724141	2002-08	双葉社	2	ふるさと(4)
furusato	5	Y	9784575813067	1984-09	双葉社	3	ふるさと(5)
furusato	8	Y	9784575813098	1985-05	双葉社	3	ふるさと(8)
fushigi-tobe-kun	2	Y	9784834213942	1995-01-19	集英社	6	ふしぎトーボくん(2)
g-taste	1	Y	9784063198263	1997-07-09	講談社	7	G-taste(1)
g-taste	2	Y	9784063339536	1998-07-09	講談社	2	G-taste(2)
g-taste	3	Y	9784063342123	1999-09-09	講談社	2	G-taste(3)
gang-king	28	Y	9784063930238	2016-08-17	講談社	2	ギャングキング(28)
gang-king	29	Y	9784063931501	2017-03-09	講談社	2	ギャングキング(29)
garfield	1	Y	9784767450018	1990-07	研究社	3	ガーフィールド(vol.1)
garfield	2	Y	9784767450025	1990-07	研究社	3	ガーフィールド(vol.2)
garfield	3	Y	9784767450032	1990-07	研究社	3	ガーフィールド(vol.3)
garfield	4	Y	9784767450049	1990-07	研究社	3	ガーフィールド(vol.4)
garfield	5	Y	9784767450056	1990-07	研究社	3	ガーフィールド(vol.5)
garfield	6	Y	9784767450063	1991-01	研究社	2	ガーフィールド(vol.6)
garfield	7	Y	9784767450070	1991-01	研究社	2	ガーフィールド(vol.7)
garfield	10	Y	9784767450100	1991-01	研究社	2	ガーフィールド(vol.10)
gegege-no-kitarou	14	Y	9784061731134	1986-01-18	講談社	5	ゲゲゲの鬼太郎(14)
gegege-no-kitarou	15	Y	9784061731141	1986-01-18	講談社	2	ゲゲゲの鬼太郎(15)
gegege-no-kitarou-1987	2	Y	9784257960126	1984-09	朝日ソノラマ	24	ゲゲゲの鬼太郎(第2巻)
gekiga-kachikujin-yapuu	1	Y	9784344802391	2003-05-24	幻冬舎コミックス	2	家畜人ヤプー(1)
gekiga-shousetsu-yoshida-gakkou	3	Y	9784643880298	1988-08	読売新聞社	3	劇画小説吉田学校(3)
gekiga-shousetsu-yoshida-gakkou	4	Y	9784643880304	1988-10	読売新聞社	3	劇画小説吉田学校(4)
gekiga-shousetsu-yoshida-gakkou	5	Y	9784643880311	1988-12	読売新聞社	3	劇画小説吉田学校(5)
gekiga-shousetsu-yoshida-gakkou	6	Y	9784643890143	1989-02	読売新聞社	3	劇画小説吉田学校(6)
gekiga-shousetsu-yoshida-gakkou	7	Y	9784643890365	1989-04	読売新聞社	3	劇画小説吉田学校(7)
gekiga-shousetsu-yoshida-gakkou	8	Y	9784643890495	1989-07	読売新聞社	3	劇画小説吉田学校(8)
gekiga-shousetsu-yoshida-gakkou	9	Y	9784643890648	1989-09	読売新聞社	3	劇画小説吉田学校(9)
gekiga-shousetsu-yoshida-gakkou	10	Y	9784643890808	1989-11	読売新聞社	3	劇画小説吉田学校(10)
gekiga-shousetsu-yoshida-gakkou	11	Y	9784643890969	1989-12	読売新聞社	3	劇画小説吉田学校(11)
gekiga-shousetsu-yoshida-gakkou	12	Y	9784643900231	1990-03	読売新聞社	3	劇画小説吉田学校(12)
gekiga-shousetsu-yoshida-gakkou	13	Y	9784643900514	1990-05	読売新聞社	3	劇画小説吉田学校(13)
gekiga-shousetsu-yoshida-gakkou	14	Y	9784643900743	1990-08	読売新聞社	3	劇画小説吉田学校(14)
gekiga-shousetsu-yoshida-gakkou	15	Y	9784643900873	1990-10	読売新聞社	3	劇画小説吉田学校(15)
gekiga-shousetsu-yoshida-gakkou	16	Y	9784643910216	1991-03	読売新聞社	3	劇画小説吉田学校(16)
geni-kasuri	3	Y	9784088940540	2025-12-18	集英社	1	げにかすり 3
gentsuki-oba-san	2	Y	9784821193363	1991-03-25	ぶんか社	1	原付おばさん(vol.2)
gessekai-ryokou	1	Y	9784797373394	2013-03	SBクリエイティブ	2	月世界旅行
gifuu-doudou-naoe-kanetsugu-maeda-deka-hanagatari	1	Y	9784199802218	2014-07-19	ノース・スターズ・ピクチャーズ	2	義風堂々!!直江兼続〜前田慶次花語り〜(1)
gifuu-doudou-naoe-kanetsugu-maeda-deka-hanagatari	2	Y	9784199802447	2014-11-20	ノース・スターズ・ピクチャーズ	2	義風堂々!!直江兼続〜前田慶次花語り〜(2)
gintarou-san-otanomi-mousu	9	Y	9784087921038	2025-12-24	集英社	1	銀太郎さんお頼み申す 9
girls-ando-panzer-motto-raburabu-sakusen-desu	22	Y	9784046838360	2024-08-23	KADOKAWA	1	ガールズ&パンツァー もっとらぶらぶ作戦です! 22
gokudoumeshi	2	Y	9784575834192	2007-10-27	双葉社	2	極道めし(2)
gokudoumeshi	3	Y	9784575835199	2008-07	双葉社	2	極道めし(3)
gokudoumeshi	4	Y	9784575836158	2009-04-28	双葉社	2	極道めし(4)
gokudoumeshi	5	Y	9784575836868	2009-10-28	双葉社	2	極道めし(5)
gokudoumeshi	6	Y	9784575837971	2010-07-28	双葉社	2	極道めし(6)
gokudoumeshi	7	Y	9784575838732	2011-02-28	双葉社	2	極道めし(7)
gokudoumeshi	8	Y	9784575839647	2011-09-20	双葉社	2	極道めし(8)
gokuritsu	6	Y	9784098636570	2025-12-26	小学館	1	ごくりっ(6)
golden-boy-1993	3	Y	9784088587233	1994-05-10	集英社	2	GOLDEN BOY(3)
golden-boy-1993	4	Y	9784088587240	1994-12-02	集英社	2	GOLDEN BOY(4)
golden-guy	13	Y	9784537173321	2025-12-09	日本文芸社	2	ゴールデン・ガイ (13)
gomen-asobase	7	Y	9784832261358	1999-05-21	芳文社	1	ごめんあそばせ(7)
gomen-asobase	8	Y	9784832261457	1999-08-17	芳文社	1	ごめんあそばせ(8)
gomen-asobase	9	Y	9784832261679	2000-04-03	芳文社	1	ごめんあそばせ(9)
gray-zone	4	Y	9784860021788	2005-08	ノアール出版	1	GRAY ZONE(4)
hamster-club	1	Y	9784796287326	1996-05-16	スコラ	3	ハムスター倶楽部(1)
hamster-club	2	Y	9784873170190	1999-09	あおば出版	3	ハムスター倶楽部(2)
hamster-club	3	Y	9784840124737	2008-11	メディアファクトリー	2	ハムスター倶楽部(3)
hana-1996	3	Y	9784091515032	1994-09-05	小学館	4	花(3)
hana-2005	3	Y	9784091515032	1994-09-05	小学館	4	花(3)
hana-matsumoto-2002	3	Y	9784091515032	1994-09-05	小学館	8	花(3)
hana-matsumoto-2002	4	Y	9784088474854	2002-03	集英社	4	Flower(4)
hana-matsumoto-2002	6	Y	9784088476704	2003-09	集英社	4	Flower(6)
hana-matsumoto-2002	9	Y	9784088460598	2006-05	集英社	2	Flower(9)
hana-takeda-1988	3	Y	9784091515032	1994-09-05	小学館	4	花(3)
hanagoromo-yumegoromo	1	Y	9784088622941	1994-09-22	集英社	4	花衣夢衣(1)
hanagoromo-yumegoromo	2	Y	9784088622989	1994-10-21	集英社	4	花衣夢衣(2)
hanagoromo-yumegoromo	3	Y	9784088623009	1994-11-22	集英社	4	花衣夢衣(3)
hanagoromo-yumegoromo	4	Y	9784088623221	1995-06-23	集英社	4	花衣夢衣(4)
haru-yo-kuruna	1	Y	9784063774832	2016-06-23	講談社	2	春よ来るな(1)
haru-yo-kuruna	2	Y	9784063930535	2016-10-21	講談社	2	春よ来るな(2)
harukanaru-toki-no-naka-de	9	Y	9784592174622	2004-10	白泉社	3	遙かなる時空の中で(第9巻)
hata-manjirou-no-omoshiro-zukan	1	Y	9784088611280	1990-09-19	集英社	2	はた万次郎のおもしろ図鑑(1)
hata-manjirou-no-omoshiro-zukan	2	Y	9784088611297	1990-12-13	集英社	2	はた万次郎のおもしろ図鑑(2)
heba-hello-chan	4	Y	9784063194135	1993-08-09	講談社	3	へばハローちゃん(4)
heisei-haizanhei-sumire-chan	3	Y	9784065372692	2024-10-04	講談社	1	平成敗残兵すみれちゃん(3)
heisei-haizanhei-sumire-chan	5	Y	9784065389157	2025-03-06	講談社	1	平成敗残兵すみれちゃん(5)
hellhound-2018	3	Y	9784757508170	2002-10	スクウェア・エニックス	4	Hellhound(3)
hellhound-2018	4	Y	9784065344439	2024-02-22	講談社	2	ヘルハウンド(4)
hime-2006	3	Y	9784575487329	1984-10	双葉社	5	姫(3)
hirotta-inui-kun-to-koi-o-suru	1	Y	9784088677743	2024-09-25	集英社	1	拾った戌井くんと恋をする 1
hitman-go-go	3	Y	9784860021665	2005-06	ノアール出版	1	ヒットマンgo! go!(3)
hitori-toranpu	3	Y	9784403611698	1988-09-01	新書館	3	夢の果て(3)
hokuto-no-ken-2016	2	Y	9784088516622	1984-06-08	集英社	16	北斗の拳(2)
hokuto-no-ken-2016	3	Y	9784088516639	1984-09-10	集英社	16	北斗の拳(3)
hokuto-no-ken-2016	4	Y	9784088516646	1984-12-07	集英社	16	北斗の拳(4)
hokuto-no-ken-2016	7	Y	9784088516677	1985-09-09	集英社	14	北斗の拳(7)
honto-ni-atta-gakkou-kaidan	4	Y	9784257986256	1997-06-19	朝日ソノラマ	1	ほんとにあった学校怪談(4)
hotel	4	Y	9784091810441	1986-07-30	小学館	4	HOTEL(第4巻)
hotel	6	Y	9784091810465	1987-04-30	小学館	3	HOTEL(第6巻)
hotel	8	Y	9784091810489	1988-04-27	小学館	3	HOTEL(第8巻)
hotel	23	Y	9784091830838	1993-10-29	小学館	3	HOTEL(第23巻)
houkago-pedal	1	Y	9784253213196	2014-06-06	秋田書店	2	放課後ペダル
houkago-pedal	2	Y	9784253213202	2015-02-06	秋田書店	4	放課後ペダル(2)
houkago-pedal	3	Y	9784253213776	2015-08-07	秋田書店	4	放課後ペダル(3)
houkago-pedal	4	Y	9784253213783	2016-05-06	秋田書店	4	放課後ペダル(4)
houkago-pedal	5	Y	9784253213790	2017-01-06	秋田書店	4	放課後ペダル(5)
houshin-kenbunroku	1	Y	9784931396128	1997-07	ノアール出版	2	封神見聞録(1)
houshin-kenbunroku	4	Y	9784931396203	1998-01	ノアール出版	1	封神見聞録(4)
houshin-kenbunroku	7	Y	9784931396333	1998-08	ノアール出版	1	封神見聞録(7)
hyper-restaurant	1	Y	9784870256590	1997-12-08	スクウェア・エニックス	2	ハイパーレストラン(1)
hyper-restaurant	2	Y	9784870253872	1998-09-12	スクウェア・エニックス	2	ハイパーレストラン(2)
iketerufutari	12	Y	9784785921613	2002-02	少年画報社	2	イケてる2人(12)
iketerufutari	17	Y	9784785924119	2004-04	少年画報社	2	イケてる2人(17)
iketerufutari	23	Y	9784785926502	2006-06	少年画報社	3	イケてる2人(23)
imouto-wa-kanojo-ni-dekinai-noni	3	Y	9784049161229	2024-11-27	KADOKAWA	2	妹はカノジョにできないのに(3)
impact	3	Y	9784056029277	2002-09-26	Gakken	2	インパクト(3)
impact	4	Y	9784056029291	2002-10-26	Gakken	2	インパクト(4)
impact	5	Y	9784056030020	2002-12-18	Gakken	2	インパクト(5)
isekai-ni-kita-mitai-dakedo-dousureba-yoinodarou	2	Y	9784344852723	2023-08-24	幻冬舎コミックス	3	異世界に来たみたいだけど如何すれば良いのだろう(2)
isekai-ni-kita-mitai-dakedo-dousureba-yoinodarou	3	Y	9784344854154	2024-05-23	幻冬舎コミックス	3	異世界に来たみたいだけど如何すれば良いのだろう(3)
isekai-tensei-no-boukensha	11	Y	9784800015228	2024-11-14	マッグガーデン	2	異世界転生の冒険者(11)
isekai-tensei-soudouki	13	Y	9784434346736	2024-10-23	アルファポリス	1	異世界転生騒動記(13)
itadakimasu-uekan-2015	3	Y	9784091232533	1993-12-11	小学館	6	いただきます!(3)
itadakimasu-uekan-2015	4	Y	9784091232540	1994-03-18	小学館	6	いただきます!(4)
itadakimasu-uekan-2015	5	Y	9784091232557	1994-05-18	小学館	4	いただきます!(5)
itadakimasu-uekan-2015	6	Y	9784091232564	1994-08-10	小学館	4	いただきます!(6)
itadakimasu-uekan-2015	7	Y	9784091232571	1994-11-18	小学館	2	いただきます!(7)
itadakimasu-uekan-2015	8	Y	9784091232588	1995-01-18	小学館	2	いただきます!(8)
itadakimasu-uekan-2015	9	Y	9784091232595	1995-04-18	小学館	2	いただきます!(9)
itadakimasu-uekan-2015	10	Y	9784091232601	1995-07-18	小学館	2	いただきます!(10)
itadakimasu-uekan-2015	11	Y	9784091235817	1995-08-10	小学館	2	いただきます!(11)
joi-reika	9	Y	9784845813636	1997-01-24	リイド社	7	女医レイカ(9)
joi-reika	10	Y	9784845809172	1997-06-18	リイド社	5	女医レイカ(10)
joi-reika	12	Y	9784845813926	1998-01-09	リイド社	2	女医レイカ(12)
joi-reika	13	Y	9784845813933	1998-06-12	リイド社	2	女医レイカ(13)
joi-reika	14	Y	9784845813940	1998-10-09	リイド社	2	女医レイカ(14)
joker	2	Y	9784088725192	1998-02-04	集英社	13	Joker(2)
joyuu	2	Y	9784592151128	1989-02-06	白泉社	3	女優(2)
joyuu-kawasaki-1988	2	Y	9784592151128	1989-02-06	白泉社	3	女優(2)
jump-sq-comic-selection	4	Y	9784088704401	2012-02-03	集英社	1	ジャンプSQ.Comic Selection(4)
jump-sq-comic-selection	5	Y	9784088707198	2013-04-04	集英社	2	ジャンプSQ.Comic Selection(5)
kaisei-no-ketsumeisha	1	Y	9784048114882	2025-04-14	KADOKAWA	1	廻生の血盟者 Vol.1
kakushigoto	1	Y	9784063774856	2016-06-17	講談社	5	かくしごと(1)
kakushigoto	2	Y	9784063930290	2016-10-17	講談社	5	かくしごと(2)
kakushigoto	3	Y	9784063931488	2017-02-17	講談社	5	かくしごと(3)
kakushigoto	4	Y	9784063932096	2017-06-16	講談社	5	かくしごと(4)
kameraman-monogatari	2	Y	9784537036961	1991-08	日本文芸社	1	カメラマン物語(2)
kamuigaiden	13	Y	9784091808431	1985-12-17	小学館	5	カムイ外伝(13)
kamuigaiden	14	Y	9784091808448	1986-03-29	小学館	5	カムイ外伝(14)
kamuigaiden	16	Y	9784091808462	1986-12-17	小学館	5	カムイ外伝(16)
kanon	4	Y	9784872875317	2001-07	宙出版	1	Kanon(4)
kanon	5	Y	9784872875430	2001-08	宙出版	1	Kanon(5)
kanon	6	Y	9784872875546	2001-09	宙出版	1	Kanon(6)
karate-baka-ichidai-1972	18	Y	9784061093232	1975-09	講談社	1	空手バカ一代(18)
karate-baka-ichidai-1972	19	Y	9784061093348	1975-11-20	講談社	1	空手バカ一代(19)
karate-baka-ichidai-1972	24	Y	9784061094185	1977-01	講談社	1	空手バカ一代(24)
kariage-kun	30	Y	9784575936025	1999-01-20	双葉社	1	かりあげクン(30)
kariage-kun	32	Y	9784575936704	2000-02-12	双葉社	1	かりあげクン(32)
kariage-kun	34	Y	9784575937411	2001-06-28	双葉社	1	かりあげクン(34)
kariage-kun	35	Y	9784575937688	2002-01	双葉社	1	かりあげクン(35)
kariage-kun	36	Y	9784575938111	2002-12	双葉社	1	かりあげクン(36)
kariage-kun	37	Y	9784575938364	2003-06	双葉社	1	かりあげクン(37)
kariage-kun	51	Y	9784575943429	2011-12	双葉社	2	かりあげクン(51)
kariage-kun	52	Y	9784575943696	2012-12	双葉社	2	かりあげクン(52)
kariage-kun	53	Y	9784575943887	2013-07	双葉社	2	かりあげクン(53)
kariage-kun	54	Y	9784575944013	2014-01	双葉社	2	かりあげクン(54)
kariage-kun	55	Y	9784575944259	2014-10-10	双葉社	2	かりあげクン(55)
kariage-kun	56	Y	9784575944525	2015-05-28	双葉社	2	かりあげクン(56)
kariage-kun	57	Y	9784575944648	2015-12-12	双葉社	2	かりあげクン(57)
kariage-kun	58	Y	9784575944747	2016-05-28	双葉社	2	かりあげクン(58)
kaze-no-tani-no-naushika-1984	3	Y	9784061744639	1984-05-18	講談社	4	風の谷のナウシカ(3)
keishichou-sousa-ikka-totsugawa-keibu-ando-torein-mystery-comic-selection	8	Y	9784253244824	2013-03	秋田書店	1	警視庁捜査一課十津川警部&トレインミステリーコミックセレクション(8)
kenkaku-shoubai	50	Y	9784845867592	2024-11-27	リイド社	3	剣客商売(50巻)
kifujin-rooza-wa-kage-kara-ai-o-mimamoritai	3	Y	9784046839657	2024-09-17	KADOKAWA	2	貴腐人ローザは陰から愛を見守りたい 3
kijitoraneko-no-koume-san	26	Y	9784785978105	2024-11-22	少年画報社	4	キジトラ猫の小梅さん 26
kijitoraneko-no-koume-san	27	Y	9784785979133	2025-04-22	少年画報社	4	キジトラ猫の小梅さん 27
kinpeibai-watanabe-1995	4	Y	9784575934854	1996-12	双葉社	6	金瓶梅(4)
kinpeibai-watanabe-1995	5	Y	9784575934977	1997-04	双葉社	5	金瓶梅(5)
kinpeibai-watanabe-1995	6	Y	9784575935219	1997-07	双葉社	6	金瓶梅(6)
kirikiritei-no-buraun-sensei	1	Y	9784796297318	1998-03-16	スコラ	1	きりきり亭のぶら雲先生(1)
kirikiritei-no-buraun-sensei	2	Y	9784796297479	1998-11-16	スコラ	2	きりきり亭のぶら雲先生(2)
kishibe-no-uta	2	Y	9784834275087	2013-10-18	ホーム社（千代田区）	2	岸辺の唄(2)
kishibe-no-uta	3	Y	9784834275124	2017-04-18	ホーム社	2	岸辺の唄 3
kiza	4	Y	9784845808748	1993-03-11	リイド社	2	KIZA(4)
kiza	5	Y	9784845808755	1993-08-20	リイド社	2	KIZA(5)
kiza	6	Y	9784845808762	1993-11-12	リイド社	2	KIZA(6)
kochira-katsushikaku-kameari-kouen-mae-hashutsujo	2	Y	9784088528120	1977-09-10	集英社	4	こちら葛飾区亀有公園前派出所 2
kochira-katsushikaku-kameari-kouen-mae-hashutsujo	3	Y	9784088528137	1977-11-10	集英社	4	こちら葛飾区亀有公園前派出所 3
kochira-katsushikaku-kameari-kouen-mae-hashutsujo	4	Y	9784088528144	1978-02-10	集英社	4	こちら葛飾区亀有公園前派出所 4
kochira-katsushikaku-kameari-kouen-mae-hashutsujo	5	Y	9784088528151	1978-05-10	集英社	4	こちら葛飾区亀有公園前派出所 5
kochira-katsushikaku-kameari-kouen-mae-hashutsujo	6	Y	9784088528168	1978-09-09	集英社	4	こちら葛飾区亀有公園前派出所 6
kochira-katsushikaku-kameari-kouen-mae-hashutsujo	7	Y	9784088528175	1979-02-10	集英社	4	こちら葛飾区亀有公園前派出所 7
kochira-katsushikaku-kameari-kouen-mae-hashutsujo	8	Y	9784088528182	1979-06-09	集英社	4	こちら葛飾区亀有公園前派出所 8
kochira-katsushikaku-kameari-kouen-mae-hashutsujo	9	Y	9784088528199	1979-09-10	集英社	4	こちら葛飾区亀有公園前派出所 9
kochira-katsushikaku-kameari-kouen-mae-hashutsujo	10	Y	9784088528205	1979-12-10	集英社	4	こちら葛飾区亀有公園前派出所 10
kochira-katsushikaku-kameari-kouen-mae-hashutsujo	14	Y	9784088528243	1980-08-09	集英社	4	こちら葛飾区亀有公園前派出所 14
kochira-katsushikaku-kameari-kouen-mae-hashutsujo	16	Y	9784088528267	1981-01-10	集英社	4	こちら葛飾区亀有公園前派出所 16
kochira-katsushikaku-kameari-kouen-mae-hashutsujo	17	Y	9784088528274	1981-04-10	集英社	4	こちら葛飾区亀有公園前派出所 17
kochira-katsushikaku-kameari-kouen-mae-hashutsujo	21	Y	9784088528311	1982-04-09	集英社	4	こちら葛飾区亀有公園前派出所 21
kochira-katsushikaku-kameari-kouen-mae-hashutsujo	22	Y	9784088528328	1982-07-09	集英社	4	こちら葛飾区亀有公園前派出所 22
koigakubo-kun-ni-hajimete-o-ubawaremashita-2023	6	Y	9784065329764	2023-09-13	講談社	2	恋ヶ窪くんにはじめてを奪われました(6)
koigakubo-kun-ni-hajimete-o-ubawaremashita-2023	7	Y	9784065349731	2024-03-13	講談社	2	恋ヶ窪くんにはじめてを奪われました(7)
kokkyou-no-emilia	12	Y	9784098536900	2024-11-12	小学館	1	国境のエミーリャ(12)
kokkyou-no-emilia	13	Y	9784098540310	2025-03-12	小学館	1	国境のエミーリャ(13)
kokkyou-no-emilia	14	Y	9784098542574	2025-09-11	小学館	1	国境のエミーリャ(14)
kouya-ni-kemono-doukokusu	5	Y	9784063492743	2007-02	講談社	5	荒野に獣慟哭す(5)
kureyon-shin-chan-gemu-book	2	Y	9784575283297	1994-04	双葉社	1	クレヨンしんちゃんゲームブック(2)
kureyon-shin-chan-gemu-book	3	Y	9784575283631	1994-08	双葉社	1	クレヨンしんちゃんゲームブック(3)
kusuriya-no-hitorigoto-shino-2017	7	Y	9784757568563	2020-11-25	スクウェア・エニックス	6	薬屋のひとりごと(7)
kusuriya-no-hitorigoto-shino-2017	8	Y	9784757572713	2021-05-25	スクウェア・エニックス	6	薬屋のひとりごと(8)
kusuriya-no-hitorigoto-shino-2017	9	Y	9784757575868	2021-11-25	スクウェア・エニックス	6	薬屋のひとりごと(9)
kusuriya-no-hitorigoto-shino-2017	11	Y	9784757583245	2023-02-25	スクウェア・エニックス	6	薬屋のひとりごと(11)
kusuriya-no-hitorigoto-shino-2017	12	Y	9784757588134	2023-09-29	スクウェア・エニックス	6	薬屋のひとりごと(12)
kusuriya-no-hitorigoto-shino-2017	13	Y	9784757590274	2024-03-25	スクウェア・エニックス	6	薬屋のひとりごと(13)
kyougeki-burai-ryouran	2	Y	9784776794615	2008-03	宙出版	2	京劇的無頼繚乱(2巻)
lemon-hakusho	2	Y	9784061089389	1979-08-20	講談社	4	れもん白書(2)
live-dungeon	13	Y	9784040756509	2024-10-08	KADOKAWA	7	ライブダンジョン! 13
live-dungeon	14	Y	9784040758725	2025-04-08	KADOKAWA	7	ライブダンジョン! 14
lupin-iii-y	3	Y	9784575936605	1999-11-27	双葉社	3	ルパン三世Y(3)
lupin-iii-y	7	Y	9784575937091	2000-09-28	双葉社	3	ルパン三世Y(7)
lupin-iii-y	8	Y	9784575937190	2000-11-28	双葉社	3	ルパン三世Y(8)
lupin-iii-y	9	Y	9784575937237	2001-02-20	双葉社	3	ルパン三世Y(9)
lupin-iii-y	10	Y	9784575937374	2001-05-28	双葉社	3	ルパン三世Y(10)
lupin-iii-y	13	Y	9784575937756	2002-04	双葉社	3	ルパン三世Y(13)
lupin-iii-y	14	Y	9784575937978	2002-09	双葉社	3	ルパン三世Y(14)
lupin-iii-y	15	Y	9784575938074	2002-11	双葉社	3	ルパン三世Y(15)
lupin-iii-y	16	Y	9784575938210	2003-04	双葉社	3	ルパン三世Y(16)
mabo-chan-dei-bai-dei	1	Y	9784088583518	1991-06-10	集英社	3	マボちゃんDAY BY DAY(1)
mabo-chan-dei-bai-dei	2	Y	9784088583525	1992-08-04	集英社	3	マボちゃんDAY BY DAY(2)
mabo-chan-dei-bai-dei	3	Y	9784088583532	1993-03-04	集英社	3	マボちゃんDAY BY DAY(3)
mabo-chan-dei-bai-dei	4	Y	9784088583549	1993-08-04	集英社	3	マボちゃんDAY BY DAY(4)
mama-wa-yashinomiwari	2	Y	9784592152255	1999-03-05	白泉社	2	ママはやしの実わり(2)
mazin-saga-nagai	3	Y	9784088751030	1992-05-19	集英社	1	魔神サーガ(3)
medarot-2	1	Y	9784063342109	1999-07-06	講談社	2	メダロット2(第1巻)
mei-tantei-asami-mitsuhiko-ando-ryojou-mystery-comic-selection	4	Y	9784253245326	2012-03	秋田書店	2	名探偵浅見光彦&旅情ミステリーコミックセレクション(4)
meitantei-conan-2005	38	Y	9784091414601	2012-07-27	小学館	3	名探偵コナン 特別編(38)
meitantei-conan-tokubetsuhen-2016	1	Y	9784091425317	1997-01-28	小学館	5	名探偵コナン 特別編 1
meitantei-conan-tokubetsuhen-2016	2	Y	9784091425324	1997-10-28	小学館	5	名探偵コナン 特別編 2
meitantei-conan-tokubetsuhen-2016	3	Y	9784091425331	1997-11-28	小学館	5	名探偵コナン 特別編 3
meitantei-conan-tokubetsuhen-2016	4	Y	9784091425348	1998-03-18	小学館	5	名探偵コナン 特別編 4
meitantei-conan-tokubetsuhen-2016	5	Y	9784091425355	1998-04-18	小学館	5	名探偵コナン 特別編 5
meitantei-conan-tokubetsuhen-2016	6	Y	9784091425362	1999-01-28	小学館	5	名探偵コナン 特別編 6
meitantei-conan-tokubetsuhen-2016	7	Y	9784091425379	1999-04-26	小学館	6	名探偵コナン 特別編 7
meitantei-conan-tokubetsuhen-2016	8	Y	9784091425386	1999-08-07	小学館	5	名探偵コナン 特別編 8
meitantei-conan-tokubetsuhen-2016	9	Y	9784091425393	1999-12-18	小学館	5	名探偵コナン 特別編 9
meitantei-conan-tokubetsuhen-2016	10	Y	9784091425409	2000-03-28	小学館	5	名探偵コナン 特別編 10
meitantei-conan-tokubetsuhen-2016	11	Y	9784091427816	2000-05-27	小学館	4	名探偵コナン 特別編 11
meitantei-conan-tokubetsuhen-2016	12	Y	9784091427823	2000-12-25	小学館	5	名探偵コナン 特別編 12
meitantei-conan-tokubetsuhen-2016	13	Y	9784091427830	2001-05-28	小学館	5	名探偵コナン 特別編 13
meitantei-conan-tokubetsuhen-2016	14	Y	9784091427847	2001-08-28	小学館	5	名探偵コナン 特別編 14
meitantei-yumemizu-kiyoshirou-jiken-note	11	Y	9784063761665	2011-11	講談社	3	名探偵夢水清志郎事件ノート(vol.11)
metcha-shoukansareta-ken-the-comic	9	Y	9784800015198	2024-11-14	マッグガーデン	1	めっちゃ召喚された件 THE COMIC(9)
metcha-shoukansareta-ken-the-comic	10	Y	9784800015860	2025-04-14	マッグガーデン	1	めっちゃ召喚された件 THE COMIC(10)
miyazawa-kenji-mangakan-1996	1	Y	9784267014246	1985-08	潮出版社	3	宮澤賢治・漫画館(1)
mizushina-takayuki-no-mizu-cinema	1	Y	9784087820591	2003-09	集英社	3	みずしな孝之のミズシネマ
mobile-suit-gundam-flanagan-buun-senki	4	Y	9784868050735	2025-06-05	ヒーローズ	5	機動戦士ガンダム フラナガン・ブーン戦記(4)
mobile-suit-gundam-flanagan-buun-senki	5	Y	9784868051121	2025-10-03	ヒーローズ	5	機動戦士ガンダム フラナガン・ブーン戦記(5)
mobile-zekki-gundam-sequel	5	Y	9784868051039	2025-09-29	ヒーローズ	4	機動絶記ガンダムSEQUEL(5)
modena-no-ken	13	Y	9784088573434	1992-10-19	集英社	2	モデナの剣(13)
modena-no-ken	15	Y	9784088573458	1993-04-19	集英社	2	モデナの剣(15)
modena-no-ken	18	Y	9784088573489	1993-12-10	集英社	2	モデナの剣(18)
myououden-rei	8	Y	9784063131437	1990-07-23	講談社	2	明王伝レイ(8)
myououden-rei	9	Y	9784063131444	1990-11-22	講談社	2	明王伝レイ(9)
myououden-rei	10	Y	9784063132113	1991-03-16	講談社	2	明王伝レイ(10)
negative-twin-tower	3	Y	9784797364279	2011-04	フレックスコミックス	3	ネガティブ・ツインタワー!(3)
nekokko-club	1	Y	9784873170305	1999-09-16	あおば出版	1	猫っこ倶楽部(1)
nekokko-club	2	Y	9784796287562	1996-11-16	スコラ	2	猫っこ倶楽部(2)
nekosogi-franken	2	Y	9784812451519	1997-09	竹書房	1	根こそぎフランケン(2)
nekosogi-franken	4	Y	9784812453223	1999-10	竹書房	1	根こそぎフランケン(4)
nekosogi-franken	5	Y	9784812453636	2000-04	竹書房	1	根こそぎフランケン(5)
nijiko-lullaby	4	Y	9784796286275	1992-11-16	スコラ	3	虹子ララバイ(4)
nina-to-usagi-to-mahou-no-sensha	1	Y	9784087824285	2012-04	集英社	3	ニーナとうさぎと魔法の戦車(1)
ningen-club	9	Y	9784391905625	1996-11-01	主婦と生活社	4	人間倶楽部(9)
ningen-club	10	Y	9784391905632	1997-01-09	主婦と生活社	2	人間倶楽部(10)
ningen-club	12	Y	9784872871876	1997-08-01	宙出版	1	人間倶楽部(12)
ningen-club	13	Y	9784872871913	1997-09-01	宙出版	1	人間倶楽部(13)
ningen-shikkaku-ito-2010	2	Y	9784107715425	2010-02	新潮社	5	人間失格(2)
ninja-hattori-kun	5	Y	9784091404855	1982-10-28	小学館	2	忍者ハットリくん(5)
ninja-hattori-kun	6	Y	9784091404862	1983-04-28	小学館	4	忍者ハットリくん(6)
ninja-hattori-kun	7	Y	9784091404879	1983-06-28	小学館	3	忍者ハットリくん(7)
ninja-hattori-kun	8	Y	9784091404886	1983-11-28	小学館	4	忍者ハットリくん(8)
ninja-hattori-kun	9	Y	9784091404893	1984-02-28	小学館	3	忍者ハットリくん(9)
nipponichi-no-otoko-no-tamashii	5	Y	9784091522658	2000-03-04	小学館	1	日本一の男の魂(5)
nipponichi-no-otoko-no-tamashii	7	Y	9784091522672	2001-03-05	小学館	1	日本一の男の魂(7)
nipponichi-no-otoko-no-tamashii	8	Y	9784091522689	2001-11	小学館	1	日本一の男の魂(8)
nurse-station	1	Y	9784088582115	1988-07-08	集英社	10	ナースステーション(1)
nurse-station	2	Y	9784088582122	1989-08-10	集英社	11	ナースステーション(2)
nurse-station	3	Y	9784088582139	1989-12-05	集英社	10	ナースステーション(3)
nurse-station	4	Y	9784088582146	1990-11-09	集英社	11	ナースステーション(4)
oni-iga-2	3	Y	9784088630939	1990-07-27	集英社	7	男弐(3)
oni-iga-2	4	Y	9784088630946	1990-07-27	集英社	10	男弐(4)
oni-iga-2	5	Y	9784088630953	1990-07-27	集英社	7	男弐(5)
oni-iga-2	6	Y	9784088630960	1990-07-27	集英社	7	男弐(6)
oni-iga-2	7	Y	9784088630977	1989-06-30	集英社	7	男弐(7)
onmitsu-kenshi	2	Y	9784088594729	2004-10	集英社	4	隠密剣士(第2巻)
onnakui	9	Y	9784832227545	1996-08-23	芳文社	2	女喰い(9)
operation-g-g	1	Y	9784845817023	2000-03-03	リイド社	2	OPERATION G.G.(1)
operation-g-g	4	Y	9784845817054	2000-11-07	リイド社	2	OPERATION G.G.(4)
ore-dake-level-appu-na-ken	18	Y	9784046839435	2024-09-21	KADOKAWA	9	俺だけレベルアップな件 18
oruchuban-ebichu	4	Y	9784391920352	1996-11-01	主婦と生活社	1	おるちゅばんエビちゅ(4)
osaka-geijutsu-daigaku-daigaku-manga	2	Y	9784883159697	2005-07	小池書院	2	大阪芸術大学大学漫画 Vol.2
otonashi-genjuu	2	Y	9784253017268	1985-06	秋田書店	3	音無し幻十(2)
pachisuro-hitoritabi	7	Y	9784861911972	2006-08-04	白夜書房	2	パチスロひとり旅(7)
pachisuro-hitoritabi	8	Y	9784861913136	2007-09-07	白夜書房	1	パチスロひとり旅(8)
pachisuro-hitoritabi	9	Y	9784861914263	2008-06	白夜書房	1	パチスロひとり旅(9)
pachisuro-hitoritabi	10	Y	9784861915406	2009-06	白夜書房	1	パチスロひとり旅(10)
pachisuro-hitoritabi	11	Y	9784861916458	2010-07	白夜書房	2	パチスロひとり旅(11)
pachisuro-hitoritabi	12	Y	9784861917899	2011-08	白夜書房	2	パチスロひとり旅(12)
pachisuro-hitoritabi	13	Y	9784906936458	2013-01	ガイドワークス	2	パチスロひとり旅 13
petshop-of-horrors	7	Y	9784872871821	1997-08-06	宙出版	5	Petshop of Horrors(7)
potion-danomi-de-ikinobimasu-zoku	3	Y	9784065370810	2024-10-08	講談社	3	ポーション頼みで生き延びます! 続(3)
rave	9	Y	9784063129502	2001-03-16	講談社	4	RAVE(9)
red-eyes	1	Y	9784063342734	2000-01-14	講談社	2	redEyes(1)
red-eyes	2	Y	9784063343335	2000-09-12	講談社	2	redEyes(2)
red-eyes	3	Y	9784063343922	2001-04-13	講談社	2	redEyes(3)
red-eyes	4	Y	9784063344707	2001-11-14	講談社	2	redEyes(4)
red-eyes	5	Y	9784063345827	2002-08-08	講談社	2	redEyes(5)
red-eyes	6	Y	9784063346848	2003-03-14	講談社	2	redEyes(6)
red-eyes	7	Y	9784063348248	2003-12-16	講談社	2	redEyes(7)
ring-1996	2	Y	9784088594866	2005-02	集英社	2	Ring(2)
robotics-notes-2012	4	Y	9784800002051	2013-09-10	マッグガーデン	3	ROBOTICS;NOTES(04)
robotics-notes-2012	5	Y	9784800002976	2014-05	マッグガーデン	3	ROBOTICS;NOTES(05)
ruten-no-teruma	1	Y	9784063951820	2014-09-09	講談社	2	流転のテルマ(1)
saasha-chan-to-classmate-wotaku-kun	4	Y	9784049158649	2024-07-26	KADOKAWA	1	サーシャちゃんとクラスメイトオタクくん(4)
saasha-chan-to-classmate-wotaku-kun	5	Y	9784049164411	2025-04-25	KADOKAWA	1	サーシャちゃんとクラスメイトオタクくん(5)
samurai-deeper-kyo	35	Y	9784063636079	2005-12	講談社	2	SAMURAI DEEPER KYO(第35巻)
sandman	5	Y	9784924914308	1999-06	インターブックス	2	サンドマン(5)
sebangou-0	3	Y	9784872700626	1996-07	アース出版局	2	背番号0(3巻)
seibonjinden	6	Y	9784091921567	1996-09-14	小学館	1	聖凡人伝(6)
seishun-kijinden-240-o-gakuen	1	Y	9784065101193	2017-08-09	講談社	3	青春奇人伝!240学園(1)
sekainorekishi	4	Y	9784082491147	1986-05	集英社	1	世界の歴史(4)
sekainorekishi	5	Y	9784082491154	1986-06	集英社	1	世界の歴史(5)
sekainorekishi	6	Y	9784082491161	1986-07	集英社	1	世界の歴史(6)
sekainorekishi	8	Y	9784082491185	1986-09	集英社	1	世界の歴史(8)
sekainorekishi	10	Y	9784082491208	1986-11	集英社	1	世界の歴史(10)
sekainorekishi	12	Y	9784082491222	1987-01	集英社	1	世界の歴史(12)
senri-no-michi-mo	13	Y	9784834230239	1993-01	集英社	7	千里の道も(13)
sensei-ga-suki	2	Y	9784197890217	1989-01	徳間書店	3	先生が好き 2
shadow-skill	5	Y	9784063721348	2006-04	講談社	2	SHADOW SKILL(5)
shadow-skill	6	Y	9784063759235	2010-05	講談社	2	SHADOW SKILL(6)
shadow-skill	7	Y	9784063760408	2011-03	講談社	2	SHADOW SKILL(7)
shamo-1990	2	Y	9784575823943	1998-12-05	双葉社	10	軍鶏(2)
shamo-1990	4	Y	9784575824322	1999-06-09	双葉社	10	軍鶏(4)
shamo-1990	6	Y	9784575824889	2000-03-28	双葉社	8	軍鶏(6)
shamo-1990	7	Y	9784575824926	2000-04-22	双葉社	10	軍鶏(7)
shamo-1990	8	Y	9784575824995	2000-05-27	双葉社	8	軍鶏(8)
shi-no-white-magic	2	Y	9784063131680	1990-09-22	講談社	2	死のホワイトマジック(2)
shin-agatte-nanbo-taichiyo-nakuna	18	Y	9784883154357	1997-01	小池書院	1	新上ってなンボ!!太一よ泣くな 18
shin-bikkuriman-omoshiro-land	1	Y	9784253098557	1989-06-02	秋田書店	2	新・ビックリマンおもしろランド(1)
shin-bikkuriman-omoshiro-land	4	Y	9784253098588	1989-09-02	秋田書店	2	新・ビックリマンおもしろランド(4)
shin-takumi-no-fundoshi	2	Y	9784575823332	1998-04-24	双葉社	1	新・匠のふんどし(2)
shin-takumi-no-fundoshi	4	Y	9784575824346	1999-06-09	双葉社	1	新・匠のふんどし(4)
shin-takumi-no-fundoshi	5	Y	9784575824773	1999-12-11	双葉社	1	新・匠のふんどし(5)
shin-takumi-no-fundoshi	6	Y	9784575825244	2000-10-28	双葉社	1	新・匠のふんどし(6)
shinjite-ita-nakamatachi-ni-dungeon-okuchi-de-korosarekaketaga-gift-mugen-gacha-de-level-9999-no	14	Y	9784065374238	2024-11-08	講談社	1	信じていた仲間達にダンジョン奥地で殺されかけたがギフト『無限ガチャ』でレベル9999の仲間達を手に入れて元パーティーメンバーと世界に復讐&『ざまぁ!』します!(14)
shippo-ga-tomodachi	3	Y	9784088622460	1993-04-22	集英社	4	シッポがともだち(3)
shitou-sensen-iiekkusu	1	Y	9784063958164	2016-12-09	講談社	1	死島戦線EX(1)
shitsurakuen-1996	3	Y	9784757528789	2010-05	スクウェア・エニックス	2	失楽園(3)
shitsurakuen-1996	4	Y	9784757530003	2010-09	スクウェア・エニックス	2	失楽園(4)
shiyounan-bakusouzoku	4	Y	9784785944520	1984-08-23	少年画報社	5	湘南爆走族(4)
shiyounan-bakusouzoku	5	Y	9784785944605	1984-08-25	少年画報社	5	湘南爆走族(5)
sidooh-shidou	24	Y	9784088790930	2011-03-18	集英社	1	SIDOOH(24)
sprite-arimura-1995	2	Y	9784785914448	1997-04-15	少年画報社	5	Sprite(2)
sprite-arimura-1995	4	Y	9784785915049	1997-04-15	少年画報社	5	Sprite(4)
sprite-arimura-1995	5	Y	9784785915254	1997-04-15	少年画報社	5	Sprite(5)
sprite-arimura-1995	6	Y	9784785915537	1997-04-15	少年画報社	5	Sprite(6)
sprite-arimura-1995	7	Y	9784785915698	1997-05-12	少年画報社	5	Sprite(7)
ss	4	Y	9784091856548	2001-07	小学館	2	SS(4)
ss	5	Y	9784091856555	2002-02	小学館	1	SS(5)
suna-to-iris	1	Y	9784087825190	2013-04-25	集英社	4	砂とアイリス 1
super-mario-4-koma-manga-oukoku	4	Y	9784575933390	1993-07-17	双葉社	3	スーパーマリオ4コマまんが王国(4)
super-mario-4-koma-manga-oukoku	6	Y	9784575933796	1994-12-09	双葉社	3	スーパーマリオ4コマまんが王国(6)
super-mario-kun	6	Y	9784091417664	1993-03-27	小学館	2	スーパーマリオくん(6)
super-mario-kun	7	Y	9784091417671	1993-06-28	小学館	2	スーパーマリオくん(7)
super-mario-kun	8	Y	9784091417688	1993-09-28	小学館	2	スーパーマリオくん(8)
super-mario-kun	9	Y	9784091417695	1993-12-16	小学館	2	スーパーマリオくん(9)
super-mario-kun	10	Y	9784091417701	1994-05-28	小学館	2	スーパーマリオくん(10)
super-mario-kun	11	Y	9784091422415	1994-10-28	小学館	2	スーパーマリオくん(11)
super-mario-kun	12	Y	9784091422422	1995-03-28	小学館	2	スーパーマリオくん(12)
super-mario-kun	13	Y	9784091422439	1995-08-28	小学館	2	スーパーマリオくん(13)
super-mario-kun	14	Y	9784091422446	1996-01-27	小学館	2	スーパーマリオくん(14)
super-mario-kun	15	Y	9784091422453	1996-10-28	小学館	2	スーパーマリオくん(15)
super-mario-kun	16	Y	9784091422460	1997-04-01	小学館	2	スーパーマリオくん(16)
super-mario-kun	17	Y	9784091422477	1997-10-28	小学館	2	スーパーマリオくん(17)
super-mario-kun	18	Y	9784091422484	1998-04-28	小学館	2	スーパーマリオくん(18)
super-mario-kun	19	Y	9784091422491	1998-09-28	小学館	2	スーパーマリオくん(19)
super-mario-land	1	Y	9784063131031	1989-08-17	講談社	1	スーパーマリオランド(1)
super-tamutamu	2	Y	9784832260986	1997-11-13	芳文社	3	すーぱータムタム(2)
taishou-gakusei-aisaika	1	Y	9784065374580	2024-11-21	講談社	2	大正學生愛妻家(1)
takeru-1997-2	1	Y	9784796242318	1993-07-16	スコラ	6	TAKERU(1)
takeru-1997-2	2	Y	9784796242592	1994-03-16	スコラ	6	TAKERU(2)
takeru-1997-2	3	Y	9784861273209	2006-11	マッグガーデン	5	Takeru(3)
takeru-1997-2	4	Y	9784861273889	2007-06	マッグガーデン	5	Takeru(4)
tanpopo-san-no-uta	3	Y	9784575825909	2001-08	双葉社	2	たんぽぽさんの詩(3)
tasogare-ryuuseigun	72	Y	9784098630431	2024-09-30	小学館	1	黄昏流星群(72)
tasogare-ryuuseigun	73	Y	9784098630769	2024-10-22	小学館	1	黄昏流星群(73)
tasogare-ryuuseigun	74	Y	9784098631094	2024-11-28	小学館	1	黄昏流星群(74)
teida-neenee	1	Y	9784821171422	2011-05	ぶんか社	4	太陽娘
tenkuu-shinpan	1	Y	9784063769791	2014-05-09	講談社	2	天空侵犯(1)
tenkuu-shinpan	2	Y	9784063770568	2014-09-09	講談社	2	天空侵犯(2)
tenkuu-shinpan	3	Y	9784063771114	2015-01-09	講談社	2	天空侵犯(3)
tenkuu-shinpan	4	Y	9784063771909	2015-05-08	講談社	2	天空侵犯(4)
tenkuu-shinpan	5	Y	9784063772920	2015-08-07	講談社	2	天空侵犯(5)
tenkuu-shinpan	6	Y	9784063773491	2015-11-09	講談社	2	天空侵犯(6)
tenkuu-shinpan	7	Y	9784063774221	2016-02-09	講談社	2	天空侵犯(7)
tenkuu-shinpan	8	Y	9784063774610	2016-05-09	講談社	2	天空侵犯(8)
tenkuu-shinpan	9	Y	9784063774993	2016-08-09	講談社	2	天空侵犯(9)
tenkuu-shinpan	10	Y	9784063930733	2016-11-09	講談社	2	天空侵犯(10)
tenkuu-shinpan	11	Y	9784063931372	2017-02-09	講談社	2	天空侵犯(11)
tenkuu-shinpan	12	Y	9784063931877	2017-05-09	講談社	2	天空侵犯(12)
tenkuu-shinpan	13	Y	9784065100288	2017-07-07	講談社	2	天空侵犯(13)
tenkuu-shinpan	14	Y	9784065102626	2017-10-06	講談社	2	天空侵犯(14)
tokusen-kobo-chan	6	Y	9784832264021	2005-06-28	芳文社	1	特選コボちゃん(6)
tokusen-kobo-chan	7	Y	9784832264120	2005-08-29	芳文社	1	特選コボちゃん(7)
tokusen-kobo-chan	9	Y	9784832264359	2005-12-06	芳文社	1	特選コボちゃん(9)
tokusen-kobo-chan	10	Y	9784832264472	2006-02-27	芳文社	1	特選コボちゃん(10)
tokusen-kobo-chan	11	Y	9784832264588	2006-04-27	芳文社	1	特選コボちゃん(11)
tokusen-kobo-chan	13	Y	9784832264847	2006-08-28	芳文社	1	特選コボちゃん(13)
tokusen-kobo-chan	16	Y	9784832265240	2007-02-26	芳文社	1	特選コボちゃん(16)
tokyo-babylon	4	Y	9784403612824	1992-06	新書館	6	東京Babylon(4)
tokyo-monogatari	7	Y	9784197720408	1992-03-16	徳間書店	5	東京物語(7)
tokyo-monogatari	8	Y	9784088572888	1993-04-19	集英社	3	東京物語(8)
tough	17	Y	9784088773223	2007-09	集英社	1	TOUGH(17)
tozaki-san-wa-boku-ni-dake-tsumetai	3	Y	9784041162446	2025-04-09	KADOKAWA	1	戸崎さんは僕にだけ冷たい (3)
transformers-classics	1	Y	9784813022756	2018-02	ヒーローX	2	トランスフォーマークラシックス(VOL.1)
transformers-classics	2	Y	9784863882683	2018-11-29	ヒーローX	3	トランスフォーマークラシックス(vol.2)
transformers-classics	3	Y	9784863882874	2019-02-26	ヒーローX	3	トランスフォーマークラシックス(vol.3)
transformers-classics	4	Y	9784863882973	2019-05-31	ヒーローX	2	トランスフォーマークラシックス(VOL.4)
tsuihousareta-sareta-tensei-juukishi-wa-game-chishiki-de-musou-suru	13	Y	9784065389126	2025-03-06	講談社	3	追放された転生重騎士はゲーム知識で無双する(13)
tsuihousareta-sareta-tensei-juukishi-wa-game-chishiki-de-musou-suru	16	Y	9784065421321	2026-01-06	講談社	2	追放された転生重騎士はゲーム知識で無双する(16)
tsuki-ga-michibiku-isekai-douchuu	15	Y	9784434353369	2025-02-20	アルファポリス	5	月が導く異世界道中(15)
tsuma-to-boku-no-shoukibo-na-ikuji	1	Y	9784065182147	2020-03-11	講談社	2	妻と僕の小規模な育児(1)
tsuma-to-boku-no-shoukibo-na-ikuji	2	Y	9784065201961	2020-07-08	講談社	2	妻と僕の小規模な育児(2)
tsuma-to-boku-no-shoukibo-na-ikuji	3	Y	9784065217016	2020-12-09	講談社	2	妻と僕の小規模な育児(3)
tsuma-to-boku-no-shoukibo-na-ikuji	4	Y	9784065233160	2021-05-12	講談社	2	妻と僕の小規模な育児(4)
tsuma-to-boku-no-shoukibo-na-ikuji	5	Y	9784065250969	2021-10-20	講談社	2	妻と僕の小規模な育児(5)
tsuma-to-boku-no-shoukibo-na-ikuji	6	Y	9784065270554	2022-03-18	講談社	2	妻と僕の小規模な育児(6)
tsuma-to-boku-no-shoukibo-na-ikuji	7	Y	9784065290651	2022-09-20	講談社	2	妻と僕の小規模な育児(7)
tsuma-to-boku-no-shoukibo-na-ikuji	8	Y	9784065310649	2023-03-20	講談社	2	妻と僕の小規模な育児(8)
tsuma-to-boku-no-shoukibo-na-ikuji	9	Y	9784065333969	2023-10-19	講談社	2	妻と僕の小規模な育児(9)
tsuma-to-boku-no-shoukibo-na-ikuji	10	Y	9784065352724	2024-04-18	講談社	2	妻と僕の小規模な育児(10)
uchi-no-3-shimai	7	Y	9784072616925	2008-06	主婦の友社	2	うちの3姉妹(7)
uchi-no-3-shimai	8	Y	9784072638286	2008-10	主婦の友社	2	うちの3姉妹(8)
uchi-no-3-shimai	11	Y	9784072969922	2014-07-18	主婦の友社	1	うちの3姉妹(11)
uchi-no-3-shimai	12	Y	9784072970003	2014-07-18	主婦の友社	1	うちの3姉妹(12)
umanari-1-haron-theater	12	Y	9784575935998	1998-12-14	双葉社	1	馬なり1ハロン劇場(12)
umanari-1-haron-theater	13	Y	9784575936636	1999-12-11	双葉社	1	馬なり1ハロン劇場(13)
umanari-1-haron-theater	15	Y	9784575937480	2001-07-19	双葉社	1	馬なり1ハロン劇場(15)
umanari-1-haron-theater	16	Y	9784575937770	2002-05-13	双葉社	1	馬なり1ハロン劇場(16)
umanari-1-haron-theater	17	Y	9784575938050	2002-12-12	双葉社	1	馬なり1ハロン劇場(17)
umanari-1-haron-theater	18	Y	9784575938319	2003-05-12	双葉社	1	馬なり1ハロン劇場(18)
umanari-1-haron-theater	19	Y	9784575938807	2004-02-28	双葉社	1	馬なり1ハロン劇場(19)
umanari-1-haron-theater	20	Y	9784575939071	2004-09-28	双葉社	1	馬なり1ハロン劇場(20)
umanari-1-haron-theater	21	Y	9784575939446	2005-04-12	双葉社	1	馬なり1ハロン劇場(21)
umanari-1-haron-theater	22	Y	9784575939842	2005-12-12	双葉社	1	馬なり1ハロン劇場(22)
umanari-1-haron-theater	23	Y	9784575940404	2006-10-28	双葉社	1	馬なり1ハロン劇場(23)
umanari-1-haron-theater	24	Y	9784575940664	2007-02-10	双葉社	1	馬なり1ハロン劇場(24)
utahime-obaka-miiko	4	Y	9784812464502	2006-03-27	竹書房	1	打姫オバカミーコ(4)
utahime-obaka-miiko	8	Y	9784812467367	2007-09-15	竹書房	1	打姫オバカミーコ(8)
utahime-obaka-miiko	11	Y	9784812468982	2008-10-27	竹書房	1	打姫オバカミーコ(11)
v8-kid	1	Y	9784063216097	1991-03-06	講談社	2	V8キッド(1)
w-juliet-2	1	Y	9784592188575	2006-12-18	白泉社	2	Wジュリエット2(1)
w-juliet-2	2	Y	9784592188612	2008-03-19	白泉社	2	Wジュリエット2 2
w-juliet-2	3	Y	9784592188681	2011-03-18	白泉社	2	Wジュリエット2(3)
w-juliet-2	4	Y	9784592214441	2015-02-20	白泉社	2	Wジュリエット2(4)
w-juliet-2	5	Y	9784592214458	2016-04-20	白泉社	2	Wジュリエット2(5)
wangan-midnight-c1-runner	1	Y	9784063617719	2009-11	講談社	3	湾岸ミッドナイトC1ランナー(1)
watashi-ga-mama-yo	4	Y	9784088623184	1995-05-23	集英社	2	わたしがママよ(4)
watashi-ni-shinasai	1	Y	9784063642360	2009-10-06	講談社	2	わたしに××しなさい!(1)
watashi-ni-shinasai	2	Y	9784063642506	2010-02-05	講談社	2	わたしに××しなさい!(2)
watashi-ni-shinasai	3	Y	9784063642681	2010-06-04	講談社	2	わたしに××しなさい!(3)
watashi-ni-shinasai	4	Y	9784063642803	2010-10-06	講談社	2	わたしに××しなさい!(4)
watashi-ni-shinasai	5	Y	9784063642957	2011-02-04	講談社	2	わたしに××しなさい!(5)
wotaku-douryou-to-gisou-kekkon-shita-kekka-mainichi-ga-metcha-tanoshiin-dakedo	3	Y	9784049161199	2024-11-26	KADOKAWA	2	オタク同僚と偽装結婚した結果、毎日がメッチャ楽しいんだけど!(3)
x-men	4	Y	9784884757311	1994-07-27	竹書房	3	X-men(4)
x-men	5	Y	9784884757328	1994-07-27	竹書房	3	X-men(5)
x-men	7	Y	9784884757397	1994-08-27	竹書房	1	X-men(7)
x-men	8	Y	9784884757403	1994-09-28	竹書房	3	X-men(8)
x-men	10	Y	9784884757427	1994-10-27	竹書房	3	X-men(10)
x-men	11	Y	9784884757434	1994-11-28	竹書房	1	X-men(11)
x-men-1994	7	Y	9784884757397	1994-08-27	竹書房	1	X-men(7)
x-men-1994	11	Y	9784884757434	1994-11-28	竹書房	1	X-men(11)
x-men-1994	12	Y	9784884757441	1994-12-15	竹書房	2	X-men(12)
x-men-1994-3	2	Y	9784884757106	1994-06-27	竹書房	1	X-men(2)
x-men-1994-3	7	Y	9784884757397	1994-08-27	竹書房	1	X-men(7)
x-men-1994-3	12	Y	9784884757441	1994-12-15	竹書房	2	X-men(12)
x-men-1994-5	11	Y	9784884757434	1994-11-28	竹書房	1	X-men(11)
x-men-1994-5	12	Y	9784884757441	1994-12-15	竹書房	2	X-men(12)
young-shima-kousaku-shuninhen	1	Y	9784063521825	2007-04	講談社	3	ヤング島耕作主任編(1)
yume-maboroshi-no-gotoku	5	Y	9784088583259	1993-09-03	集英社	4	夢幻の如く(第5巻)
yuuwaku-recipe	1	Y	9784575834024	2007-09	双葉社	2	誘惑レシピ
zero-site-muhou-chitai	2	Y	9784576961088	1996-10	二見書房	2	Xero site(無法恥帯)(vol.2)
zeruda-no-densetsu-4-koma-manga-gekijou	2	Y	9784870257078	1993-02	スクウェア・エニックス	1	ゼルダの伝説4コママンガ劇場(2)
zeruda-no-densetsu-4-koma-manga-gekijou	4	Y	9784870257283	1993-10	スクウェア・エニックス	1	ゼルダの伝説4コママンガ劇場(4)
ziggurat	5	Y	9784799206775	2014-12-25	キルタイムコミュニケーション	3	Ziggurat(5)
ziggurat	6	Y	9784799209790	2016-11	キルタイムコミュニケーション	2	Ziggurat(6)
ziggurat	7	Y	9784799218761	2024-03-08	キルタイムコミュニケーション	3	Ziggurat 7
16-nen-kimi-o-omou-to-konnani-ookiku	1	N				0	
2-tengojigen-no-ririsa	21	N				0	
2-tengojigen-no-ririsa	23	N				0	
aan-kremlin-iq200-no-soap-story	2	N				0	
aan-kremlin-iq200-no-soap-story	4	N				0	
adonisu-no-yuuutsu-na-hibi	1	N				0	
adonisu-no-yuuutsu-na-hibi	2	N				0	
agapes-1999	1	N				0	
agapes-1999	2	N				0	
agapes-1999	3	N				0	
agapes-1999	4	N				0	
agapes-1999	5	N				0	
ajia-he-no-michi	13	N				0	
akuyaku-reijou-koukyuu-monogatari-oukoku-gekidouhen	4	N				0	
akuyaku-reijou-route-kara-kaihou-saremashita	1	N				0	
alfheim-no-kishi-ballad	8	N				0	
alice-no-ochakai	5	N				0	
amakute-atsukute-iki-mo-dekinai	3	N				0	
arafoo-kenja-no-isekai-seikatsu-nikki	14	N				0	
arasu-kagayakeru-tsubasa	9	N				0	
ariel-comic	1	N				0	
ariel-comic	6	N				0	
ariel-comic	7	N				0	
asami-mitsuhiko-mystery-ando-ryojou-sasupensu	1	N				0	
asami-mitsuhiko-mystery-ando-ryojou-sasupensu	2	N				0	
ateuma-chara-no-kuseshite-supadari-ouji-ni-chouai-sarete-imasu	1	N				0	
azufareo-no-sobayounin	1	N				0	
azufareo-no-sobayounin	2	N				0	
azufareo-no-sobayounin	3	N				0	
azufareo-no-sobayounin	4	N				0	
b-boy	2	N				0	
b-boy	3	N				0	
b-boy	4	N				0	
b-boy	5	N				0	
b-boy	6	N				0	
b-boy	7	N				0	
b-boy	9	N				0	
b-boy	11	N				0	
b-boy	12	N				0	
b-boy	13	N				0	
b-boy	14	N				0	
b-boy	15	N				0	
b-boy	16	N				0	
b-boy	17	N				0	
b-t-x-1999	9	N				0	
b-t-x-1999	10	N				0	
b-t-x-1999	11	N				0	
b-t-x-1999	12	N				0	
best-of-naka-tomoko	2	N				0	
bishou-hari	4	N				0	
boku-to-senpai-no-tekken-kousai	1	N				0	
bokutachi-no-kichijouji-koimonogatari	5	N				0	
bolt-and-nut	3	N				0	
bolt-and-nut	10	N				0	
botsu-chan-no-jidai	4	N				0	
botsu-chan-no-jidai-1989	1	N				0	
bou-kun-vaaderu-no-hanayome	4	N				0	
bou-kun-vaaderu-no-hanayome	5	N				0	
bou-kun-vaaderu-no-hanayome	6	N				0	
bou-kun-vaaderu-no-hanayome	7	N				0	
bou-kun-vaaderu-no-hanayome	8	N				0	
bou-kun-vaaderu-no-hanayome	9	N				0	
bou-kun-vaaderu-no-hanayome	10	N				0	
bou-kun-vaaderu-no-hanayome	11	N				0	
bou-kun-vaaderu-no-hanayome	12	N				0	
bouken-kyouryuukan	1	N				0	
boukenshatachi-no-sekaishi	17	N				0	
bubble	7	N				0	
bushigin	1	N				0	
buya-jitsuroku-andou-gumi	1	N				0	
buya-jitsuroku-andou-gumi	2	N				0	
cafe	1	N				0	
cafe	2	N				0	
cafe	3	N				0	
cafe	4	N				0	
cafe	5	N				0	
canon-1995	7	N				0	
captain-harlock-jigen-koukai	1	N				0	
captain-harlock-jigen-koukai	2	N				0	
captain-harlock-jigen-koukai	3	N				0	
captain-harlock-jigen-koukai	4	N				0	
captain-harlock-jigen-koukai	5	N				0	
captain-harlock-jigen-koukai	6	N				0	
captain-harlock-jigen-koukai	7	N				0	
chaos-damonne	3	N				0	
charenjaazu	3	N				0	
chibi-hontou-ni-atta-waraeru-hanashi	1	N				0	
chibi-hontou-ni-atta-waraeru-hanashi	2	N				0	
chibi-hontou-ni-atta-waraeru-hanashi	3	N				0	
chibi-hontou-ni-atta-waraeru-hanashi	4	N				0	
chibi-hontou-ni-atta-waraeru-hanashi	5	N				0	
chibi-hontou-ni-atta-waraeru-hanashi	6	N				0	
chibi-hontou-ni-atta-waraeru-hanashi	7	N				0	
chibi-hontou-ni-atta-waraeru-hanashi	8	N				0	
chibi-hontou-ni-atta-waraeru-hanashi	9	N				0	
chibi-hontou-ni-atta-waraeru-hanashi	10	N				0	
chibi-hontou-ni-atta-waraeru-hanashi	11	N				0	
chibi-hontou-ni-atta-waraeru-hanashi	12	N				0	
chibi-hontou-ni-atta-waraeru-hanashi	13	N				0	
chibi-hontou-ni-atta-waraeru-hanashi	14	N				0	
chibi-hontou-ni-atta-waraeru-hanashi-girls-collection	1	N				0	
chibi-hontou-ni-atta-waraeru-hanashi-girls-collection	2	N				0	
chibi-hontou-ni-atta-waraeru-hanashi-girls-collection	3	N				0	
chibi-hontou-ni-atta-waraeru-hanashi-girls-collection	4	N				0	
chibi-hontou-ni-atta-waraeru-hanashi-girls-collection	5	N				0	
chibi-hontou-ni-atta-waraeru-hanashi-girls-collection	6	N				0	
chibi-hontou-ni-atta-waraeru-hanashi-girls-collection	7	N				0	
chibi-hontou-ni-atta-waraeru-hanashi-girls-collection	8	N				0	
chibi-hontou-ni-atta-waraeru-hanashi-girls-collection	9	N				0	
chibi-hontou-ni-atta-waraeru-hanashi-girls-collection	10	N				0	
chibi-hontou-ni-atta-waraeru-hanashi-girls-collection	11	N				0	
chibi-hontou-ni-atta-waraeru-hanashi-girls-collection	12	N				0	
chibi-hontou-ni-atta-waraeru-hanashi-girls-collection	13	N				0	
chibi-hontou-ni-atta-waraeru-hanashi-girls-collection	14	N				0	
chibikasu-kun	3	N				0	
chibikasu-kun	4	N				0	
chibikasu-kun	5	N				0	
chibikasu-kun	6	N				0	
chibikasu-kun	7	N				0	
chibikasu-kun	8	N				0	
chibikasu-kun	9	N				0	
chibikasu-kun	10	N				0	
chibikasu-kun	11	N				0	
chibikasu-kun	12	N				0	
chibikasu-kun	13	N				0	
chibikasu-kun	14	N				0	
chibikasu-kun	15	N				0	
chibikasu-kun	16	N				0	
chicken-iguchi-2024	5	N				0	
chicken-iguchi-2024	6	N				0	
chicken-iguchi-2024	7	N				0	
chicken-iguchi-2024	8	N				0	
chicken-iguchi-2024	9	N				0	
chicken-iguchi-2024	10	N				0	
chicken-iguchi-2024	11	N				0	
chicken-iguchi-2024	12	N				0	
chicken-iguchi-2024	13	N				0	
chicken-iguchi-2024	14	N				0	
chippai-joshi-to-osuppai-otoko	1	N				0	
choco-banana	1	N				0	
choco-banana	2	N				0	
chotto-dake-kaettekita-dokutaa-slump	2	N				0	
chousen-shikaku	4	N				0	
chousen-shikaku	5	N				0	
cmyk-sameda-kazuo-wa-chuunibyou-ga-naosenai	1	N				0	
cobra-1995	13	N				0	
cobra-1995	14	N				0	
comic-asami-mitsuhiko-honkaku-ryojou-mystery	13	N				0	
comic-bii-tarou	1	N				0	
comic-chuurippu	3	N				0	
comic-chuurippu	5	N				0	
comic-chuurippu	7	N				0	
comic-chuurippu	8	N				0	
comic-chuurippu	9	N				0	
comic-chuurippu	10	N				0	
comic-chuurippu	12	N				0	
comic-chuurippu	13	N				0	
comic-chuurippu	15	N				0	
comic-chuurippu-1988	3	N				0	
comic-chuurippu-1988	5	N				0	
comic-chuurippu-1988	7	N				0	
comic-chuurippu-1988	8	N				0	
comic-chuurippu-1988	9	N				0	
comic-chuurippu-1988	10	N				0	
comic-chuurippu-1988	12	N				0	
comic-chuurippu-1988	13	N				0	
comic-chuurippu-1988	15	N				0	
comic-inagawa-junji-no-sugooku-kowai-hanashi	2	N				0	
comic-tulip	3	N				0	
comic-tulip	5	N				0	
comic-tulip	7	N				0	
comic-tulip	8	N				0	
comic-tulip	9	N				0	
comic-tulip	10	N				0	
comic-tulip	12	N				0	
comic-tulip	13	N				0	
comic-tulip	15	N				0	
condor-king	6	N				0	
crew-1994	1	N				0	
crew-1994	2	N				0	
crew-1994	3	N				0	
crew-1994	4	N				0	
crew-1994	5	N				0	
crew-1994	6	N				0	
crew-1994	8	N				0	
crew-de-gozaimasu	2	N				0	
cuddle	3	N				0	
dabide-no-hoshi	20	N				0	
daichouhen-doraemon	18	N				0	
daichouhen-doraemon	21	N				0	
daichouhen-doraemon	22	N				0	
daikaizoku-doumei-extra-edition	6	N				0	
danjo-no-yuujou-wa-seiritsu-suru-iya-shinai	4	N				0	
dare-nimo-ienai-hi	1	N				0	
dare-nimo-ienai-hi	2	N				0	
dare-nimo-ienai-hi	3	N				0	
dare-nimo-ienai-hi	4	N				0	
dare-nimo-ienai-hi	5	N				0	
dare-nimo-ienai-hi	7	N				0	
dare-nimo-ienai-hi	8	N				0	
dare-nimo-ienai-hi	10	N				0	
dare-nimo-ienai-hi	11	N				0	
dare-nimo-ienai-hi	12	N				0	
dare-nimo-ienai-hi	13	N				0	
dare-nimo-ienai-hi	14	N				0	
dare-nimo-ienai-hi	15	N				0	
dare-nimo-ienai-hi	17	N				0	
dear-boys-act-3	3	N				0	
dekirukana	2	N				0	
doctor-hankotsui	11	N				0	
doctor-hankotsui	19	N				0	
dogs	2	N				0	
dogs	3	N				0	
dogs	4	N				0	
dogs	5	N				0	
dogs	6	N				0	
doku-doku-mori-mori	3	N				0	
dokusha-toukou-shinrei-taiken	2	N				0	
dokusha-toukou-shinrei-taiken	3	N				0	
dokusha-toukou-shinrei-taiken	4	N				0	
dokusha-toukou-shinrei-taiken	5	N				0	
dokusha-toukou-shinrei-taiken	6	N				0	
dokusha-toukou-shinrei-taiken	7	N				0	
dokusha-toukou-shinrei-taiken	8	N				0	
dokusha-toukou-shinrei-taiken	9	N				0	
dokusha-toukou-shinrei-taiken	10	N				0	
dokusha-toukou-shinrei-taiken	11	N				0	
dokusha-toukou-shinrei-taiken	12	N				0	
dokusha-toukou-shinrei-taiken	13	N				0	
dokusha-toukou-shinrei-taiken	14	N				0	
dokusha-toukou-shinrei-taiken	15	N				0	
dorabeesu-doraemon-super-baseball-gaiden	1	N				0	
dorabeesu-doraemon-super-baseball-gaiden	2	N				0	
dorabeesu-doraemon-super-baseball-gaiden	3	N				0	
dorabeesu-doraemon-super-baseball-gaiden	4	N				0	
dorabeesu-doraemon-super-baseball-gaiden	5	N				0	
dorabeesu-doraemon-super-baseball-gaiden	6	N				0	
dorabeesu-doraemon-super-baseball-gaiden	7	N				0	
dorabeesu-doraemon-super-baseball-gaiden	8	N				0	
dorabeesu-doraemon-super-baseball-gaiden	9	N				0	
dorabeesu-doraemon-super-baseball-gaiden	10	N				0	
dorabeesu-doraemon-super-baseball-gaiden	11	N				0	
doraemon-2013	19	N				0	
doraemon-2013	20	N				0	
doraemon-2013	21	N				0	
doraemon-2013	22	N				0	
doraemon-2013	23	N				0	
doraemon-2013	24	N				0	
doraemon-2013	25	N				0	
doraemon-2013	26	N				0	
doraemon-2013	27	N				0	
doraemon-2013	28	N				0	
doraemon-2013	29	N				0	
doraemon-2013	30	N				0	
doraemon-2013	31	N				0	
doraemon-2013	32	N				0	
doragonkuesuto-1p-comic-gekijou	1	N				0	
doragonkuesuto-1p-comic-gekijou	3	N				0	
doragonkuesuto-4-koma-manga-gekijou	4	N				0	
dotou-no-saikyou-suit-suima-kun	1	N				0	
doubutsu-no-mori	9	N				0	
doubutsu-no-mori	10	N				0	
doubutsu-no-mori	11	N				0	
doughnuts-books	1	N				0	
doughnuts-books	2	N				0	
doughnuts-books	3	N				0	
doughnuts-books	4	N				0	
doughnuts-books	5	N				0	
doughnuts-books	6	N				0	
doughnuts-books	7	N				0	
doughnuts-books	8	N				0	
doughnuts-books	9	N				0	
doughnuts-books	10	N				0	
doughnuts-books	11	N				0	
doughnuts-books	12	N				0	
doughnuts-books	13	N				0	
doughnuts-books	14	N				0	
douyara-watashi-no-karada-wa-kanzen-muteki-no-you-desu-ne	1	N				0	
douyara-watashi-no-karada-wa-kanzen-muteki-no-you-desu-ne	4	N				0	
douyara-watashi-no-karada-wa-kanzen-muteki-no-you-desu-ne	5	N				0	
douyara-watashi-no-karada-wa-kanzen-muteki-no-you-desu-ne	6	N				0	
douyara-watashi-no-karada-wa-kanzen-muteki-no-you-desu-ne	7	N				0	
douyara-watashi-no-karada-wa-kanzen-muteki-no-you-desu-ne	8	N				0	
douyara-watashi-no-karada-wa-kanzen-muteki-no-you-desu-ne	9	N				0	
douyara-watashi-no-karada-wa-kanzen-muteki-no-you-desu-ne	10	N				0	
douyara-watashi-no-karada-wa-kanzen-muteki-no-you-desu-ne	11	N				0	
douyara-watashi-no-karada-wa-kanzen-muteki-no-you-desu-ne	12	N				0	
doyoubinoehon	5	N				0	
dr	2	N				0	
dr	3	N				0	
dr	12	N				0	
dr	14	N				0	
dr-nekoyanagita-no-kagakuteki-seishun	2	N				0	
dr-typhoon-1996	1	N				0	
dr-typhoon-1996	2	N				0	
dr-typhoon-1996	4	N				0	
dr-typhoon-1996	7	N				0	
dragon-ken	4	N				0	
drawing	12	N				0	
duel-masters	16	N				0	
eguchi-hisashi-jump-works	1	N				0	
ehon-kouroumu	2	N				0	
ei-kun-wa-okuchi-ga-ojouzu	1	N				0	
euromanga	2	N				0	
euromanga	3	N				0	
euromanga	4	N				0	
euromanga	5	N				0	
euromanga	6	N				0	
fantasy-bishoujo-juniku-oji-san-to	14	N				0	
fate-grand-order-turas-r-alta	1	N				0	
fate-grand-order-turas-r-alta	3	N				0	
fate-grand-order-turas-r-alta	4	N				0	
fate-grand-order-turas-r-alta	18	N				0	
fate-grand-order-turas-r-alta	19	N				0	
fate-kishi	1	N				0	
fate-kishi	3	N				0	
final-fantasy-lost-stranger-2021	5	N				0	
fire-emblem-4-koma-manga-gekijou	3	N				0	
foot-gear	1	N				0	
foot-gear	2	N				0	
fuguushoku-kanteishi-ga-jitsu-wa-saikyou-datta	13	N				0	
fuguushoku-kanteishi-ga-jitsu-wa-saikyou-datta	15	N				0	
fukou-reijou-deshitaga-happy-end-o-mukaemashita	3	N				0	
futsuu-no-joshikousei-ga-rokodoru-yattemita	5	N				0	
fuuhai-ni-kike	2	N				0	
gakken-manga-nippon-no-rekishi	2	N				0	
gakken-manga-nippon-no-rekishi	4	N				0	
gakken-manga-nippon-no-rekishi	5	N				0	
gakken-manga-nippon-no-rekishi	6	N				0	
gakken-manga-nippon-no-rekishi	7	N				0	
gakken-manga-nippon-no-rekishi	8	N				0	
gakken-manga-nippon-no-rekishi	9	N				0	
gakken-manga-nippon-no-rekishi	10	N				0	
gakken-manga-nippon-no-rekishi	11	N				0	
gakken-manga-nippon-no-rekishi	12	N				0	
gakken-manga-nippon-no-rekishi	13	N				0	
gakken-manga-nippon-no-rekishi	15	N				0	
gakken-manga-nippon-no-rekishi	16	N				0	
gakkou-kachinukisen-jikken-taiketsu	1	N				0	
gakkou-kachinukisen-jikken-taiketsu	2	N				0	
gakkou-kachinukisen-jikken-taiketsu	3	N				0	
gakkou-kachinukisen-jikken-taiketsu	4	N				0	
gakkou-kachinukisen-jikken-taiketsu	5	N				0	
gakkou-kachinukisen-jikken-taiketsu	6	N				0	
gakkou-kachinukisen-jikken-taiketsu	7	N				0	
gakkou-kachinukisen-jikken-taiketsu	8	N				0	
gakkou-kachinukisen-jikken-taiketsu	14	N				0	
gakkou-kachinukisen-jikken-taiketsu	15	N				0	
gakkou-kachinukisen-jikken-taiketsu	17	N				0	
gakkou-kachinukisen-jikken-taiketsu-2016	1	N				0	
gakkou-kachinukisen-jikken-taiketsu-2016	2	N				0	
gakkou-kachinukisen-jikken-taiketsu-2016	3	N				0	
gakkou-kachinukisen-jikken-taiketsu-2016	4	N				0	
gakkou-kachinukisen-jikken-taiketsu-2016	5	N				0	
gakkou-kachinukisen-jikken-taiketsu-2016	6	N				0	
gakkou-kachinukisen-jikken-taiketsu-2016	7	N				0	
gakkou-kachinukisen-jikken-taiketsu-2016	8	N				0	
gakkou-kachinukisen-jikken-taiketsu-2016	9	N				0	
gakkou-kachinukisen-jikken-taiketsu-2016	10	N				0	
gakkou-kachinukisen-jikken-taiketsu-2016	11	N				0	
gakkou-kachinukisen-jikken-taiketsu-2016	12	N				0	
gakkou-kachinukisen-jikken-taiketsu-2016	13	N				0	
gakkou-kachinukisen-jikken-taiketsu-2016	14	N				0	
gal-ga-sylvanian-family-o-dekiai-shitara	1	N				0	
gal-ga-sylvanian-family-o-dekiai-shitara	4	N				0	
ganso-doku-typhoon	7	N				0	
ganso-doku-typhoon	11	N				0	
gate	26	N				0	
gekiga-hiroike-chikurou	1	N				0	
gekiga-ningen-kakumei	3	N				0	
gekiga-oya-sama-monogatari	3	N				0	
gekki	4	N				0	
gekki	6	N				0	
gekki	7	N				0	
gekki	8	N				0	
gekki	9	N				0	
gekki	10	N				0	
generous-kiss	1	N				0	
generous-kiss	3	N				0	
generous-kiss	5	N				0	
gensou-tairiku	3	N				0	
gensou-tairiku	4	N				0	
gensou-tairiku	5	N				0	
giant-killing-extra-giant-killing-hatsu-sakkaa-entaateinmento-magazine	1	N				0	
gifuu-doudou	2	N				0	
ginga-densetsu-weed	40	N				0	
ginga-densetsu-weed	44	N				0	
ginga-tetsudou-999-andoromedahen	1	N				0	
ginga-tetsudou-999-andoromedahen	2	N				0	
ginga-tetsudou-999-andoromedahen	3	N				0	
ginga-tetsudou-999-andoromedahen	4	N				0	
gou-himetachi-no-sengoku	1	N				0	
gou-himetachi-no-sengoku	2	N				0	
goukaku-kigan	3	N				0	
gray-zone	7	N				0	
guranpuri-tengoku	2	N				0	
gurazeni-dairiiguhen	5	N				0	
guruguru-kakumei	2	N				0	
guruguru-kakumei	7	N				0	
guruguru-kakumei	8	N				0	
guruguru-kakumei	11	N				0	
hachi-no-su-taishou	2	N				0	
haikara-san-ga-tooru	9	N				0	
haikara-san-ga-tooru	10	N				0	
haikara-san-ga-tooru	11	N				0	
haikara-san-ga-tooru	12	N				0	
haikara-san-ga-tooru	13	N				0	
haikara-san-ga-tooru	14	N				0	
haikara-san-ga-tooru	15	N				0	
haikara-san-ga-tooru	16	N				0	
haikara-san-ga-tooru	17	N				0	
haikara-san-ga-tooru	18	N				0	
haikara-san-ga-tooru	19	N				0	
hajime-ningen-gon	6	N				0	
hallelujah-baby	7	N				0	
hamster-club	5	N				0	
hana	4	N				0	
hana	6	N				0	
hana	9	N				0	
hana	11	N				0	
hana	12	N				0	
hana	13	N				0	
hana	15	N				0	
hana	16	N				0	
hana	18	N				0	
hana	19	N				0	
hana	20	N				0	
hana-1996	4	N				0	
hana-1996	6	N				0	
hana-1996	9	N				0	
hana-1996	11	N				0	
hana-1996	12	N				0	
hana-1996	13	N				0	
hana-1996	15	N				0	
hana-1996	16	N				0	
hana-1996	18	N				0	
hana-1996	19	N				0	
hana-1996	20	N				0	
hana-2005	4	N				0	
hana-2005	6	N				0	
hana-2005	9	N				0	
hana-2005	11	N				0	
hana-2005	12	N				0	
hana-2005	13	N				0	
hana-2005	15	N				0	
hana-2005	16	N				0	
hana-2005	18	N				0	
hana-2005	19	N				0	
hana-2005	20	N				0	
hana-matsumoto-2002	11	N				0	
hana-matsumoto-2002	12	N				0	
hana-matsumoto-2002	13	N				0	
hana-matsumoto-2002	15	N				0	
hana-matsumoto-2002	16	N				0	
hana-matsumoto-2002	18	N				0	
hana-matsumoto-2002	19	N				0	
hana-matsumoto-2002	20	N				0	
hana-no-deka	19	N				0	
hana-takeda-1988	4	N				0	
hana-takeda-1988	6	N				0	
hana-takeda-1988	9	N				0	
hana-takeda-1988	11	N				0	
hana-takeda-1988	12	N				0	
hana-takeda-1988	13	N				0	
hana-takeda-1988	15	N				0	
hana-takeda-1988	16	N				0	
hana-takeda-1988	18	N				0	
hana-takeda-1988	19	N				0	
hana-takeda-1988	20	N				0	
hannintachi-no-file-kindaichi-shounen-no-file-gaiden	1	N				0	
hannintachi-no-file-kindaichi-shounen-no-file-gaiden	2	N				0	
haou-taikei-ryuunaito-collectors-edition	2	N				0	
haramu-made-midare-ike	1	N				0	
haramu-made-midare-ike	3	N				0	
haruka-naru-toki-no-naka-de	10	N				0	
haruka-naru-toki-no-naka-de	11	N				0	
haruka-tsuushin-haruka-naru-toki-no-naka-de	2	N				0	
haruka-tsuushin-haruka-naru-toki-no-naka-de	3	N				0	
haruka-tsuushin-haruka-naru-toki-no-naka-de	4	N				0	
haruka-tsuushin-haruka-naru-toki-no-naka-de	6	N				0	
haruka-tsuushin-haruka-naru-toki-no-naka-de	8	N				0	
haruka-tsuushin-haruka-naru-toki-no-naka-de	9	N				0	
hate-my-mia	1	N				0	
heart-kiyatsuchi-izumichiyan	6	N				0	
hell-mode	11	N				0	
higurashi-no-naku-koro-ni-himatsubushihen	3	N				0	
higurashi-no-nakukoro-ni	1	N				0	
higurashi-no-nakukoro-ni	2	N				0	
higurashi-no-nakukoro-ni	3	N				0	
higurashi-no-nakukoro-ni	4	N				0	
higurashi-no-nakukoro-ni	7	N				0	
higurashi-no-nakukoro-ni	8	N				0	
higurashi-no-nakukoro-ni	9	N				0	
himekishi-wa-barubaroi-no-yome	8	N				0	
himekishi-wa-barubaroi-no-yome	9	N				0	
hitokui-origin	1	N				0	
hitokui-origin	2	N				0	
honda-kanoko-no-hondana	3	N				0	
honda-kanoko-no-hondana	4	N				0	
honda-kanoko-no-hondana	5	N				0	
honda-kanoko-no-hondana	6	N				0	
honda-kanoko-no-hondana	7	N				0	
honda-kanoko-no-hondana	8	N				0	
honda-kanoko-no-hondana	9	N				0	
honda-kanoko-no-hondana	10	N				0	
honda-kanoko-no-hondana	11	N				0	
honda-kanoko-no-hondana	12	N				0	
honda-kanoko-no-hondana	13	N				0	
honda-kanoko-no-hondana	14	N				0	
honda-kanoko-no-hondana	15	N				0	
honda-kanoko-no-hondana	16	N				0	
honnyara-gokko-kariage-kun	1	N				0	
honnyara-gokko-kariage-kun	2	N				0	
honnyara-gokko-kariage-kun	3	N				0	
honnyara-gokko-kariage-kun	4	N				0	
honnyara-gokko-kariage-kun	5	N				0	
honnyara-gokko-kariage-kun	6	N				0	
honnyara-gokko-kariage-kun	7	N				0	
honnyara-gokko-kariage-kun	8	N				0	
honnyara-gokko-kariage-kun	9	N				0	
honnyara-gokko-kariage-kun	10	N				0	
honnyara-gokko-kariage-kun	11	N				0	
honnyara-gokko-kariage-kun	12	N				0	
honnyara-gokko-kariage-kun	13	N				0	
honnyara-gokko-kariage-kun	14	N				0	
honnyaragokko-kariage-kun	30	N				0	
honnyaragokko-kariage-kun	32	N				0	
honnyaragokko-kariage-kun	34	N				0	
honnyaragokko-kariage-kun	35	N				0	
honnyaragokko-kariage-kun	36	N				0	
honnyaragokko-kariage-kun	37	N				0	
honnyaragokko-kariage-kun	51	N				0	
honnyaragokko-kariage-kun	52	N				0	
honnyaragokko-kariage-kun	53	N				0	
honnyaragokko-kariage-kun	54	N				0	
honnyaragokko-kariage-kun	55	N				0	
honnyaragokko-kariage-kun	56	N				0	
honnyaragokko-kariage-kun	57	N				0	
honnyaragokko-kariage-kun	58	N				0	
honoo-no-mirage-reboot	9	N				0	
hontoni-atta-kowai-hanashi	2	N				0	
hontoni-atta-kowai-hanashi	9	N				0	
hontoni-atta-kowai-hanashi	25	N				0	
hontoni-atta-noroi-no-video-comic	1	N				0	
hontoni-atta-noroi-no-video-comic	2	N				0	
hontou-ni-atta-chibi-waraeru-hanashi	1	N				0	
hontou-ni-atta-chibi-waraeru-hanashi	2	N				0	
hontou-ni-atta-chibi-waraeru-hanashi	3	N				0	
hontou-ni-atta-chibi-waraeru-hanashi	4	N				0	
hontou-ni-atta-chibi-waraeru-hanashi	5	N				0	
hontou-ni-atta-chibi-waraeru-hanashi	6	N				0	
hontou-ni-atta-chibi-waraeru-hanashi	7	N				0	
hontou-ni-atta-chibi-waraeru-hanashi	8	N				0	
hontou-ni-atta-chibi-waraeru-hanashi	9	N				0	
hontou-ni-atta-chibi-waraeru-hanashi	10	N				0	
hontou-ni-atta-chibi-waraeru-hanashi	11	N				0	
hontou-ni-atta-chibi-waraeru-hanashi	12	N				0	
hontou-ni-atta-chibi-waraeru-hanashi	13	N				0	
hontou-ni-atta-chibi-waraeru-hanashi	14	N				0	
horror-occult-kyousaku-daizenshuu	2	N				0	
horror-occult-kyousaku-daizenshuu	3	N				0	
horror-occult-kyousaku-daizenshuu	4	N				0	
horror-occult-kyousaku-daizenshuu	5	N				0	
horror-occult-kyousaku-daizenshuu	7	N				0	
houshin-kenbunroku	5	N				0	
houshin-kenbunroku	6	N				0	
houshin-kenbunroku	8	N				0	
houshin-kenbunroku	10	N				0	
iara	7	N				0	
image	14	N				0	
image	15	N				0	
imootaru-princess-hajimemashita	13	N				0	
in-hand-2019	3	N				0	
in-hand-2019	4	N				0	
in-hand-2019	5	N				0	
intron-depot	2	N				0	
inugamike-no-ichizoku	2	N				0	
ishii-hisaichi-no-keizai-gairon	2	N				0	
itadakimasu-uekan-2015	12	N				0	
itadakimasu-uekan-2015	13	N				0	
itadakimasu-uekan-2015	14	N				0	
itadakimasu-uekan-2015	15	N				0	
itadakimasu-uekan-2015	16	N				0	
janrou-densetsu-aoki-ookamitachi	3	N				0	
janrou-densetsu-aoki-ookamitachi	5	N				0	
jiimago-rhapsody	3	N				0	
jiimago-rhapsody	4	N				0	
jinjuu-houretsuden	11	N				0	
jitsuwa-imouto-deshita	5	N				0	
jitsuwa-imouto-deshita	6	N				0	
judo-itchokusen	11	N				0	
judo-itchokusen	12	N				0	
juusou-reijou-morenet	2	N				0	
kachou-fuugetsu	11	N				0	
kagemusha-tokugawa-ieyasu-gaiden-sakon	5	N				0	
kai-riki-ran-shin-quan	3	N				0	
kai-riki-ran-shin-quan	4	N				0	
kaikyaku-sengen	1	N				0	
kaikyaku-sengen	2	N				0	
kaikyaku-sengen	3	N				0	
kaikyaku-sengen	4	N				0	
kaikyaku-sengen	5	N				0	
kaikyaku-sengen	6	N				0	
kaikyaku-sengen	7	N				0	
kaikyaku-sengen	8	N				0	
kaikyaku-sengen	9	N				0	
kaikyaku-sengen	10	N				0	
kaikyaku-sengen	11	N				0	
kaitou-lupin-den-abanchurie-toujou-hen	2	N				0	
kaitou-lupin-den-abanchurie-toujou-hen	4	N				0	
kaitou-lupin-den-abanchurie-toujou-hen	5	N				0	
kaitou-lupin-den-abanchurie-toujou-hen	6	N				0	
kaitou-lupin-den-abanchurie-toujou-hen	7	N				0	
kaitou-lupin-den-abanchurie-toujou-hen	8	N				0	
kaitou-lupin-den-abanchurie-toujou-hen	9	N				0	
kaitou-lupin-den-abanchurie-toujou-hen	10	N				0	
kaitou-lupin-den-aventurier	6	N				0	
kaitou-lupin-den-aventurier	7	N				0	
kaitou-lupin-den-aventurier	8	N				0	
kaitou-lupin-den-aventurier	9	N				0	
kaitou-lupin-den-aventurier	10	N				0	
kanchigai-no-atelier-maisutaa	7	N				0	
kanon	3	N				0	
kanon	7	N				0	
kantai-collection-kancolle-4-koma-comic	1	N				0	
kantai-collection-kancolle-4-koma-comic	2	N				0	
kantai-collection-kancolle-4-koma-comic	3	N				0	
kantai-collection-kancolle-4-koma-comic	4	N				0	
kantai-collection-kancolle-4-koma-comic	5	N				0	
kantai-collection-kancolle-4-koma-comic	6	N				0	
kantai-collection-kancolle-4-koma-comic	7	N				0	
kantai-collection-kancolle-4-koma-comic	8	N				0	
kantai-collection-kancolle-4-koma-comic	9	N				0	
kantai-collection-kancolle-4-koma-comic	11	N				0	
kantai-collection-kancolle-4-koma-comic-fubuki-ganbarimasu	3	N				0	
kantai-collection-kancolle-4-koma-comic-fubuki-ganbarimasu	4	N				0	
kantai-collection-kancolle-comic-arakaruto	1	N				0	
kantai-collection-kancolle-comic-arakaruto	2	N				0	
kantai-collection-kancolle-comic-arakaruto-maizuru-chinjufu-hen	1	N				0	
kantai-collection-kancolle-comic-arakaruto-maizuru-chinjufu-hen	6	N				0	
kasei-yakiyoku	1	N				0	
kasuribana	1	N				0	
katakoi-kekkon	1	N				0	
kawaii-kimi	1	N				0	
kegawa-to-nakami	2	N				0	
keirin-yarou	45	N				0	
kemono-jihen	22	N				0	
kemono-jihen	23	N				0	
kenshuusei-jidai	13	N				0	
kibaken	9	N				0	
kikou-kiden-hiwou-senki	1	N				0	
killers-holiday	3	N				0	
killers-holiday	7	N				0	
kinshin-soukan-ando-esuemu-taiken	2	N				0	
kinshin-soukan-ando-esuemu-taiken	3	N				0	
kinshin-soukan-ando-esuemu-taiken	4	N				0	
kinshin-soukan-ando-esuemu-taiken	5	N				0	
kinshin-soukan-ando-esuemu-taiken	6	N				0	
kinshin-soukan-ando-esuemu-taiken	7	N				0	
kinshin-soukan-ando-esuemu-taiken	8	N				0	
kinshin-soukan-ando-esuemu-taiken	9	N				0	
kinshin-soukan-ando-esuemu-taiken	10	N				0	
kirikiritei-no-buraun-sensei	3	N				0	
kirikiritei-no-buraun-sensei	4	N				0	
kirikiritei-no-buraun-sensei	5	N				0	
kizuato	1	N				0	
kizuato	3	N				0	
koala-enikki	1	N				0	
koike-kazuo-no-za-shibi-golf	3	N				0	
koike-kazuo-no-za-shibi-golf	4	N				0	
koike-kazuo-no-za-shibi-golf	5	N				0	
koishita-hito-wa-imouto-no-kawari-ni-shindekure-to-itta-imouto-to-kekkon-shita-kataomoi-aite-ga	1	N				0	
koishita-hito-wa-imouto-no-kawari-ni-shindekure-to-itta-imouto-to-kekkon-shita-kataomoi-aite-ga	2	N				0	
koishita-hito-wa-imouto-no-kawari-ni-shindekure-to-itta-imouto-to-kekkon-shita-kataomoi-aite-ga	3	N				0	
kojirase-kare-no-dekiai-ga-omosugimasu	3	N				0	
komatta-toki-niwa-hoshi-ni-kike	4	N				0	
kono-sekai-ga-izure-horobu-koto-o-ore-dake-ga-shitte-iru	10	N				0	
kuooto-ando-half	3	N				0	
kuooto-ando-half	4	N				0	
kureyon-shin-chan-gemu-book	1	N				0	
kuro-ka-shiro-ka	13	N				0	
kuroi-kizuato-no-otoko	4	N				0	
kuroi-kizuato-no-otoko	5	N				0	
kuroi-kizuato-no-otoko	6	N				0	
kuroi-kizuato-no-otoko	7	N				0	
kuwata-kigurumi-gekijou-damekko-doubutsu	1	N				0	
kuwata-kigurumi-gekijou-damekko-doubutsu	2	N				0	
kuwata-kigurumi-gekijou-damekko-doubutsu	3	N				0	
kuwata-kigurumi-gekijou-damekko-doubutsu	4	N				0	
kuwata-kigurumi-gekijou-damekko-doubutsu	5	N				0	
kyattsuai	19	N				0	
kyattsuai	20	N				0	
kyuubo-sonchou-san	1	N				0	
kyuubo-sonchou-san	2	N				0	
la-blue-girl	2	N				0	
lemon-kids	2	N				0	
lemon-kids	3	N				0	
lemon-kids	4	N				0	
lemon-kids	5	N				0	
lemon-kids	7	N				0	
lemon-kids	8	N				0	
lemon-kids	9	N				0	
lemon-kids	10	N				0	
lilliput	6	N				0	
lilliput	8	N				0	
linkman	1	N				0	
macross-7-trash-2009	5	N				0	
macross-7-trash-2009	6	N				0	
mad-buru-34	5	N				0	
mad-buru-34	8	N				0	
mad-buru-34	9	N				0	
mad-buru-34	10	N				0	
mad-buru-34	11	N				0	
mad-buru-34	12	N				0	
mad-buru-34	13	N				0	
mad-buru-34	14	N				0	
mad-buru-34	15	N				0	
mad-buru-34	16	N				0	
madara-rumble	2	N				0	
magia-record-2025	5	N				0	
mahouka-koukou-no-rettousei-2018	3	N				0	
majikyuu-4-koma-steins-gate	1	N				0	
majikyuu-4-koma-steins-gate	2	N				0	
majikyuu-4-koma-steins-gate	4	N				0	
major-2nd	29	N				0	
majutsushi-oofen-haguretabi	2	N				0	
majutsushi-oofen-haguretabi	4	N				0	
majutsushi-oofen-haguretabi	5	N				0	
manga-girishia-shinwa-1991	2	N				0	
manga-girishia-shinwa-1991	4	N				0	
manga-girishia-shinwa-1991	5	N				0	
manga-girishia-shinwa-1991	7	N				0	
manga-grimm-douwa	2	N				0	
manga-grimm-douwa	3	N				0	
manga-grimm-douwa	4	N				0	
manga-grimm-douwa	5	N				0	
manga-grimm-douwa	6	N				0	
manga-grimm-douwa	7	N				0	
manga-grimm-douwa	8	N				0	
manga-grimm-douwa	9	N				0	
manga-grimm-douwa	10	N				0	
manga-grimm-douwa	11	N				0	
manga-grimm-douwa	12	N				0	
manga-grimm-douwa	13	N				0	
manga-grimm-douwa	14	N				0	
manga-grimm-douwa	15	N				0	
manga-houritsu-no-nukeana	3	N				0	
manga-houritsu-no-nukeana	4	N				0	
manga-houritsu-no-nukeana	6	N				0	
manga-houritsu-no-nukeana	7	N				0	
manga-houritsu-no-nukeana	8	N				0	
manga-houritsu-no-nukeana	9	N				0	
manga-houritsu-no-nukeana	10	N				0	
manga-houritsu-no-nukeana	11	N				0	
manga-project-ekkusu-chousenshatachi	9	N				0	
manga-project-ekkusu-chousenshatachi	10	N				0	
mangaban-nobushi-no-gourmet	1	N				0	
marii-to-ellie-no-atelier-zaaruburugu-no-renkinjutsushi-sekando-season	1	N				0	
marii-to-ellie-no-atelier-zaaruburugu-no-renkinjutsushi-sekando-season	2	N				0	
marii-to-ellie-no-atelier-zaaruburugu-no-renkinjutsushi-sekando-season	3	N				0	
marugoshi-deka-super-collection	15	N				0	
matenrou	9	N				0	
mazin-saga-nagai	4	N				0	
megami	2	N				0	
megami	4	N				0	
meitantei-conan-2005	37	N				0	
miboujin-wa-ogenkijirushi	1	N				0	
microman	4	N				0	
mikio-to-mikio	2	N				0	
mikio-to-mikio	3	N				0	
mikio-to-mikio	4	N				0	
mikio-to-mikio	5	N				0	
mikio-to-mikio	6	N				0	
mikio-to-mikio	7	N				0	
mikio-to-mikio	8	N				0	
mikio-to-mikio	9	N				0	
mikio-to-mikio	10	N				0	
mikio-to-mikio	11	N				0	
mikio-to-mikio	12	N				0	
mikio-to-mikio	13	N				0	
mikio-to-mikio	14	N				0	
mikio-to-mikio	15	N				0	
mikosuri-gekijou	15	N				0	
mikosuri-gekijou	16	N				0	
mikosuri-gekijou	17	N				0	
mikoto-chan-wa-kirawaretakunai	1	N				0	
milky-comic	1	N				0	
milky-comic	2	N				0	
milky-comic	3	N				0	
milky-comic	4	N				0	
milky-comic	5	N				0	
milky-comic	6	N				0	
milky-comic	7	N				0	
milky-comic	9	N				0	
milky-comic	11	N				0	
milky-comic	12	N				0	
milky-comic	13	N				0	
milky-comic	14	N				0	
milky-comic	15	N				0	
milky-comic	16	N				0	
mina-sama-no-omocha-desu	1	N				0	
mina-sama-no-omocha-desu	2	N				0	
mina-sama-no-omocha-desu	3	N				0	
minami-no-teiou-special	4	N				0	
minami-no-teiou-special	5	N				0	
minami-no-teiou-special	6	N				0	
minami-no-teiou-special	7	N				0	
minami-no-teiou-special	8	N				0	
minami-no-teiou-special	9	N				0	
minami-no-teiou-special	10	N				0	
minami-no-teiou-special	11	N				0	
minami-no-teiou-special	12	N				0	
minami-no-teiou-special	13	N				0	
minami-no-teiou-special	14	N				0	
minami-no-teiou-special	15	N				0	
minami-no-teiou-special	16	N				0	
minami-no-teiou-special	17	N				0	
misutaa-ajikko-2	3	N				0	
misutaa-ajikko-2	4	N				0	
misutaa-ajikko-2	5	N				0	
misutaa-ajikko-2	6	N				0	
misutaa-ajikko-2	7	N				0	
misutaa-ajikko-2	8	N				0	
misutaa-ajikko-2	9	N				0	
misutaa-ajikko-2	10	N				0	
misutaa-ajikko-2	11	N				0	
mizudako-chan-kara-wa-nigerarenai	2	N				0	
mobile-suit-gundam-emuesuvui-aaru	1	N				0	
mobile-suit-gundam-emuesuvui-aaru	2	N				0	
mobile-suit-gundam-emuesuvui-aaru	3	N				0	
mobile-suit-gundam-emuesuvui-aaru	4	N				0	
mobile-suit-gundam-emuesuvui-aaru	5	N				0	
mobile-suit-gundam-emuesuvui-aaru	6	N				0	
mobile-suit-gundam-emuesuvui-aaru	8	N				0	
mobile-suit-gundam-emuesuvui-aaru	9	N				0	
mobile-suit-gundam-emuesuvui-aaru	10	N				0	
mobile-suit-gundam-emuesuvui-aaru	11	N				0	
mobile-suit-gundam-emuesuvui-aaru	12	N				0	
mobile-suit-gundam-emuesuvui-aaru	13	N				0	
mobile-suit-gundam-emuesuvui-aaru	14	N				0	
mobile-suit-gundam-emuesuvui-aaru	15	N				0	
mobile-suit-gundam-emuesuvui-aaru	16	N				0	
mobile-suit-gundam-f90	3	N				0	
mobile-suit-gundam-f90	4	N				0	
mobile-suit-gundam-f90	5	N				0	
mobile-suit-gundam-f90	6	N				0	
mobile-suit-gundam-f90	7	N				0	
mobile-suit-gundam-f90	8	N				0	
mobile-suit-gundam-f90	9	N				0	
mobile-suit-gundam-f90	10	N				0	
mobile-suit-gundam-san	22	N				0	
mobile-suit-gundam-seed-destiny-2005	5	N				0	
mobile-suit-gundam-seed-destiny-2005	6	N				0	
mobile-suit-gundam-seed-destiny-2005	7	N				0	
mobile-suit-gundam-seed-destiny-2005	8	N				0	
mobile-suit-gundam-seed-destiny-2005	9	N				0	
mobile-suit-gundam-seed-destiny-2005	10	N				0	
mobile-suit-gundam-seed-destiny-2005	11	N				0	
mobile-suit-gundam-the-movies	5	N				0	
mobile-suit-z-gundam	4	N				0	
mobile-suit-z-gundam	5	N				0	
mobile-suit-z-gundam	6	N				0	
mobile-suit-z-gundam	7	N				0	
mobile-suit-z-gundam	8	N				0	
mobile-suit-z-gundam	9	N				0	
mobile-suit-z-gundam	10	N				0	
mobile-suit-zeta-gundam-difain-char-azunaburu-aka-no-bunsuirei	1	N				0	
mobile-suit-zeta-gundam-difain-char-azunaburu-aka-no-bunsuirei	2	N				0	
mobile-suit-zeta-gundam-difain-char-azunaburu-aka-no-bunsuirei	3	N				0	
mobile-suit-zeta-gundam-difain-char-azunaburu-aka-no-bunsuirei	4	N				0	
mobile-suit-zeta-gundam-difain-char-azunaburu-aka-no-bunsuirei	5	N				0	
mobile-suit-zeta-gundam-difain-char-azunaburu-aka-no-bunsuirei	6	N				0	
mobile-suit-zeta-gundam-difain-char-azunaburu-aka-no-bunsuirei	7	N				0	
mobile-suit-zeta-gundam-difain-char-azunaburu-aka-no-bunsuirei	8	N				0	
mobile-suit-zeta-gundam-difain-char-azunaburu-aka-no-bunsuirei	9	N				0	
mobile-suit-zeta-gundam-difain-char-azunaburu-aka-no-bunsuirei	10	N				0	
mobile-suit-zeta-gundam-difain-char-azunaburu-aka-no-bunsuirei	11	N				0	
mobile-suit-zeta-gundam-difain-char-azunaburu-aka-no-bunsuirei	12	N				0	
mobile-suit-zeta-gundam-difain-char-azunaburu-guripusu-seneki	1	N				0	
mobile-suit-zeta-gundam-difain-char-azunaburu-guripusu-seneki	2	N				0	
mobile-suit-zeta-gundam-difain-char-azunaburu-guripusu-seneki	3	N				0	
mobile-suit-zeta-gundam-difain-char-azunaburu-guripusu-seneki	4	N				0	
mobile-suit-zeta-gundam-difain-char-azunaburu-guripusu-seneki	5	N				0	
mobile-suit-zeta-gundam-difain-char-azunaburu-guripusu-seneki	6	N				0	
mobile-suit-zeta-gundam-difain-char-azunaburu-guripusu-seneki	7	N				0	
mobile-suit-zeta-gundam-difain-char-azunaburu-guripusu-seneki	8	N				0	
mobile-suit-zeta-gundam-difain-char-azunaburu-guripusu-seneki	9	N				0	
mobile-suit-zeta-gundam-difain-char-azunaburu-guripusu-seneki	10	N				0	
mobile-suit-zeta-gundam-difain-char-azunaburu-guripusu-seneki	11	N				0	
mobile-suit-zeta-gundam-difain-char-azunaburu-guripusu-seneki	12	N				0	
mobile-suit-zeta-gundam-difain-char-azunaburu-guripusu-seneki	13	N				0	
mobile-suit-zeta-gundam-difain-char-azunaburu-guripusu-seneki	14	N				0	
moeyo-sensha-gakkou	1	N				0	
moeyo-sensha-gakkou	4	N				0	
mogura-no-uta	86	N				0	
mogura-no-uta	87	N				0	
mondeki	1	N				0	
monkey-peak-the-rock	1	N				0	
monkey-peak-the-rock	2	N				0	
monkey-peak-the-rock	3	N				0	
moto-yakuza-wa-shinshi-de-moujuu	1	N				0	
munou-to-yobareta-seirei-tarashi	5	N				0	
munou-to-yobareta-seirei-tarashi	6	N				0	
murci-lago	13	N				0	
musashi	11	N				0	
muse-no-gakuen-de-aou	3	N				0	
mushi-to-gankyuu-to-tedibea	1	N				0	
mushi-to-gankyuu-to-tedibea	2	N				0	
musume-ja-nakute-mama-ga-suki-nano	7	N				0	
nageki-no-bourei-wa-intai-shitai	10	N				0	
nageki-no-bourei-wa-intai-shitai	11	N				0	
nagi	3	N				0	
nagisa	2	N				0	
nagisa	3	N				0	
nagisa	4	N				0	
nagisa	5	N				0	
nagisa	6	N				0	
nagisa	7	N				0	
nagisa	8	N				0	
nagisa	9	N				0	
nagisa	10	N				0	
nagisa	11	N				0	
nagisa	12	N				0	
nanimo-kikazu-ni-dakasetekure	1	N				0	
nee-piyo-chan	11	N				0	
neko-punch	1	N				0	
neko-punch	2	N				0	
neko-punch	3	N				0	
neko-punch	4	N				0	
neko-punch	5	N				0	
neko-punch	6	N				0	
neko-punch	7	N				0	
neko-punch	8	N				0	
neko-punch	9	N				0	
neko-punch	11	N				0	
neko-punch	12	N				0	
neko-punch	13	N				0	
neko-punch	14	N				0	
neko-punch	15	N				0	
neko-puni	1	N				0	
neko-puni	2	N				0	
neko-puni	4	N				0	
neko-puni	5	N				0	
neko-puni	10	N				0	
neko-puni	11	N				0	
neko-puni	12	N				0	
neko-puni	13	N				0	
neko-puni	14	N				0	
neko-puni	15	N				0	
neko-puni	16	N				0	
neko-puni	17	N				0	
neko-puni	18	N				0	
neko-puni	19	N				0	
neko-youkai	2	N				0	
neko-youkai	3	N				0	
neko-youkai	4	N				0	
neko-youkai	5	N				0	
neko-youkai	6	N				0	
neko-youkai	7	N				0	
neko-youkai	8	N				0	
neko-youkai-gorogoro	2	N				0	
neko-youkai-gorogoro	3	N				0	
neko-youkai-gorogoro	4	N				0	
neko-youkai-gorogoro	5	N				0	
neko-youkai-gorogoro	6	N				0	
neko-youkai-gorogoro	7	N				0	
neko-youkai-gorogoro	8	N				0	
neko-youkai-mugyutsu	2	N				0	
neko-youkai-mugyutsu	3	N				0	
neko-youkai-mugyutsu	4	N				0	
neko-youkai-mugyutsu	5	N				0	
neko-youkai-mugyutsu	6	N				0	
neko-youkai-mugyutsu	7	N				0	
neko-youkai-mugyutsu	8	N				0	
nekomata-to-asagohan	1	N				0	
new-normal	6	N				0	
nichi-nichi-sora-no-tayori	8	N				0	
nihonnorekishi	6	N				0	
niigata-manga-taishou-sakuhinshuu	4	N				0	
niigata-manga-taishou-sakuhinshuu	5	N				0	
niigata-manga-taishou-sakuhinshuu	6	N				0	
niigata-manga-taishou-sakuhinshuu	8	N				0	
niigata-manga-taishou-sakuhinshuu	9	N				0	
nippon-no-rekishi-2007-2	8	N				0	
nippon-no-rekishi-2007-2	9	N				0	
nomizukushi-sakezukushi	2	N				0	
nonke-joushi-30-nichi-no-kaihatsu-mesoddo	1	N				0	
nono-chan-zenshuu	1	N				0	
nono-chan-zenshuu	2	N				0	
nono-chan-zenshuu	3	N				0	
nono-chan-zenshuu	4	N				0	
nono-chan-zenshuu	5	N				0	
nuclear	1	N				0	
oboreru-hibi-wa-kimi-no-sei	3	N				0	
ohanashi-chouhyakka-pocket-monster	1	N				0	
oji-sama-shinshi-wa-kedamono-joushi	1	N				0	
omakase-spirits	1	N				0	
omega-7	6	N				0	
onna-kajishi-wa-ohitoyoshi-guild-ni-hirowaremashita	5	N				0	
onna-kajishi-wa-ohitoyoshi-guild-ni-hirowaremashita	6	N				0	
onnanoko-no-mayu	3	N				0	
ookami-no-seiza	5	N				0	
ookisugite-kare-no-are-ga-sakitcho-shika-hairimasen	1	N				0	
ore-no-koshien	10	N				0	
ore-o-tatasete-miroyo	1	N				0	
oruchuban-ebichu	5	N				0	
oruchuban-ebichu	6	N				0	
oruchuban-ebichu	7	N				0	
oruchuban-ebichu	8	N				0	
oruchuban-ebichu	9	N				0	
oruchuban-ebichu	10	N				0	
oruchuban-ebichu	11	N				0	
oruchuban-ebichu	12	N				0	
osaka-geijutsu-daigaku-daigaku-manga	1	N				0	
osaka-geijutsu-daigaku-daigaku-manga	4	N				0	
ossu-miri-chan	4	N				0	
otokoun-ga-ii-rank-nanode-isekai-no-yamiochi-kami-sama-ni-metoraremashita	1	N				0	
otokoun-ga-ii-rank-nanode-isekai-no-yamiochi-kami-sama-ni-metoraremashita	3	N				0	
otokuyou-mainichi-kaa-san	2	N				0	
otokuyou-mainichi-kaa-san	4	N				0	
otokuyou-mainichi-kaa-san	6	N				0	
otonashi-genjuu	3	N				0	
otonashi-genjuu	4	N				0	
otonashi-genjuu	5	N				0	
otonashi-genjuu	6	N				0	
otonashi-genjuu	7	N				0	
otonashi-genjuu	8	N				0	
otonashi-genjuu	9	N				0	
ouhi-sama-wa-rikon-shitai	5	N				0	
pachikko-bojou	2	N				0	
pachinko	6	N				0	
pachisuro-yancha-bugi	3	N				0	
pachisuro-yancha-bugi	4	N				0	
pachisuro-yancha-bugi	7	N				0	
pachisuro-yancha-bugi	10	N				0	
pachisuro-yancha-bugi	11	N				0	
pachisuro-yancha-bugi	13	N				0	
pachisuro-yancha-bugi	15	N				0	
pachisuro-yancha-bugi	18	N				0	
pachisuro-yancha-gaiden	3	N				0	
pachisuro-yancha-gaiden	5	N				0	
pachisuro-yancha-gaiden	6	N				0	
pakupaku-desuwa-tsuihousareta-sareta-ojousama	1	N				0	
palm	1	N				0	
palm	2	N				0	
palm	3	N				0	
palm	4	N				0	
palm	5	N				0	
palm	6	N				0	
palm	7	N				0	
palm	8	N				0	
palm	9	N				0	
palm	10	N				0	
palm	11	N				0	
palm	12	N				0	
palm	13	N				0	
palm	14	N				0	
papillon	6	N				0	
peak-out	2	N				0	
pen-to-wappa-to-jijitsukon	4	N				0	
pen-to-wappa-to-jijitsukon	5	N				0	
perman	9	N				0	
perman	10	N				0	
perman-fujiko-1979	11	N				0	
persona-4-4-koma-kings	3	N				0	
piasu-club	3	N				0	
piasu-club	4	N				0	
piasu-club	5	N				0	
piasu-club	6	N				0	
piasu-club	7	N				0	
piasu-club	8	N				0	
piasu-club	9	N				0	
piasu-club	10	N				0	
piasu-club	11	N				0	
piasu-club	12	N				0	
piasu-club	14	N				0	
piasu-club	15	N				0	
piasu-club	17	N				0	
piasu-club	18	N				0	
piisu-maker-kurogane	1	N				0	
piisu-maker-kurogane	2	N				0	
piisu-maker-kurogane	3	N				0	
piisu-maker-kurogane	4	N				0	
piisu-maker-kurogane	5	N				0	
piisu-maker-kurogane	6	N				0	
piisu-maker-kurogane	7	N				0	
piisu-maker-kurogane	8	N				0	
piisu-maker-kurogane	9	N				0	
piisu-maker-kurogane	10	N				0	
piisu-maker-kurogane	11	N				0	
pilot-a	4	N				0	
pink-chan-v	2	N				0	
platonic	2	N				0	
pose-file	2	N				0	
pose-file	7	N				0	
power-bomb-theater	2	N				0	
power-bomb-theater	3	N				0	
pumpkin	1	N				0	
pumpkin	8	N				0	
purodeyuusaa-ni-naritai	2	N				0	
q-e-d	1	N				0	
rakkiidoggu-1-blast	2	N				0	
red-mask	4	N				0	
reikan-koumuten-ripea	7	N				0	
rekitan	1	N				0	
rekitan	2	N				0	
rekitan	3	N				0	
rekitan	4	N				0	
rekitan	5	N				0	
resu	3	N				0	
ribbon-no-kishi-nakayoshi-orijinaruban-fukkoku-daizenshuu	2	N				0	
riezon	19	N				0	
rikei-kun	3	N				0	
rikudou-no-onnatachi	1	N				0	
rikudou-no-onnatachi	2	N				0	
rikudou-no-onnatachi	3	N				0	
rikudou-no-onnatachi	4	N				0	
rikudou-no-onnatachi	5	N				0	
rikudou-no-onnatachi	6	N				0	
rikudou-no-onnatachi	7	N				0	
rikudou-no-onnatachi	8	N				0	
rinjin-o-maiseyo	1	N				0	
rinjin-o-maiseyo	2	N				0	
rinjin-o-maiseyo	3	N				0	
rinta-no-momoiro-comic	2	N				0	
robot-santou-hei	6	N				0	
robot-santou-hei	8	N				0	
romeo	1	N				0	
ruriiro-princess	5	N				0	
ruriiro-princess	6	N				0	
ruriiro-princess	7	N				0	
ruriiro-princess	8	N				0	
ruriiro-princess	9	N				0	
ruriiro-princess	10	N				0	
ruriiro-princess	11	N				0	
ruriiro-princess	12	N				0	
ruriiro-princess	13	N				0	
ryojou-mystery-file	8	N				0	
ryoushuu	7	N				0	
ryuutei-no-mon	5	N				0	
s	13	N				0	
sabaku-no-maou	4	N				0	
sabaku-no-maou	6	N				0	
saibaa-comics	1	N				0	
saibaa-comics	2	N				0	
saibaa-comics	3	N				0	
saibaa-comics	4	N				0	
saibaa-comics	6	N				0	
saibaa-comics	7	N				0	
saibaa-comics	8	N				0	
saibaa-comics	9	N				0	
saibaa-comics	10	N				0	
saibaa-comics	12	N				0	
saikou-nando-meikyuu-de-party-ni-okizari-ni-sareta-esu-rank-kenshi-hontou-ni-mayoimakutte-daremo	6	N				0	
saint-seiya-final-edition	10	N				0	
saint-seiya-final-edition	12	N				0	
saishinban-heisei-tensai-bakabon	1	N				0	
saiteihen-de-agaku-boku-wa-isekai-de-kibou-ni-deau	1	N				0	
saitou-takao-ikenami-shoutarou-jidai-gekiga-waido-selection	2	N				0	
saitou-takao-ikenami-shoutarou-jidai-gekiga-waido-selection	3	N				0	
saitou-takao-ikenami-shoutarou-jidai-gekiga-waido-selection	4	N				0	
saitou-takao-ikenami-shoutarou-jidai-gekiga-waido-selection	5	N				0	
saitou-takao-ikenami-shoutarou-jidai-gekiga-waido-selection	6	N				0	
saitou-takao-ikenami-shoutarou-jidai-gekiga-waido-selection	7	N				0	
saitou-takao-ikenami-shoutarou-jidai-gekiga-waido-selection	8	N				0	
saitou-takao-ikenami-shoutarou-jidai-gekiga-waido-selection	9	N				0	
saiyaku-wa-boku-o-sukisugiru	5	N				0	
saki	26	N				0	
samurai-musou	1	N				0	
sebangou-0	5	N				0	
seibonjinden	8	N				0	
seibonjinden	9	N				0	
seiden-rg-veeda	7	N				0	
seiden-rg-veeda	9	N				0	
seishun	3	N				0	
seishun	5	N				0	
seishun	6	N				0	
seishun	8	N				0	
seishun	9	N				0	
seishun	10	N				0	
seishun	11	N				0	
seishun	12	N				0	
seishun	13	N				0	
seishun	14	N				0	
seishun	15	N				0	
seishun	16	N				0	
seishun	17	N				0	
seishun	18	N				0	
senri-no-michi-mo-dai-sanshou	12	N				0	
sensei-ga-suki	1	N				0	
series-atarimae-no-zeitaku	2	N				0	
servamp	22	N				0	
servamp	23	N				0	
shachou-to-anan	10	N				0	
shanai-bitch-chan-wa-kyou-mo-tokimeki-ga-tomerarenai	1	N				0	
shanai-bitch-chan-wa-kyou-mo-tokimeki-ga-tomerarenai	2	N				0	
shiharu-genesis	1	N				0	
shiharu-genesis	2	N				0	
shima-kousaku-zenshuu	1	N				0	
shima-kousaku-zenshuu	3	N				0	
shima-kousaku-zenshuu	4	N				0	
shima-kousaku-zenshuu	6	N				0	
shima-kousaku-zenshuu	7	N				0	
shima-kousaku-zenshuu	8	N				0	
shin-agatte-nanbo-taichiyo-nakuna	16	N				0	
shin-agatte-nanbo-taichiyo-nakuna	22	N				0	
shin-agatte-nanbo-taichiyo-nakuna	23	N				0	
shin-agatte-nanbo-taichiyo-nakuna	24	N				0	
shin-agatte-nanbo-taichiyo-nakuna	25	N				0	
shin-agatte-nanbo-taichiyo-nakuna	26	N				0	
shin-agatte-nanbo-taichiyo-nakuna	27	N				0	
shin-agatte-nanbo-taichiyo-nakuna	28	N				0	
shin-agatte-nanbo-taichiyo-nakuna	29	N				0	
shin-agatte-nanbo-taichiyo-nakuna	30	N				0	
shin-agatte-nanbo-taichiyo-nakuna	32	N				0	
shin-kaiketsu-jouki-tanteidan	8	N				0	
shin-karate-jigokuhen	14	N				0	
shin-kurosagi-kanketsu-hen	5	N				0	
shin-kurosagi-kanketsu-hen	6	N				0	
shin-kurosagi-kanketsu-hen	7	N				0	
shin-kurosagi-kanketsu-hen	8	N				0	
shin-kurosagi-kanketsu-hen	9	N				0	
shin-kurosagi-kanketsu-hen	10	N				0	
shin-kurosagi-kanketsu-hen	11	N				0	
shin-kurosagi-kanketsu-hen	12	N				0	
shin-kurosagi-kanketsu-hen	13	N				0	
shin-kurosagi-kanketsu-hen	15	N				0	
shin-kurosagi-kanketsu-hen	16	N				0	
shin-kurosagi-kanketsu-hen	17	N				0	
shin-mimibukuro-kaidan-hyakumonogatari	1	N				0	
shin-ranchesutaa-senryaku	4	N				0	
shin-ranchesutaa-senryaku	5	N				0	
shinshin-agatte-nanbo-taichi-yo-nakuna	16	N				0	
shinshin-agatte-nanbo-taichi-yo-nakuna	18	N				0	
shinshin-agatte-nanbo-taichi-yo-nakuna	22	N				0	
shinshin-agatte-nanbo-taichi-yo-nakuna	23	N				0	
shinshin-agatte-nanbo-taichi-yo-nakuna	24	N				0	
shinshin-agatte-nanbo-taichi-yo-nakuna	25	N				0	
shinshin-agatte-nanbo-taichi-yo-nakuna	26	N				0	
shinshin-agatte-nanbo-taichi-yo-nakuna	27	N				0	
shinshin-agatte-nanbo-taichi-yo-nakuna	28	N				0	
shinshin-agatte-nanbo-taichi-yo-nakuna	29	N				0	
shinshin-agatte-nanbo-taichi-yo-nakuna	30	N				0	
shinshin-agatte-nanbo-taichi-yo-nakuna	32	N				0	
shintouki	1	N				0	
shintouki	2	N				0	
shintouki	3	N				0	
shintouki	4	N				0	
shintouki	5	N				0	
shintouki	6	N				0	
shintouki	7	N				0	
shintouki	8	N				0	
shintouki	9	N				0	
shintouki	10	N				0	
shiori-experience-2021	2	N				0	
shiori-experience-2021	3	N				0	
shiori-experience-2021	4	N				0	
shiori-experience-2021	5	N				0	
shiori-experience-2021	6	N				0	
shiori-experience-2021	7	N				0	
shiori-experience-2021	8	N				0	
shiori-experience-2021	9	N				0	
shiori-experience-2021	10	N				0	
shiori-experience-2021	11	N				0	
shiori-experience-2021	12	N				0	
shiori-experience-2021	13	N				0	
shiori-experience-2021	14	N				0	
shiori-experience-2021	15	N				0	
shirasunamura	4	N				0	
shirasunamura	5	N				0	
shirasunamura	6	N				0	
shirasunamura	7	N				0	
shiritsu-shouei-gakuen-otoko-koutoubu-kurashina-sensei-no-junan	4	N				0	
shisaku-nansensu-senshuu	1	N				0	
shisaku-nansensu-senshuu	3	N				0	
shisaku-nansensu-senshuu	6	N				0	
shizuku-chan	43	N				0	
shoichi	8	N				0	
shokuba-to-jitaku-de-gap-no-aru-papa	5	N				0	
shounen-keniya	11	N				0	
shounen-keniya	12	N				0	
shounen-shoujo-jinbutsu-nippon-no-rekishi	1	N				0	
shounen-shoujo-jinbutsu-nippon-no-rekishi	2	N				0	
shounen-shoujo-jinbutsu-nippon-no-rekishi	3	N				0	
shounen-shoujo-jinbutsu-nippon-no-rekishi	6	N				0	
shounen-shoujo-jinbutsu-nippon-no-rekishi	9	N				0	
shounen-shoujo-jinbutsu-nippon-no-rekishi	10	N				0	
shounen-shoujo-jinbutsu-nippon-no-rekishi	11	N				0	
shounen-shoujo-jinbutsu-nippon-no-rekishi	12	N				0	
shounen-shoujo-jinbutsu-nippon-no-rekishi	13	N				0	
shounen-shoujo-jinbutsu-nippon-no-rekishi	14	N				0	
shounen-shoujo-jinbutsu-nippon-no-rekishi	16	N				0	
shounen-shoujo-jinbutsu-nippon-no-rekishi	17	N				0	
shounen-shoujo-jinbutsu-nippon-no-rekishi	19	N				0	
shounen-shoujo-jinbutsu-nippon-no-rekishi	21	N				0	
shounen-shoujo-nippon-no-rekishi	3	N				0	
shounen-shoujo-nippon-no-rekishi	4	N				0	
shounen-shoujo-nippon-no-rekishi	5	N				0	
shounen-shoujo-nippon-no-rekishi	6	N				0	
shounen-shoujo-nippon-no-rekishi	7	N				0	
shounen-shoujo-nippon-no-rekishi	8	N				0	
shounen-shoujo-nippon-no-rekishi	9	N				0	
shounen-shoujo-nippon-no-rekishi	12	N				0	
shounen-shoujo-nippon-no-rekishi	13	N				0	
shounen-shoujo-nippon-no-rekishi	18	N				0	
shousetsu-fajji	1	N				0	
shousetsu-fajji	2	N				0	
shousetsu-fajji	3	N				0	
shousetsu-fajji	5	N				0	
shousetsu-fajji	6	N				0	
shousetsu-fajji	7	N				0	
shousetsu-fajji	9	N				0	
shousetsu-fajji	10	N				0	
shouta-no-sushi	28	N				0	
shouwa-genroku-rakugo-shinjuu	15	N				0	
show-chan-no-bouken	2	N				0	
show-chan-no-bouken	3	N				0	
show-chan-no-bouken	4	N				0	
shukujo-no-kagami-yamemashita	4	N				0	
shukujo-no-kagami-yamemashita	5	N				0	
shuuen-no-majo-to-sekai-no-tabi	1	N				0	
skill-rendaa-no-torikaeshi	8	N				0	
sky-high	3	N				0	
sora-ga-suki	3	N				0	
sora-ga-suki	4	N				0	
sora-ga-suki	5	N				0	
sora-ga-suki	6	N				0	
sora-ga-suki	7	N				0	
sora-ga-suki	8	N				0	
sora-ga-suki	9	N				0	
sora-ga-suki	10	N				0	
sora-ga-suki	11	N				0	
sora-ga-suki	12	N				0	
sora-ga-suki	13	N				0	
sora-ga-suki	14	N				0	
sora-ga-suki	15	N				0	
sora-ga-suki	16	N				0	
sora-ga-suki	17	N				0	
sora-made-itchau	1	N				0	
sugar-spice	17	N				0	
sugomori-hontou-ni-atta-koko-dake-no-hanashi-kiwami	4	N				0	
sugomori-hontou-ni-atta-nama-koko-dake-no-hanashi-kiwami-ultra	4	N				0	
supaidaaman-kizuna	2	N				0	
tachibanakan-try-anguru	3	N				0	
taishou-shinkon-roman	3	N				0	
taiyou-no-romance	2	N				0	
taiyou-no-romance	3	N				0	
tales-of-destiny-director-cut-cut-toki-no-rion	3	N				0	
tales-of-symphonia-4-koma-kings	1	N				0	
tales-of-symphonia-4-koma-kings	2	N				0	
tales-of-vesperia-4-koma-kings	3	N				0	
tange-sazen	2	N				0	
tange-sazen	3	N				0	
tenkaichi-azuma-2025	10	N				0	
tensei-kenja-no-isekai-life	26	N				0	
the-mad-pachi-slot-brother-s	2	N				0	
tobaku-datenroku-kaiji	17	N				0	
tobaku-datenroku-kaiji	18	N				0	
tobaku-datenroku-kaiji	19	N				0	
tobaku-datenroku-kaiji	20	N				0	
tobaku-datenroku-kaiji	21	N				0	
tobaku-datenroku-kaiji	22	N				0	
tobaku-datenroku-kaiji	23	N				0	
toilet-hakase	7	N				0	
toilet-hakase	24	N				0	
toilet-hakase	25	N				0	
toilet-hakase	26	N				0	
tokubetsu-ja-nai-hi	1	N				0	
tokumorikobo-chan	1	N				0	
tokumorikobo-chan	2	N				0	
tokumorikobo-chan	3	N				0	
tokumorikobo-chan	6	N				0	
tokumorikobo-chan	7	N				0	
tokumorikobo-chan	10	N				0	
tokumorikobo-chan	11	N				0	
tokusen-kobo-chan	2	N				0	
tokusen-kobo-chan	3	N				0	
tokusen-kobo-chan	15	N				0	
tokusen-otoboke-kachou	1	N				0	
tokusen-otoboke-kachou	2	N				0	
tokusen-otoboke-kachou	3	N				0	
touhou-chirei-kiden	5	N				0	
trinity-seven	1	N				0	
trinity-seven	4	N				0	
trinity-seven	5	N				0	
trinity-seven	6	N				0	
trinity-seven	7	N				0	
trinity-seven	8	N				0	
trinity-seven	9	N				0	
trinity-seven	10	N				0	
trinity-seven	11	N				0	
trinity-seven	12	N				0	
trinity-seven	13	N				0	
trinity-seven	14	N				0	
tsugi-ha-anata-ga-yarareru-ban-death	3	N				0	
tsuihousareta-sareta-cheat-fuyo-majutsushi-wa-kimama-na-sekando-life-o-ouka-suru	11	N				0	
tsuyoshi	24	N				0	
u12-2018	1	N				0	
u12-2018	2	N				0	
u12-2018	3	N				0	
u12-2018	4	N				0	
u12-2018	5	N				0	
u12-2018	6	N				0	
uchi-no-3-shimai	10	N				0	
uchi-no-3-shimai	13	N				0	
uchi-no-kore-ga-kore-na-monde	1	N				0	
uchi-no-kore-ga-kore-na-monde	2	N				0	
uiui-days	5	N				0	
ultra-seven-1978	2	N				0	
ultra-seven-1978	4	N				0	
umanari-1-haron-theater	25	N				0	
umanari-1-haron-theater	26	N				0	
umimachi-diary	5	N				0	
ura-deka	4	N				0	
ura-deka	6	N				0	
ura-deka	7	N				0	
ura-deka	8	N				0	
valkyrie-profile	1	N				0	
valkyrie-profile	5	N				0	
valkyrie-profile	6	N				0	
valkyrie-profile-2000	1	N				0	
valkyrie-profile-2000	3	N				0	
valkyrie-profile-2000	5	N				0	
valkyrie-profile-2000	6	N				0	
valkyrie-profile-2001	1	N				0	
valkyrie-profile-2001	6	N				0	
valkyrie-profile-2001-2	1	N				0	
valkyrie-profile-2001-2	5	N				0	
vampire-naito-memories	10	N				0	
virgin-mama	10	N				0	
virgin-mama	11	N				0	
w-juliet-2	6	N				0	
w-juliet-2	7	N				0	
waibaan-no-kodomotachi	3	N				0	
waibaan-no-kodomotachi	4	N				0	
yama-kaimashita	1	N				0	
yamafuji-shouji-no-black-anguru	1	N				0	
yatara-yarashii-fukami-kun	1	N				0	
yattara	2	N				0	
yatteranneeze	2	N				0	
yatteranneeze	3	N				0	
yatteranneeze	5	N				0	
yozakura-quartet	33	N				0	
yume-ha-taafu-o-kakemeguru	1	N				0	
yume-ha-taafu-o-kakemeguru	2	N				0	
yume-ha-taafu-o-kakemeguru	3	N				0	
yume-ha-taafu-o-kakemeguru	5	N				0	
yume-ha-taafu-o-kakemeguru	7	N				0	
yuugiou-faibudiizu	1	N				0	
yuugiou-faibudiizu	2	N				0	
yuugiou-ofisharu-card-ocg-structures	9	N				0	
yuugiou-ofisharu-card-ocg-structures	10	N				0	
yuugiou-ooshiijii-stories	4	N				0	
yuugiou-zearu	6	N				0	
yuugiou-zearu	7	N				0	
yuujin-brand	1	N				0	
yuusha-densetsu-no-uragawa-de-ore-wa-eiyuu-densetsu-o-tsukurimasu	8	N				0	
yuuutsuna-asa	6	N				0	
yuuutsuna-asa	7	N				0	
zakoken-maruchou	4	N				0	
zeruda-no-densetsu-4-koma-manga-gekijou	1	N				0	
zeruda-no-densetsu-4-koma-manga-gekijou	3	N				0	
zettai-bl-ni-naru-sekai-vs-zettai-bl-ni-naritakunai-otoko	5	N				0	
zettai-reido	1	N				0	
